Crash Number,Date and Time of Crash,Police Shift,Crash Location,Light Conditions,Weather Conditions,Road Surface,Road Contributing Circumstances,Traffic Control Device Type,Roadway Intersection Type,Trafficway Description,Manner of Collision,First Harmful Event,First Harmful Event Location,Speed Limit,Work Zone,Count Fatal Injury ,Count Suspected Serious Injury,Count Suspected Minor Injury ,Count Possible Injury,Count No Apparent Injury,Count Unknown Injury,Count Not Reported Injury,Total Non-Motorists,Pedestrian Involvement (Non-Motorist),Cyclist Involvement (Non-Motorist),Other Non-Motorist Involvement,Hit and Run Flag,Latitude,Longitude,Ward,Block Code 
18072209,07/12/2018 22:27,First Half (4PM - Midnight),"165 MIDDLESEX AV Somerville, MA",DARK - LIGHTED ROADWAY,CLEAR,DRY,NONE,NO CONTROLS,NOT AT INTERSECTION,"TWO-WAY, DIVIDED, UNPROTECTED MEDIAN","SIDESWIPE, SAME DIRECTION",COLLISION WITH MOTOR VEHICLE IN TRAFFIC,ROADWAY,30,0,0,0,0,0,3,0,0,0,0,0,0,0,42.3947,-71.0828,1,2.50174E+14
21058643,07/11/2021 17:04,First Half (4PM - Midnight),"119 MIDDLESEX AV Somerville, MA",DUSK,CLEAR,DRY,NONE,NO CONTROLS,T-INTERSECTION,"TWO-WAY, NOT DIVIDED",HEAD ON,COLLISION WITH PEDESTRIAN,ROADWAY,5,0,0,0,1,0,3,0,0,1,1,0,0,0,42.3947,-71.0828,1,2.50174E+14
24016904,26/03/2024 19:18,First Half (4PM - Midnight),"177 MIDDLESEX AV Somerville, MA",DARK - LIGHTED ROADWAY,RAIN,WET,UNKNOWN,STOP SIGNS,T-INTERSECTION,UNKNOWN,"SIDESWIPE, OPPOSITE DIRECTION",COLLISION WITH MOTOR VEHICLE IN TRAFFIC,ROADWAY,25,0,0,0,0,0,2,0,0,0,0,0,0,0,42.3957,-71.083,1,2.50174E+14
22051513,11/09/2022 15:24,Day Shift (8AM - 4PM),"550 ASSEMBLY ROW Somerville, MA",DAYLIGHT,CLEAR,DRY,NONE,NO CONTROLS,NOT AT INTERSECTION,"TWO-WAY, DIVIDED, UNPROTECTED MEDIAN","SIDESWIPE, SAME DIRECTION",COLLISION WITH MOTOR VEHICLE IN TRAFFIC,ROADWAY,25,0,0,0,0,0,4,0,0,0,0,0,0,0,42.3946,-71.0797,1,2.50174E+14
21007152,08/02/2021 16:00,First Half (4PM - Midnight),"598 ASSEMBLY ROW Somerville, MA",DAYLIGHT,CLEAR,DRY,NONE,STOP SIGNS,FOUR WAY INTERSECTION,"TWO-WAY, NOT DIVIDED",SINGLE VEHICLE CRASH,COLLISION WITH PEDESTRIAN,ROADWAY,5,0,0,0,1,0,2,0,0,2,2,0,0,0,42.3946,-71.0797,1,2.50174E+14
19059986,18/10/2019 20:18,First Half (4PM - Midnight),"300 CANAL ST Somerville, MA",DARK - LIGHTED ROADWAY,CLEAR,DRY,OBSTRUCTION IN ROADWAY,STOP SIGNS,T-INTERSECTION,UNKNOWN,ANGLE,COLLISION WITH MOTOR VEHICLE IN TRAFFIC,ROADWAY,20,1,0,0,0,0,3,0,0,0,0,0,0,0,42.3943,-71.0802,1,2.50174E+14
19056637,02/10/2019 10:50,Day Shift (8AM - 4PM),"300 CANAL ST Somerville, MA",DAYLIGHT,CLOUDY,DRY,NONE,STOP SIGNS,FOUR WAY INTERSECTION,"TWO-WAY, NOT DIVIDED","SIDESWIPE, SAME DIRECTION",COLLISION WITH MOTOR VEHICLE IN TRAFFIC,ROADWAY,25,0,0,0,0,0,2,0,0,0,0,0,0,0,42.3943,-71.0802,1,2.50174E+14
19059491,16/10/2019 18:49,First Half (4PM - Midnight),"331 GREAT RIVER RD Somerville, MA",DARK - LIGHTED ROADWAY,CLOUDY,DRY,NONE,STOP SIGNS,TRAFFIC CIRCLE,"ONE-WAY, NOT DIVIDED",HEAD ON,COLLISION WITH MOTOR VEHICLE IN TRAFFIC,ROADWAY,25,0,0,0,0,0,4,0,0,0,0,0,0,0,42.3955,-71.08,1,2.50174E+14
23026758,15/05/2023 17:39,First Half (4PM - Midnight),"301 GREAT RIVER RD Somerville, MA",DAYLIGHT,CLEAR,DRY,NONE,YIELD SIGNS,TRAFFIC CIRCLE,"ONE-WAY, NOT DIVIDED",SINGLE VEHICLE CRASH,COLLISION WITH PEDALCYCLE,ROADWAY,20,0,0,0,1,0,2,0,0,1,0,1,0,0,42.3958,-71.0809,1,2.50174E+14
23001006,07/01/2023 00:28,Last Half (Midnight - 8AM),"301 GREAT RIVER RD Somerville, MA",DARK - LIGHTED ROADWAY,UNKNOWN,UNKNOWN,UNKNOWN,UNKNOWN,TRAFFIC CIRCLE,"TWO-WAY, DIVIDED, POSITIVE MEDIAN BARRIER",REAR-END,COLLISION WITH MOTOR VEHICLE IN TRAFFIC,ROADWAY,25,0,0,0,0,0,1,1,0,0,0,0,0,0,42.3958,-71.0809,1,2.50174E+14
19048839,26/08/2019 07:31,Last Half (Midnight - 8AM),"301 GREAT RIVER RD Somerville, MA",DAYLIGHT,CLEAR,DRY,NONE,NO CONTROLS,TRAFFIC CIRCLE,"TWO-WAY, NOT DIVIDED",ANGLE,COLLISION WITH MOTOR VEHICLE IN TRAFFIC,ROADWAY,20,0,0,0,0,0,2,0,0,0,0,0,0,0,42.3958,-71.0809,1,2.50174E+14
24017746,31/03/2024 01:33,Last Half (Midnight - 8AM),"698 ASSEMBLY ROW Somerville, MA",DARK - LIGHTED ROADWAY,CLEAR,DRY,NONE,WARNING SIGNS,NOT AT INTERSECTION,"ONE-WAY, NOT DIVIDED",HEAD ON,COLLISION WITH MOTOR VEHICLE IN TRAFFIC,ROADWAY,25,0,0,2,0,0,0,0,0,0,0,0,0,0,42.3955,-71.08,1,2.50174E+14
23021630,22/04/2023 00:29,Last Half (Midnight - 8AM),"355 ARTISAN WY Somerville, MA",DARK - LIGHTED ROADWAY,CLEAR,DRY,NONE,NO CONTROLS,NOT AT INTERSECTION,"TWO-WAY, DIVIDED, UNPROTECTED MEDIAN",ANGLE,COLLISION WITH MOTOR VEHICLE IN TRAFFIC,ROADWAY,5,0,0,0,0,0,4,0,0,0,0,0,0,0,42.3955,-71.08,1,2.50174E+14
21017678,08/04/2021 10:50,Day Shift (8AM - 4PM),"333 GREAT RIVER RD Somerville, MA",DAYLIGHT,CLEAR,DRY,NONE,NO CONTROLS,NOT AT INTERSECTION,"TWO-WAY, NOT DIVIDED","SIDESWIPE, OPPOSITE DIRECTION",COLLISION WITH PARKED MOTOR VEHICLE,ROADWAY,20,0,0,0,0,0,3,0,0,0,0,0,0,0,42.3955,-71.08,1,2.50174E+14
22032853,11/06/2022 17:26,First Half (4PM - Midnight),"301 GREAT RIVER RD Somerville, MA",DAYLIGHT,CLEAR,DRY,NONE,YIELD SIGNS,TRAFFIC CIRCLE,"TWO-WAY, DIVIDED, POSITIVE MEDIAN BARRIER",REAR-END,COLLISION WITH MOTOR VEHICLE IN TRAFFIC,ROADWAY,25,0,0,0,0,0,3,0,0,0,0,0,0,0,42.3958,-71.0809,1,2.50174E+14
19060083,19/10/2019 10:27,Day Shift (8AM - 4PM),"45 BROADWAY Somerville, MA",DAYLIGHT,CLEAR,DRY,NONE,NO CONTROLS,NOT AT INTERSECTION,"TWO-WAY, DIVIDED, POSITIVE MEDIAN BARRIER","SIDESWIPE, SAME DIRECTION",COLLISION WITH PARKED MOTOR VEHICLE,ROADWAY,25,0,0,0,0,0,3,0,0,0,0,0,0,0,42.3868,-71.0795,1,2.50174E+14
22064378,09/11/2022 16:23,First Half (4PM - Midnight),"10 MAINE AV Somerville, MA",DAYLIGHT,CLEAR,DRY,OBSTRUCTION IN ROADWAY,NO CONTROLS,NOT AT INTERSECTION,"ONE-WAY, NOT DIVIDED",SINGLE VEHICLE CRASH,COLLISION WITH OTHER MOVABLE OBJECT,ROADWAY,25,0,0,0,0,0,2,0,0,0,0,0,0,0,42.3889,-71.0816,1,2.50174E+14
18059404,05/10/2018 09:53,Day Shift (8AM - 4PM),"LOMBARDI ST & BROADWAY Somerville, MA",DAYLIGHT,CLEAR,DRY,NONE,TRAFFIC CONTROL SIGNAL,FOUR WAY INTERSECTION,"ONE-WAY, NOT DIVIDED","SIDESWIPE, SAME DIRECTION",COLLISION WITH MOTOR VEHICLE IN TRAFFIC,ROADWAY,25,0,0,0,0,0,3,0,0,0,0,0,0,0,42.3864,-71.0787,1,2.50174E+14
22050850,08/09/2022 18:49,First Half (4PM - Midnight),"45 BROADWAY Somerville, MA",DAYLIGHT,CLEAR,DRY,NONE,TRAFFIC CONTROL SIGNAL,NOT AT INTERSECTION,"TWO-WAY, DIVIDED, POSITIVE MEDIAN BARRIER",UNKNOWN,COLLISION WITH PEDALCYCLE,ROADWAY,25,0,0,0,1,0,2,0,0,1,0,1,0,0,42.3868,-71.0795,1,2.50174E+14
19071352,17/12/2019 12:22,Day Shift (8AM - 4PM),"MYSTIC AV & NA Somerville, MA",DAYLIGHT,CLOUDY,SLUSH,NONE,NO CONTROLS,NOT AT INTERSECTION,"TWO-WAY, DIVIDED, UNPROTECTED MEDIAN",ANGLE,COLLISION WITH MOTOR VEHICLE IN TRAFFIC,ROADWAY,25,0,0,0,0,0,2,0,0,0,0,0,0,0,42.3905,-71.0836,1,2.50174E+14
18075219,22/12/2018 19:16,First Half (4PM - Midnight),"45 BROADWAY Somerville, MA",DARK - LIGHTED ROADWAY,CLEAR,DRY,NONE,NO CONTROLS,NOT AT INTERSECTION,"ONE-WAY, NOT DIVIDED",REAR-END,COLLISION WITH PARKED MOTOR VEHICLE,ROADWAY,25,0,0,0,0,0,3,0,0,0,0,0,0,0,42.3868,-71.0795,1,2.50174E+14
20001293,09/01/2020 01:29,Last Half (Midnight - 8AM),"45 BROADWAY Somerville, MA",DARK - LIGHTED ROADWAY,CLEAR,DRY,NONE,NO CONTROLS,NOT AT INTERSECTION,"TWO-WAY, DIVIDED, POSITIVE MEDIAN BARRIER",SINGLE VEHICLE CRASH,COLLISION WITH PARKED MOTOR VEHICLE,ROADWAY,25,0,0,0,0,0,3,0,0,0,0,0,0,0,42.3868,-71.0795,1,2.50174E+14
21034140,05/07/2021 19:22,First Half (4PM - Midnight),"65 PENNSYLVANIA AV Somerville, MA",DAYLIGHT,CLEAR,DRY,NONE,NO CONTROLS,NOT AT INTERSECTION,"ONE-WAY, NOT DIVIDED","SIDESWIPE, SAME DIRECTION",COLLISION WITH PARKED MOTOR VEHICLE,ROADWAY,20,0,0,0,0,0,3,0,0,0,0,0,0,0,42.3889,-71.0821,1,2.50174E+14
21002140,14/01/2021 18:24,First Half (4PM - Midnight),"BROADWAY & LOMBARDI ST Somerville, MA",DARK - LIGHTED ROADWAY,RAIN,WET,NONE,TRAFFIC CONTROL SIGNAL,T-INTERSECTION,"TWO-WAY, NOT DIVIDED",ANGLE,COLLISION WITH PEDESTRIAN,ROADWAY,25,0,0,0,1,0,1,0,0,1,1,0,0,0,42.3864,-71.0787,1,2.50174E+14
19069016,05/12/2019 10:27,Day Shift (8AM - 4PM),"20 RHODE ISLAND AV Somerville, MA",DAYLIGHT,CLEAR,DRY,NONE,NO CONTROLS,NOT AT INTERSECTION,"ONE-WAY, NOT DIVIDED",SINGLE VEHICLE CRASH,COLLISION WITH LIGHT POLE OR OTHER POST/SUPPORT,OUTSIDE ROADWAY,25,0,0,0,0,1,0,0,0,0,0,0,0,0,42.39,-71.0832,1,2.50174E+14
21025030,19/05/2021 12:32,Day Shift (8AM - 4PM),"BROADWAY & LINCOLN ST Somerville, MA",DAYLIGHT,CLEAR,DRY,NONE,YIELD SIGNS,T-INTERSECTION,"TWO-WAY, DIVIDED, POSITIVE MEDIAN BARRIER",REAR-END,COLLISION WITH MOTOR VEHICLE IN TRAFFIC,ROADWAY,25,0,0,0,0,0,3,0,0,0,0,0,0,0,42.3868,-71.0808,1,2.50174E+14
19054363,21/09/2019 14:15,Day Shift (8AM - 4PM),"67 BROADWAY Somerville, MA",DAYLIGHT,CLEAR,DRY,NONE,NO CONTROLS,NOT AT INTERSECTION,"TWO-WAY, DIVIDED, UNPROTECTED MEDIAN",REAR-END,COLLISION WITH MOTOR VEHICLE IN TRAFFIC,ROADWAY,30,0,0,0,0,0,3,0,0,0,0,0,0,0,42.3872,-71.081,1,2.50174E+14
23001813,11/01/2023 17:10,First Half (4PM - Midnight),"67 BROADWAY Somerville, MA",DARK - LIGHTED ROADWAY,CLEAR,DRY,NONE,NO CONTROLS,NOT AT INTERSECTION,"TWO-WAY, DIVIDED, POSITIVE MEDIAN BARRIER",REAR-END,COLLISION WITH MOTOR VEHICLE IN TRAFFIC,ROADWAY,25,0,0,0,0,0,3,0,0,0,0,0,0,0,42.3872,-71.081,1,2.50174E+14
21063362,07/12/2021 16:41,First Half (4PM - Midnight),"BROADWAY & LINCOLN ST Somerville, MA",DARK - LIGHTED ROADWAY,CLEAR,DRY,NONE,NO CONTROLS,T-INTERSECTION,"TWO-WAY, DIVIDED, POSITIVE MEDIAN BARRIER","SIDESWIPE, SAME DIRECTION",COLLISION WITH MOTOR VEHICLE IN TRAFFIC,ROADWAY,25,0,0,0,0,0,3,0,0,0,0,0,0,0,42.3868,-71.0808,1,2.50174E+14
24004260,24/01/2024 13:16,Day Shift (8AM - 4PM),"BROADWAY & LINCOLN ST Somerville, MA",DAYLIGHT,CLOUDY,WET,NONE,NO CONTROLS,T-INTERSECTION,"TWO-WAY, DIVIDED, POSITIVE MEDIAN BARRIER",SINGLE VEHICLE CRASH,COLLISION WITH PEDESTRIAN,ROADWAY,25,0,0,0,0,1,2,0,0,1,1,0,0,0,42.3868,-71.0808,1,2.50174E+14
18032127,30/05/2018 10:15,Day Shift (8AM - 4PM),"BROADWAY & BROADWAY PL Somerville, MA",DAYLIGHT,CLEAR,DRY,UNKNOWN,TRAFFIC CONTROL SIGNAL,T-INTERSECTION,"TWO-WAY, DIVIDED, POSITIVE MEDIAN BARRIER",ANGLE,COLLISION WITH MOTOR VEHICLE IN TRAFFIC,ROADWAY,30,0,0,0,0,0,1,1,0,0,0,0,0,0,42.3869,-71.0813,1,2.50174E+14
22036871,02/07/2022 12:22,Day Shift (8AM - 4PM),"BROADWAY & PENNSYLVANIA AV Somerville, MA",DAYLIGHT,CLOUDY,DRY,NONE,NO CONTROLS,T-INTERSECTION,"TWO-WAY, DIVIDED, POSITIVE MEDIAN BARRIER",REAR-END,COLLISION WITH MOTOR VEHICLE IN TRAFFIC,ROADWAY,25,0,0,0,0,0,4,0,0,0,0,0,0,0,42.387,-71.0814,1,2.50174E+14
20031391,23/06/2020 11:06,Day Shift (8AM - 4PM),"LINCOLN ST & BROADWAY Somerville, MA",DAYLIGHT,CLEAR,DRY,UNKNOWN,NO CONTROLS,T-INTERSECTION,"TWO-WAY, DIVIDED, POSITIVE MEDIAN BARRIER","SIDESWIPE, SAME DIRECTION",COLLISION WITH PEDALCYCLE,ROADWAY,25,0,0,0,1,0,3,0,0,1,0,1,0,0,42.3868,-71.0808,1,2.50174E+14
23014726,21/03/2023 14:12,Day Shift (8AM - 4PM),"67 BROADWAY Somerville, MA",DAYLIGHT,CLEAR,DRY,NONE,NO CONTROLS,T-INTERSECTION,"TWO-WAY, DIVIDED, POSITIVE MEDIAN BARRIER",ANGLE,COLLISION WITH MOTOR VEHICLE IN TRAFFIC,ROADWAY,25,0,0,0,0,2,1,0,0,0,0,0,0,0,42.3872,-71.081,1,2.50174E+14
19055349,26/09/2019 04:11,Last Half (Midnight - 8AM),"39 ILLINOIS AV Somerville, MA",DARK - LIGHTED ROADWAY,CLEAR,DRY,NONE,NO CONTROLS,NOT AT INTERSECTION,"ONE-WAY, NOT DIVIDED","SIDESWIPE, SAME DIRECTION",COLLISION WITH PARKED MOTOR VEHICLE,ROADWAY,25,0,0,0,0,0,2,0,0,0,0,0,0,0,42.3885,-71.0822,1,2.50174E+14
18029750,19/05/2018 14:29,Day Shift (8AM - 4PM),"99 BROADWAY Somerville, MA",DAYLIGHT,RAIN,WET,NONE,TRAFFIC CONTROL SIGNAL,T-INTERSECTION,"TWO-WAY, DIVIDED, POSITIVE MEDIAN BARRIER",REAR-END,COLLISION WITH PARKED MOTOR VEHICLE,ROADWAY,20,0,0,0,0,0,1,0,0,0,0,0,0,0,42.3876,-71.0828,1,2.50174E+14
22007398,13/02/2022 21:11,First Half (4PM - Midnight),"PENNSYLVANIA AV & VERMONT AV Somerville, MA",DARK - LIGHTED ROADWAY,SNOW,WET,UNKNOWN,NO CONTROLS,T-INTERSECTION,"ONE-WAY, NOT DIVIDED","SIDESWIPE, SAME DIRECTION",COLLISION WITH PARKED MOTOR VEHICLE,ROADWAY,25,1,0,0,0,0,3,0,0,0,0,0,0,0,42.3891,-71.0829,1,2.50174E+14
21033716,03/07/2021 08:38,Day Shift (8AM - 4PM),"137 BROADWAY Somerville, MA",DAYLIGHT,RAIN,WET,TRAFFIC CONGESTION RELATED,NO CONTROLS,NOT AT INTERSECTION,"TWO-WAY, DIVIDED, POSITIVE MEDIAN BARRIER",REAR-END,COLLISION WITH MOTOR VEHICLE IN TRAFFIC,ROADWAY,25,0,0,0,0,0,3,0,0,0,0,0,0,0,42.3882,-71.0843,1,2.50174E+14
23009370,20/02/2023 10:43,Day Shift (8AM - 4PM),"139 BROADWAY Somerville, MA",DAYLIGHT,CLEAR,DRY,NONE,NO CONTROLS,NOT AT INTERSECTION,"TWO-WAY, DIVIDED, UNPROTECTED MEDIAN","SIDESWIPE, SAME DIRECTION",COLLISION WITH MOTOR VEHICLE IN TRAFFIC,ROADWAY,25,0,0,0,0,0,3,0,0,0,0,0,0,0,42.3882,-71.0843,1,2.50174E+14
22072186,23/12/2022 23:59,First Half (4PM - Midnight),"BROADWAY & GLEN ST Somerville, MA",DARK - LIGHTED ROADWAY,CLEAR,DRY,NONE,NO CONTROLS,FOUR WAY INTERSECTION,UNKNOWN,ANGLE,COLLISION WITH MOTOR VEHICLE IN TRAFFIC,ROADWAY,25,0,0,0,0,0,2,0,0,0,0,0,0,0,42.3878,-71.0842,1,2.50174E+14
23070623,08/12/2023 14:15,Day Shift (8AM - 4PM),"115 BROADWAY Somerville, MA",DAYLIGHT,CLEAR,DRY,NONE,NO CONTROLS,NOT AT INTERSECTION,"TWO-WAY, DIVIDED, POSITIVE MEDIAN BARRIER","SIDESWIPE, SAME DIRECTION",COLLISION WITH PARKED MOTOR VEHICLE,ROADWAY,25,0,0,0,0,0,3,0,0,0,0,0,0,0,42.3879,-71.0836,1,2.50174E+14
24001556,09/01/2024 18:11,First Half (4PM - Midnight),"BROADWAY & MICHIGAN AV Somerville, MA",DARK - LIGHTED ROADWAY,RAIN,WET,ROAD SURFACE CONDITION,PEDESTRIAN CROSSING SIGNAL/BEACON,FOUR WAY INTERSECTION,"TWO-WAY, NOT DIVIDED",ANGLE,COLLISION WITH PEDALCYCLE,ROADWAY,25,0,0,0,0,0,4,0,0,1,0,1,0,0,42.3878,-71.0841,1,2.50174E+14
22006667,10/02/2022 08:24,Day Shift (8AM - 4PM),"6 ILLINOIS AV Somerville, MA",DAYLIGHT,CLOUDY,DRY,NONE,NO CONTROLS,NOT AT INTERSECTION,"ONE-WAY, NOT DIVIDED","SIDESWIPE, SAME DIRECTION",COLLISION WITH PARKED MOTOR VEHICLE,ROADWAY,25,0,0,0,0,0,3,0,0,0,0,0,0,0,42.388,-71.0833,1,2.50174E+14
20016990,29/03/2020 17:26,First Half (4PM - Midnight),"BROADWAY & ILLINOIS AV Somerville, MA",DAYLIGHT,RAIN,WET,NONE,STOP SIGNS,T-INTERSECTION,"ONE-WAY, NOT DIVIDED","SIDESWIPE, SAME DIRECTION",COLLISION WITH PARKED MOTOR VEHICLE,ROADWAY,25,0,0,0,0,0,3,0,0,0,0,0,0,0,42.3875,-71.0834,1,2.50174E+14
20031946,26/06/2020 14:48,Day Shift (8AM - 4PM),"BROADWAY & MICHIGAN AV Somerville, MA",DAYLIGHT,CLEAR,DRY,OBSTRUCTION IN ROADWAY,NO CONTROLS,T-INTERSECTION,"ONE-WAY, NOT DIVIDED","SIDESWIPE, SAME DIRECTION",COLLISION WITH PARKED MOTOR VEHICLE,SHOULDER - PAVED,25,0,0,0,0,0,2,0,0,0,0,0,0,0,42.3878,-71.0841,1,2.50174E+14
23050379,03/09/2023 10:06,Day Shift (8AM - 4PM),"779 MCGRATH HWY Somerville, MA",DAYLIGHT,CLEAR,DRY,NONE,NO CONTROLS,T-INTERSECTION,"TWO-WAY, NOT DIVIDED",HEAD ON,COLLISION WITH PEDALCYCLE,ROADWAY,15,0,0,0,0,1,2,0,0,1,0,1,0,0,42.3916,-71.0857,1,2.50174E+14
20034254,11/07/2020 12:22,Day Shift (8AM - 4PM),"779 MCGRATH HWY Somerville, MA",DAYLIGHT,CLEAR,DRY,NONE,NO CONTROLS,NOT AT INTERSECTION,"TWO-WAY, NOT DIVIDED",UNKNOWN,COLLISION WITH PEDESTRIAN,UNKNOWN,10,0,0,0,0,1,1,0,0,1,1,0,0,0,42.3916,-71.0857,1,2.50174E+14
20055318,14/11/2020 14:02,Day Shift (8AM - 4PM),"779 MCGRATH HWY Somerville, MA",DAYLIGHT,CLEAR,DRY,NONE,TRAFFIC CONTROL SIGNAL,NOT AT INTERSECTION,"TWO-WAY, DIVIDED, UNPROTECTED MEDIAN","SIDESWIPE, SAME DIRECTION",COLLISION WITH MOTOR VEHICLE IN TRAFFIC,ROADWAY,30,0,0,0,0,0,5,0,0,0,0,0,0,0,42.3916,-71.0857,1,2.50174E+14
21000900,07/01/2021 15:06,Day Shift (8AM - 4PM),"779 MCGRATH HWY Somerville, MA",DAYLIGHT,CLEAR,DRY,WORK ZONE,NO CONTROLS,NOT AT INTERSECTION,"TWO-WAY, NOT DIVIDED",ANGLE,COLLISION WITH WORK ZONE MAINTENANCE EQUIPMENT,OUTSIDE ROADWAY,25,1,0,0,0,0,4,0,0,0,0,0,0,0,42.3916,-71.0857,1,2.50174E+14
20018967,10/04/2020 15:48,Day Shift (8AM - 4PM),"779 MCGRATH HWY Somerville, MA",DAYLIGHT,CLOUDY,WET,NONE,NO CONTROLS,NOT AT INTERSECTION,"TWO-WAY, NOT DIVIDED",ANGLE,COLLISION WITH MOTOR VEHICLE IN TRAFFIC,ROADWAY,10,0,0,0,0,0,3,0,0,0,0,0,0,0,42.3916,-71.0857,1,2.50174E+14
22019575,12/04/2022 14:51,Day Shift (8AM - 4PM),"179 BROADWAY Somerville, MA",DAYLIGHT,CLEAR,DRY,NONE,TRAFFIC CONTROL SIGNAL,FOUR WAY INTERSECTION,"TWO-WAY, DIVIDED, UNPROTECTED MEDIAN","SIDESWIPE, SAME DIRECTION",COLLISION WITH PARKED MOTOR VEHICLE,ROADSIDE,25,0,0,0,0,0,3,0,0,0,0,0,0,0,42.3891,-71.0863,1,2.50174E+14
24002624,15/01/2024 15:15,Day Shift (8AM - 4PM),"8 CROSS STREET E Somerville, MA",DAYLIGHT,CLEAR,DRY,NONE,NO CONTROLS,NOT AT INTERSECTION,"TWO-WAY, NOT DIVIDED","SIDESWIPE, SAME DIRECTION",COLLISION WITH PARKED MOTOR VEHICLE,ROADWAY,20,0,0,0,0,0,1,0,0,0,0,0,0,0,42.3891,-71.0858,1,2.50174E+14
18073278,13/12/2018 10:51,Day Shift (8AM - 4PM),"193 BROADWAY Somerville, MA",DAYLIGHT,CLEAR,DRY,NONE,NO CONTROLS,NOT AT INTERSECTION,"TWO-WAY, DIVIDED, UNPROTECTED MEDIAN",HEAD ON,COLLISION WITH CURB,ROADWAY,30,0,0,0,0,0,2,0,0,0,0,0,0,0,42.3896,-71.087,1,2.50174E+14
21020393,24/04/2021 21:16,First Half (4PM - Midnight),"187 BROADWAY Somerville, MA",DARK - LIGHTED ROADWAY,CLEAR,DRY,NONE,NO CONTROLS,NOT AT INTERSECTION,"TWO-WAY, DIVIDED, POSITIVE MEDIAN BARRIER",SINGLE VEHICLE CRASH,COLLISION WITH LIGHT POLE OR OTHER POST/SUPPORT,MEDIAN,25,0,0,0,0,0,1,0,0,0,0,0,0,0,42.3894,-71.0868,1,2.50174E+14
18062755,22/10/2018 17:23,First Half (4PM - Midnight),"16 GARFIELD AV Somerville, MA",DUSK,CLEAR,DRY,NONE,NO CONTROLS,NOT AT INTERSECTION,"TWO-WAY, NOT DIVIDED",HEAD ON,COLLISION WITH MOTOR VEHICLE IN TRAFFIC,ROADWAY,25,0,0,0,0,1,2,0,0,0,0,0,0,0,42.3899,-71.0862,1,2.50174E+14
24017363,29/03/2024 02:01,Last Half (Midnight - 8AM),"12 GARFIELD AV Somerville, MA",DARK - LIGHTED ROADWAY,RAIN,WET,UNKNOWN,NO CONTROLS,NOT AT INTERSECTION,"TWO-WAY, NOT DIVIDED","SIDESWIPE, SAME DIRECTION",COLLISION WITH PARKED MOTOR VEHICLE,ROADWAY,25,0,0,0,1,0,1,0,0,0,0,0,0,0,42.3896,-71.0862,1,2.50174E+14
20049540,13/10/2020 11:27,Day Shift (8AM - 4PM),"709 MCGRATH HWY Somerville, MA",DAYLIGHT,RAIN,WET,NONE,NO CONTROLS,NOT AT INTERSECTION,"TWO-WAY, NOT DIVIDED","SIDESWIPE, SAME DIRECTION",OTHER,OUTSIDE ROADWAY,5,0,0,0,0,0,2,0,0,0,0,0,0,0,42.3906,-71.0867,1,2.50174E+14
22057509,07/10/2022 20:41,First Half (4PM - Midnight),"709 MCGRATH HWY Somerville, MA",DARK - LIGHTED ROADWAY,CLEAR,DRY,NONE,TRAFFIC CONTROL SIGNAL,T-INTERSECTION,"TWO-WAY, DIVIDED, POSITIVE MEDIAN BARRIER",REAR-END,COLLISION WITH MOTOR VEHICLE IN TRAFFIC,ROADWAY,25,0,0,0,0,0,3,0,0,0,0,0,0,0,42.3906,-71.0867,1,2.50174E+14
21017303,06/04/2021 14:16,Day Shift (8AM - 4PM),"197 BROADWAY Somerville, MA",DAYLIGHT,CLEAR,DRY,NONE,NO CONTROLS,NOT AT INTERSECTION,"TWO-WAY, DIVIDED, UNPROTECTED MEDIAN",REAR-END,COLLISION WITH MOTOR VEHICLE IN TRAFFIC,ROADWAY,25,0,0,0,0,0,4,0,0,0,0,0,0,0,42.3897,-71.0873,1,2.50174E+14
20001342,09/01/2020 11:08,Day Shift (8AM - 4PM),"709 MCGRATH HWY Somerville, MA",DAYLIGHT,CLEAR,DRY,NONE,TRAFFIC CONTROL SIGNAL,T-INTERSECTION,"TWO-WAY, NOT DIVIDED",ANGLE,COLLISION WITH MOTOR VEHICLE IN TRAFFIC,ROADWAY,35,0,0,0,0,0,2,0,0,0,0,0,0,0,42.3906,-71.0867,1,2.50174E+14
20010805,26/02/2020 00:59,Last Half (Midnight - 8AM),"205 BROADWAY Somerville, MA",DARK - LIGHTED ROADWAY,RAIN,WET,NONE,TRAFFIC CONTROL SIGNAL,FOUR WAY INTERSECTION,"TWO-WAY, DIVIDED, UNPROTECTED MEDIAN",ANGLE,COLLISION WITH MOTOR VEHICLE IN TRAFFIC,ROADWAY,35,0,0,0,0,1,2,0,0,0,0,0,0,0,42.3899,-71.0876,1,2.50174E+14