Crash Number,Date and Time of Crash,Police Shift,Crash Location,Light Conditions,Weather Conditions,Road Surface,Road Contributing Circumstances,Traffic Control Device Type,Roadway Intersection Type,Trafficway Description,Manner of Collision,First Harmful Event,First Harmful Event Location,Speed Limit,Work Zone,Count Fatal Injury ,Count Suspected Serious Injury,Count Suspected Minor Injury ,Count Possible Injury,Count No Apparent Injury,Count Unknown Injury,Count Not Reported Injury,Total Non-Motorists,Pedestrian Involvement (Non-Motorist),Cyclist Involvement (Non-Motorist),Other Non-Motorist Involvement,Hit and Run Flag,Latitude,Longitude,Ward,Block Code 
24007589,10/02/2024 01:00,Last Half (Midnight - 8AM),"0 MCGRATH HIGHWAY Somerville, MA",DARK - ROADWAY NOT LIGHTED,RAIN,WET,UNKNOWN,NO CONTROLS,NOT AT INTERSECTION,UNKNOWN,SINGLE VEHICLE CRASH,COLLISION WITH GUARDRAIL,ROADWAY,30,0,0,0,1,0,0,0,0,0,0,0,0,0,42.39,-71.0878,1,2.50174E+14
19016062,23/03/2019 18:51,First Half (4PM - Midnight),"BROADWAY & GARFIELD AV Somerville, MA",DUSK,CLEAR,DRY,NONE,TRAFFIC CONTROL SIGNAL,FOUR WAY INTERSECTION,"TWO-WAY, DIVIDED, UNPROTECTED MEDIAN",ANGLE,COLLISION WITH UNKNOWN FIXED OBJECT,ROADWAY,30,0,0,0,0,0,4,0,0,0,0,0,0,0,42.389,-71.0868,1,2.50174E+14
19062381,31/10/2019 07:31,Last Half (Midnight - 8AM),"BROADWAY & AUTUMN ST Somerville, MA",DAYLIGHT,RAIN,WET,NONE,NO CONTROLS,T-INTERSECTION,"TWO-WAY, DIVIDED, POSITIVE MEDIAN BARRIER",REAR-END,COLLISION WITH PARKED MOTOR VEHICLE,ROADWAY,25,0,0,0,0,0,3,0,0,0,0,0,0,0,42.3891,-71.0869,1,2.50174E+14
22068412,03/12/2022 11:38,Day Shift (8AM - 4PM),"BROADWAY & GARFIELD Somerville, MA",DAYLIGHT,RAIN,WET,NONE,TRAFFIC CONTROL SIGNAL,T-INTERSECTION,"TWO-WAY, DIVIDED, POSITIVE MEDIAN BARRIER",ANGLE,COLLISION WITH MOTOR VEHICLE IN TRAFFIC,ROADWAY,25,0,0,0,0,1,3,0,0,0,0,0,0,0,42.389,-71.0868,1,2.50174E+14
21012885,12/03/2021 19:46,First Half (4PM - Midnight),"BROADWAY & CROSS ST Somerville, MA",DARK - LIGHTED ROADWAY,CLEAR,DRY,NONE,TRAFFIC CONTROL SIGNAL,FOUR WAY INTERSECTION,"TWO-WAY, DIVIDED, POSITIVE MEDIAN BARRIER",REAR-END,COLLISION WITH MOTOR VEHICLE IN TRAFFIC,ROADWAY,30,0,0,0,0,1,2,0,0,0,0,0,0,0,42.3886,-71.086,1,2.50174E+14
22020675,17/04/2022 18:16,First Half (4PM - Midnight),"BROADWAY & GARFIELD AV Somerville, MA",DAYLIGHT,CLEAR,DRY,NONE,TRAFFIC CONTROL SIGNAL,T-INTERSECTION,"TWO-WAY, DIVIDED, POSITIVE MEDIAN BARRIER",ANGLE,COLLISION WITH MOTOR VEHICLE IN TRAFFIC,OUTSIDE ROADWAY,25,0,0,0,0,0,4,0,0,0,0,0,0,0,42.389,-71.0868,1,2.50174E+14
20048922,10/10/2020 00:27,Last Half (Midnight - 8AM),"BROADWAY & GARFIELD AV Somerville, MA",DARK - LIGHTED ROADWAY,CLEAR,DRY,NONE,TRAFFIC CONTROL SIGNAL,FOUR WAY INTERSECTION,"TWO-WAY, DIVIDED, POSITIVE MEDIAN BARRIER",HEAD ON,COLLISION WITH MOTOR VEHICLE IN TRAFFIC,ROADWAY,25,0,0,0,0,0,3,0,0,0,0,0,0,0,42.389,-71.0868,1,2.50174E+14
18030205,21/05/2018 21:13,First Half (4PM - Midnight),"BROADWAY & CROSS ST Somerville, MA",DUSK,CLEAR,DRY,NONE,TRAFFIC CONTROL SIGNAL,T-INTERSECTION,"TWO-WAY, DIVIDED, UNPROTECTED MEDIAN",ANGLE,COLLISION WITH MOTOR VEHICLE IN TRAFFIC,ROADWAY,20,0,0,0,0,1,2,0,0,0,0,0,0,1,42.3886,-71.086,1,2.50174E+14
19041481,21/07/2019 19:17,First Half (4PM - Midnight),"BROADWAY & GARFIELD AV Somerville, MA",DAYLIGHT,CLEAR,DRY,NONE,TRAFFIC CONTROL SIGNAL,T-INTERSECTION,"ONE-WAY, NOT DIVIDED",REAR-END,COLLISION WITH PARKED MOTOR VEHICLE,ROADSIDE,25,0,0,0,0,1,1,0,0,1,0,1,0,0,42.389,-71.0868,1,2.50174E+14
23045002,09/08/2023 11:37,Day Shift (8AM - 4PM),"BROADWAY & CROSS STREET E Somerville, MA",DAYLIGHT,CLEAR,DRY,NONE,TRAFFIC CONTROL SIGNAL,FOUR WAY INTERSECTION,"TWO-WAY, DIVIDED, POSITIVE MEDIAN BARRIER",ANGLE,COLLISION WITH MOTOR VEHICLE IN TRAFFIC,ROADWAY,25,0,0,0,0,0,3,0,0,0,0,0,0,0,42.3886,-71.086,1,2.50174E+14
22038608,11/07/2022 17:44,First Half (4PM - Midnight),"BROADWAY & GARFIELD AV Somerville, MA",DAYLIGHT,CLEAR,DRY,UNKNOWN,TRAFFIC CONTROL SIGNAL,T-INTERSECTION,"TWO-WAY, DIVIDED, UNPROTECTED MEDIAN",ANGLE,COLLISION WITH MOTOR VEHICLE IN TRAFFIC,ROADWAY,25,0,0,0,2,0,3,0,0,0,0,0,0,0,42.389,-71.0868,1,2.50174E+14
23049696,31/08/2023 09:02,Day Shift (8AM - 4PM),"1 MINNESOTA AV Somerville, MA",DAYLIGHT,CLEAR,DRY,NONE,NO CONTROLS,T-INTERSECTION,"TWO-WAY, NOT DIVIDED",SINGLE VEHICLE CRASH,COLLISION WITH LIGHT POLE OR OTHER POST/SUPPORT,OUTSIDE ROADWAY,25,1,0,0,0,0,2,0,0,0,0,0,0,0,42.3886,-71.085,1,2.50174E+14
22065137,13/11/2022 18:07,First Half (4PM - Midnight),"BROADWAY & MT VERNON ST Somerville, MA",DARK - LIGHTED ROADWAY,CLEAR,DRY,NONE,TRAFFIC CONTROL SIGNAL,FOUR WAY INTERSECTION,"TWO-WAY, DIVIDED, POSITIVE MEDIAN BARRIER",REAR-END,COLLISION WITH MOTOR VEHICLE IN TRAFFIC,ROADWAY,25,0,0,0,0,0,2,0,0,0,0,0,0,0,42.3862,-71.0788,1,2.50174E+14
21061787,27/11/2021 18:52,First Half (4PM - Midnight),"91 BROADWAY Somerville, MA",DARK - LIGHTED ROADWAY,CLEAR,DRY,NONE,TRAFFIC CONTROL SIGNAL,T-INTERSECTION,"TWO-WAY, DIVIDED, POSITIVE MEDIAN BARRIER",REAR-END,COLLISION WITH MOTOR VEHICLE IN TRAFFIC,ROADWAY,25,0,0,0,0,0,3,0,0,0,0,0,0,0,42.3875,-71.0823,1,2.50174E+14
20004349,24/01/2020 20:50,First Half (4PM - Midnight),"81 BROADWAY Somerville, MA",DARK - LIGHTED ROADWAY,CLEAR,DRY,NONE,TRAFFIC CONTROL SIGNAL,NOT AT INTERSECTION,"TWO-WAY, DIVIDED, UNPROTECTED MEDIAN",REAR-END,COLLISION WITH MOTOR VEHICLE IN TRAFFIC,ROADWAY,25,0,0,0,1,0,2,0,0,0,0,0,0,0,42.3874,-71.0819,1,2.50174E+14
22047190,23/08/2022 10:29,Day Shift (8AM - 4PM),"MORELAND ST & MYSTIC AV Somerville, MA",DAYLIGHT,CLOUDY,DRY,NONE,STOP SIGNS,T-INTERSECTION,"ONE-WAY, NOT DIVIDED","SIDESWIPE, SAME DIRECTION",COLLISION WITH PARKED MOTOR VEHICLE,ROADSIDE,25,0,0,0,0,0,3,0,0,0,0,0,0,0,42.3999,-71.0953,4,2.50174E+14
22063075,03/11/2022 10:52,Day Shift (8AM - 4PM),"125 JAQUES ST Somerville, MA",DAYLIGHT,CLEAR,DRY,NONE,NO CONTROLS,NOT AT INTERSECTION,"ONE-WAY, NOT DIVIDED",REAR TO REAR,COLLISION WITH PARKED MOTOR VEHICLE,OUTSIDE ROADWAY,20,0,0,0,0,1,3,0,0,0,0,0,0,0,42.3962,-71.0949,4,2.50174E+14
23014155,19/03/2023 05:12,Last Half (Midnight - 8AM),"62 TEMPLE ST Somerville, MA",DARK - LIGHTED ROADWAY,CLEAR,DRY,NONE,NO CONTROLS,NOT AT INTERSECTION,"TWO-WAY, NOT DIVIDED",HEAD ON,COLLISION WITH PARKED MOTOR VEHICLE,ROADWAY,20,0,0,0,1,0,1,0,0,0,0,0,0,0,42.3948,-71.092,4,2.50174E+14
22034238,18/06/2022 08:27,Day Shift (8AM - 4PM),"125 JAQUES ST Somerville, MA",DAYLIGHT,CLEAR,DRY,NONE,NO CONTROLS,NOT AT INTERSECTION,"ONE-WAY, NOT DIVIDED","SIDESWIPE, SAME DIRECTION",UNKNOWN,UNKNOWN,25,0,0,0,0,0,3,0,0,0,0,0,0,1,42.3962,-71.0949,4,2.50174E+14
20011014,26/02/2020 18:39,First Half (4PM - Midnight),"103 JAQUES ST Somerville, MA",DARK - LIGHTED ROADWAY,CLOUDY,DRY,NONE,NO CONTROLS,NOT AT INTERSECTION,"ONE-WAY, NOT DIVIDED","SIDESWIPE, SAME DIRECTION",COLLISION WITH PARKED MOTOR VEHICLE,ROADWAY,20,0,0,0,0,0,3,0,0,0,0,0,0,0,42.3956,-71.094,4,2.50174E+14
22014623,20/03/2022 00:24,Last Half (Midnight - 8AM),"TEMPLE ST & DERBY ST Somerville, MA",DARK - LIGHTED ROADWAY,CLEAR,WET,NONE,NO CONTROLS,T-INTERSECTION,"TWO-WAY, DIVIDED, UNPROTECTED MEDIAN",SINGLE VEHICLE CRASH,COLLISION WITH PARKED MOTOR VEHICLE,ROADWAY,25,0,0,0,0,0,4,0,0,0,0,0,0,0,42.395,-71.0915,4,2.50174E+14
19053103,15/09/2019 15:14,Day Shift (8AM - 4PM),"10 MEMORIAL RD Somerville, MA",DAYLIGHT,CLEAR,DRY,NONE,NO CONTROLS,NOT AT INTERSECTION,"TWO-WAY, NOT DIVIDED",SINGLE VEHICLE CRASH,COLLISION WITH PEDALCYCLE,ROADWAY,15,0,0,0,0,0,1,1,0,1,0,1,0,0,42.3956,-71.0919,4,2.50174E+14
19011260,01/03/2019 11:21,Day Shift (8AM - 4PM),"30 MEMORIAL RD Somerville, MA",DAYLIGHT,CLEAR,WET,NONE,NO CONTROLS,NOT AT INTERSECTION,"ONE-WAY, NOT DIVIDED",REAR TO REAR,COLLISION WITH MOTOR VEHICLE IN TRAFFIC,ROADWAY,15,0,0,0,0,2,1,0,0,0,0,0,0,0,42.396,-71.0925,4,2.50174E+14
22034435,19/06/2022 11:13,Day Shift (8AM - 4PM),"TEMPLE ST & NA Somerville, MA",DAYLIGHT,CLEAR,DRY,NONE,NO CONTROLS,NOT AT INTERSECTION,"TWO-WAY, DIVIDED, UNPROTECTED MEDIAN","SIDESWIPE, SAME DIRECTION",COLLISION WITH MOTOR VEHICLE IN TRAFFIC,ROADWAY,20,0,0,0,0,0,9,0,0,0,0,0,0,0,42.3946,-71.0918,4,2.50174E+14
19057567,07/10/2019 04:18,Last Half (Midnight - 8AM),"20 RIVER RD Somerville, MA",DARK - LIGHTED ROADWAY,CLEAR,DRY,UNKNOWN,NO CONTROLS,NOT AT INTERSECTION,"TWO-WAY, NOT DIVIDED",HEAD ON,COLLISION WITH PARKED MOTOR VEHICLE,ROADWAY,20,0,0,0,0,0,4,0,0,0,0,0,0,0,42.3976,-71.0926,4,2.50174E+14
23019183,11/04/2023 04:30,Last Half (Midnight - 8AM),"E ALBION ST & MORELAND ST Somerville, MA",DARK - LIGHTED ROADWAY,CLEAR,DRY,NONE,NO CONTROLS,FOUR WAY INTERSECTION,"ONE-WAY, NOT DIVIDED","SIDESWIPE, SAME DIRECTION",COLLISION WITH PARKED MOTOR VEHICLE,ROADWAY,20,0,0,0,0,0,3,0,0,0,0,0,0,0,42.3992,-71.0958,4,2.50174E+14
22069375,08/12/2022 19:35,First Half (4PM - Midnight),"DERBY ST & TEMPLE ST Somerville, MA",DARK - LIGHTED ROADWAY,CLEAR,DRY,NONE,NO CONTROLS,T-INTERSECTION,"TWO-WAY, DIVIDED, UNPROTECTED MEDIAN",REAR-END,COLLISION WITH MOTOR VEHICLE IN TRAFFIC,ROADWAY,25,0,0,0,0,1,3,0,0,0,0,0,0,0,42.395,-71.0915,4,2.50174E+14
19071341,17/12/2019 10:51,Day Shift (8AM - 4PM),"CENTURY ST & MEACHAM ST Somerville, MA",DAYLIGHT,CLOUDY,SNOW,NONE,NO CONTROLS,T-INTERSECTION,"TWO-WAY, NOT DIVIDED","SIDESWIPE, OPPOSITE DIRECTION",COLLISION WITH PARKED MOTOR VEHICLE,ROADWAY,20,0,0,0,0,0,3,0,0,0,0,0,0,0,42.3976,-71.0964,4,2.50174E+14
19050599,03/09/2019 01:18,Last Half (Midnight - 8AM),"71 MORELAND ST Somerville, MA",DARK - LIGHTED ROADWAY,RAIN,WET,NONE,NO CONTROLS,NOT AT INTERSECTION,"ONE-WAY, NOT DIVIDED","SIDESWIPE, SAME DIRECTION",COLLISION WITH MOTOR VEHICLE IN TRAFFIC,ROADSIDE,25,0,0,0,0,0,4,0,0,0,0,0,0,0,42.3983,-71.0964,4,2.50174E+14
19032871,12/06/2019 08:06,Day Shift (8AM - 4PM),"CENTURY ST & MEACHAM ST Somerville, MA",DAYLIGHT,CLEAR,DRY,NONE,STOP SIGNS,FOUR WAY INTERSECTION,"TWO-WAY, NOT DIVIDED",ANGLE,COLLISION WITH MOTOR VEHICLE IN TRAFFIC,ROADWAY,25,0,0,0,0,0,2,0,0,0,0,0,0,0,42.3976,-71.0964,4,2.50174E+14
22024819,06/05/2022 14:02,Day Shift (8AM - 4PM),"ASH AVENUE & MEACHAM STREET Somerville, MA",DAYLIGHT,CLEAR,DRY,NONE,STOP SIGNS,T-INTERSECTION,"TWO-WAY, NOT DIVIDED","SIDESWIPE, OPPOSITE DIRECTION",COLLISION WITH MOTOR VEHICLE IN TRAFFIC,ROADWAY,20,0,0,0,1,0,1,1,0,0,0,0,0,1,42.3976,-71.0964,4,2.50174E+14
22053942,22/09/2022 09:08,Day Shift (8AM - 4PM),"65 FREMONT ST Somerville, MA",DAYLIGHT,RAIN,WET,NONE,NO CONTROLS,NOT AT INTERSECTION,"TWO-WAY, NOT DIVIDED",ANGLE,COLLISION WITH MOTOR VEHICLE IN TRAFFIC,ROADWAY,25,0,0,0,0,0,4,0,0,0,0,0,0,0,42.3986,-71.0974,4,2.50174E+14
22026755,14/05/2022 21:01,First Half (4PM - Midnight),"76 MORELAND ST Somerville, MA",DARK - LIGHTED ROADWAY,CLEAR,DRY,NONE,NO CONTROLS,NOT AT INTERSECTION,"ONE-WAY, NOT DIVIDED",REAR-END,COLLISION WITH PARKED MOTOR VEHICLE,UNKNOWN,25,0,0,0,1,0,3,0,0,0,0,0,0,0,42.3986,-71.0967,4,2.50174E+14
20043315,08/09/2020 18:44,First Half (4PM - Midnight),"FREMONT ST & MEACHAM ST Somerville, MA",DAYLIGHT,CLEAR,DRY,NONE,STOP SIGNS,FOUR WAY INTERSECTION,"TWO-WAY, DIVIDED, UNPROTECTED MEDIAN",ANGLE,COLLISION WITH MOTOR VEHICLE IN TRAFFIC,ROADWAY,25,0,0,0,1,0,4,0,0,0,0,0,0,0,42.3983,-71.0979,4,2.50174E+14
20054650,10/11/2020 10:25,Day Shift (8AM - 4PM),"FREMONT ST & MEACHAM ST Somerville, MA",DAYLIGHT,CLEAR,DRY,NONE,NO CONTROLS,FOUR WAY INTERSECTION,"TWO-WAY, NOT DIVIDED","SIDESWIPE, SAME DIRECTION",COLLISION WITH PARKED MOTOR VEHICLE,ROADWAY,20,0,0,0,0,0,3,0,0,0,0,0,0,0,42.3983,-71.0979,4,2.50174E+14
19025977,11/05/2019 18:09,First Half (4PM - Midnight),"FREMONT ST & MEACHAM ST Somerville, MA",DAYLIGHT,CLEAR,DRY,NONE,STOP SIGNS,FOUR WAY INTERSECTION,"TWO-WAY, NOT DIVIDED",ANGLE,COLLISION WITH MOTOR VEHICLE IN TRAFFIC,ROADWAY,25,0,0,0,0,0,4,0,0,0,0,0,0,0,42.3983,-71.0979,4,2.50174E+14
20062577,28/12/2020 17:26,First Half (4PM - Midnight),"FREMONT ST & MEACHAM ST Somerville, MA",DARK - ROADWAY NOT LIGHTED,CLEAR,DRY,NONE,STOP SIGNS,FOUR WAY INTERSECTION,"ONE-WAY, NOT DIVIDED",ANGLE,COLLISION WITH MOTOR VEHICLE IN TRAFFIC,ROADWAY,25,0,0,0,0,0,4,0,0,0,0,0,0,0,42.3983,-71.0979,4,2.50174E+14
21013704,17/03/2021 14:11,Day Shift (8AM - 4PM),"48 MAIN ST Somerville, MA",DAYLIGHT,CLEAR,DRY,NONE,NO CONTROLS,NOT AT INTERSECTION,"TWO-WAY, NOT DIVIDED","SIDESWIPE, OPPOSITE DIRECTION",COLLISION WITH MOTOR VEHICLE IN TRAFFIC,ROADWAY,25,0,0,0,0,0,2,0,0,0,0,0,0,0,42.3966,-71.0988,4,2.50174E+14
22046881,22/08/2022 06:16,Last Half (Midnight - 8AM),"18 MORELAND ST. Somerville, MA",DAYLIGHT,CLEAR,DRY,NONE,NO CONTROLS,NOT AT INTERSECTION,"ONE-WAY, NOT DIVIDED",REAR-END,COLLISION WITH PARKED MOTOR VEHICLE,ROADWAY,25,0,0,0,1,0,3,0,0,0,0,0,0,0,42.3968,-71.0982,4,2.50174E+14
19013153,10/03/2019 09:35,Day Shift (8AM - 4PM),"4 CENTURY ST Somerville, MA",DAYLIGHT,SNOW,SNOW,OTHER,NO CONTROLS,NOT AT INTERSECTION,"TWO-WAY, NOT DIVIDED","SIDESWIPE, SAME DIRECTION",COLLISION WITH PARKED MOTOR VEHICLE,ROADWAY,25,0,0,0,0,0,2,0,0,0,0,0,0,0,42.3974,-71.0963,4,2.50174E+14
19051985,09/09/2019 16:11,First Half (4PM - Midnight),"35 MEMORIAL RD Somerville, MA",DAYLIGHT,CLEAR,DRY,NONE,NO CONTROLS,NOT AT INTERSECTION,"TWO-WAY, NOT DIVIDED",SINGLE VEHICLE CRASH,COLLISION WITH PEDESTRIAN,ROADWAY,25,0,0,0,1,0,2,0,0,1,1,0,0,0,42.3966,-71.0927,4,2.50174E+14
19013086,09/03/2019 22:45,First Half (4PM - Midnight),"530 MYSTIC AV Somerville, MA",DARK - LIGHTED ROADWAY,"SLEET, HAIL, FREEZING RAIN OR DRIZZLE",WET,NONE,STOP SIGNS,T-INTERSECTION,"ONE-WAY, NOT DIVIDED","SIDESWIPE, SAME DIRECTION",COLLISION WITH PARKED MOTOR VEHICLE,ROADSIDE,25,0,0,0,0,0,1,0,0,0,0,0,0,1,42.3974,-71.0919,4,2.50174E+14
22034169,17/06/2022 22:15,First Half (4PM - Midnight),"530 MYSTIC AV Somerville, MA",DARK - LIGHTED ROADWAY,CLEAR,DRY,NONE,NO CONTROLS,T-INTERSECTION,"TWO-WAY, DIVIDED, UNPROTECTED MEDIAN","SIDESWIPE, SAME DIRECTION",COLLISION WITH MOTOR VEHICLE IN TRAFFIC,ROADWAY,10,0,0,0,0,0,5,0,0,0,0,0,0,1,42.3974,-71.0919,4,2.50174E+14
19003957,22/01/2019 15:18,Day Shift (8AM - 4PM),"30 BOND ST Somerville, MA",DAYLIGHT,CLEAR,DRY,NONE,NO CONTROLS,NOT AT INTERSECTION,"ONE-WAY, NOT DIVIDED","SIDESWIPE, SAME DIRECTION",COLLISION WITH PARKED MOTOR VEHICLE,SHOULDER - PAVED,25,0,0,0,0,0,3,0,0,0,0,0,0,0,42.3956,-71.0959,4,2.50174E+14
18054764,13/09/2018 09:11,Day Shift (8AM - 4PM),"10 BOND ST Somerville, MA",DAYLIGHT,CLEAR,DRY,NONE,NO CONTROLS,NOT AT INTERSECTION,UNKNOWN,HEAD ON,COLLISION WITH LIGHT POLE OR OTHER POST/SUPPORT,UNKNOWN,25,0,0,0,1,0,1,0,0,0,0,0,0,0,42.3948,-71.0965,4,2.50174E+14
23037557,05/07/2023 16:18,First Half (4PM - Midnight),"379 BROADWAY Somerville, MA",DAYLIGHT,CLEAR,DRY,NONE,NO CONTROLS,T-INTERSECTION,"ONE-WAY, NOT DIVIDED",SINGLE VEHICLE CRASH,COLLISION WITH PEDALCYCLE,ROADWAY,25,0,0,0,0,0,2,0,0,1,0,1,0,0,42.3948,-71.0969,4,2.50174E+14
20037991,04/08/2020 23:39,First Half (4PM - Midnight),"383 BROADWAY Somerville, MA",DARK - LIGHTED ROADWAY,CLEAR,DRY,NONE,NO CONTROLS,NOT AT INTERSECTION,"TWO-WAY, DIVIDED, POSITIVE MEDIAN BARRIER","SIDESWIPE, SAME DIRECTION",COLLISION WITH MOTOR VEHICLE IN TRAFFIC,ROADWAY,35,0,0,0,0,0,2,0,0,0,0,0,0,0,42.3948,-71.0969,4,2.50174E+14
20041476,27/08/2020 17:47,First Half (4PM - Midnight),"1 MAIN ST Somerville, MA",DAYLIGHT,CLEAR,DRY,NONE,TRAFFIC CONTROL SIGNAL,Y-INTERSECTION,"TWO-WAY, DIVIDED, UNPROTECTED MEDIAN",REAR-END,COLLISION WITH MOTOR VEHICLE IN TRAFFIC,ROADWAY,25,0,0,0,0,1,2,0,0,0,0,0,0,0,42.395,-71.0974,4,2.50174E+14
22001125,08/01/2022 14:46,Day Shift (8AM - 4PM),"379 BROADWAY Somerville, MA",DAYLIGHT,CLEAR,WET,NONE,UNKNOWN,NOT AT INTERSECTION,"TWO-WAY, DIVIDED, POSITIVE MEDIAN BARRIER",REAR-END,COLLISION WITH MOTOR VEHICLE IN TRAFFIC,ROADWAY,25,0,0,0,0,0,3,0,0,0,0,0,0,0,42.3948,-71.0969,4,2.50174E+14
23015678,26/03/2023 00:48,Last Half (Midnight - 8AM),"BROADWAY & MAIN ST Somerville, MA",DARK - LIGHTED ROADWAY,CLEAR,DRY,NONE,TRAFFIC CONTROL SIGNAL,T-INTERSECTION,"TWO-WAY, DIVIDED, POSITIVE MEDIAN BARRIER",REAR-END,COLLISION WITH MOTOR VEHICLE IN TRAFFIC,ROADWAY,25,0,0,0,0,1,1,0,0,0,0,0,0,0,42.3948,-71.0976,4,2.50174E+14
18059618,06/10/2018 14:37,Day Shift (8AM - 4PM),"BROADWAY & MAIN ST Somerville, MA",DAYLIGHT,CLEAR,DRY,NONE,TRAFFIC CONTROL SIGNAL,FOUR WAY INTERSECTION,"TWO-WAY, DIVIDED, POSITIVE MEDIAN BARRIER",SINGLE VEHICLE CRASH,COLLISION WITH CURB,ROADWAY,25,0,0,0,1,0,1,0,0,0,0,0,0,0,42.3948,-71.0976,4,2.50174E+14
19036030,26/06/2019 16:00,First Half (4PM - Midnight),"10 MAIN ST Somerville, MA",DAYLIGHT,CLEAR,DRY,NONE,TRAFFIC CONTROL SIGNAL,Y-INTERSECTION,"TWO-WAY, DIVIDED, POSITIVE MEDIAN BARRIER",UNKNOWN,COLLISION WITH MOTOR VEHICLE IN TRAFFIC,ROADWAY,20,0,0,0,0,0,2,0,0,0,0,0,0,0,42.3953,-71.0976,4,2.50174E+14
20043652,10/09/2020 20:07,First Half (4PM - Midnight),"98 HEATH ST Somerville, MA",DARK - LIGHTED ROADWAY,RAIN,WET,ROAD SURFACE CONDITION,NO CONTROLS,DRIVEWAY,"TWO-WAY, NOT DIVIDED",REAR-END,OTHER,ROADWAY,20,0,0,0,0,2,2,1,0,0,0,0,0,0,42.3956,-71.0967,4,2.50174E+14
22065487,15/11/2022 17:25,First Half (4PM - Midnight),"BROADWAY & MAIN ST Somerville, MA",DARK - LIGHTED ROADWAY,CLEAR,DRY,NONE,TRAFFIC CONTROL SIGNAL,Y-INTERSECTION,"TWO-WAY, DIVIDED, POSITIVE MEDIAN BARRIER",SINGLE VEHICLE CRASH,COLLISION WITH UTILITY POLE,ROADWAY,25,0,0,0,0,0,1,0,0,0,0,0,0,0,42.3948,-71.0976,4,2.50174E+14
19048777,25/08/2019 21:24,First Half (4PM - Midnight),"EDGAR AV & MAIN ST Somerville, MA",DARK - LIGHTED ROADWAY,CLEAR,DRY,NONE,STOP SIGNS,T-INTERSECTION,"TWO-WAY, NOT DIVIDED",ANGLE,COLLISION WITH MOTOR VEHICLE IN TRAFFIC,ROADWAY,20,0,0,0,0,0,3,0,0,0,0,0,0,0,42.3953,-71.0978,4,2.50174E+14
18061267,14/10/2018 19:43,First Half (4PM - Midnight),"BROADWAY & MAIN ST Somerville, MA",DARK - LIGHTED ROADWAY,CLEAR,DRY,NONE,TRAFFIC CONTROL SIGNAL,Y-INTERSECTION,"TWO-WAY, DIVIDED, POSITIVE MEDIAN BARRIER",ANGLE,COLLISION WITH MOTOR VEHICLE IN TRAFFIC,ROADWAY,30,0,0,0,0,0,5,0,0,0,0,0,0,0,42.3948,-71.0976,4,2.50174E+14
24003547,20/01/2024 14:07,Day Shift (8AM - 4PM),"385 BROADWAY Somerville, MA",DAYLIGHT,CLEAR,DRY,NONE,NO CONTROLS,NOT AT INTERSECTION,"TWO-WAY, DIVIDED, UNPROTECTED MEDIAN",ANGLE,COLLISION WITH MOTOR VEHICLE IN TRAFFIC,ROADWAY,25,0,0,0,0,0,4,0,0,0,0,0,0,0,42.3948,-71.0969,4,2.50174E+14
18062351,20/10/2018 12:05,Day Shift (8AM - 4PM),"EDGAR AV & DOUGLAS AVE Somerville, MA",DAYLIGHT,CLEAR,DRY,NONE,NO CONTROLS,T-INTERSECTION,"TWO-WAY, NOT DIVIDED","SIDESWIPE, OPPOSITE DIRECTION",COLLISION WITH MOTOR VEHICLE IN TRAFFIC,ROADWAY,20,0,0,0,0,0,1,0,0,0,0,0,0,1,42.3956,-71.0975,4,2.50174E+14
19064954,13/11/2019 11:49,Day Shift (8AM - 4PM),"16 EDGAR AV Somerville, MA",DAYLIGHT,CLEAR,DRY,NONE,NO CONTROLS,NOT AT INTERSECTION,"TWO-WAY, NOT DIVIDED",SINGLE VEHICLE CRASH,OTHER,OUTSIDE ROADWAY,25,0,0,0,0,0,2,0,0,0,0,0,0,0,42.3959,-71.0974,4,2.50174E+14
21004392,22/01/2021 16:05,First Half (4PM - Midnight),"MAIN ST & MORELAND ST Somerville, MA",DAYLIGHT,CLEAR,DRY,NONE,NO CONTROLS,NOT AT INTERSECTION,"TWO-WAY, NOT DIVIDED","SIDESWIPE, SAME DIRECTION",COLLISION WITH PARKED MOTOR VEHICLE,ROADWAY,25,0,0,0,0,0,4,1,0,0,0,0,0,1,42.3962,-71.0986,5,2.50174E+14
23039598,15/07/2023 10:29,Day Shift (8AM - 4PM),"47 MAIN STREET Somerville, MA",DAYLIGHT,CLEAR,DRY,NONE,NO CONTROLS,NOT AT INTERSECTION,"TWO-WAY, NOT DIVIDED","SIDESWIPE, SAME DIRECTION",COLLISION WITH PARKED MOTOR VEHICLE,ROADWAY,20,0,0,0,0,0,2,0,0,0,0,0,0,0,42.3964,-71.0991,5,2.50174E+14