Crash Number,Date and Time of Crash,Police Shift,Crash Location,Light Conditions,Weather Conditions,Road Surface,Road Contributing Circumstances,Traffic Control Device Type,Roadway Intersection Type,Trafficway Description,Manner of Collision,First Harmful Event,First Harmful Event Location,Speed Limit,Work Zone,Count Fatal Injury ,Count Suspected Serious Injury,Count Suspected Minor Injury ,Count Possible Injury,Count No Apparent Injury,Count Unknown Injury,Count Not Reported Injury,Total Non-Motorists,Pedestrian Involvement (Non-Motorist),Cyclist Involvement (Non-Motorist),Other Non-Motorist Involvement,Hit and Run Flag,Latitude,Longitude,Ward,Block Code 
20018929,10/04/2020 10:25,Day Shift (8AM - 4PM),"BROADWAY & CENTRAL ST Somerville, MA",DAYLIGHT,CLEAR,DRY,NONE,STOP SIGNS,T-INTERSECTION,"TWO-WAY, NOT DIVIDED",ANGLE,COLLISION WITH MOTOR VEHICLE IN TRAFFIC,ROADWAY,30,0,0,0,1,0,2,0,0,0,0,0,0,0,42.3953,-71.0986,5,2.50174E+14
23006249,04/02/2023 18:30,First Half (4PM - Midnight),"ADAMS ST & BROADWAY Somerville, MA",DARK - ROADWAY NOT LIGHTED,CLEAR,DRY,NONE,NO CONTROLS,T-INTERSECTION,"ONE-WAY, NOT DIVIDED","SIDESWIPE, OPPOSITE DIRECTION",COLLISION WITH PARKED MOTOR VEHICLE,ROADWAY,20,0,0,0,0,0,3,0,0,0,0,0,0,0,42.3957,-71.0996,5,2.50174E+14
22003849,25/01/2022 07:30,Last Half (Midnight - 8AM),"BOND ST & HEATH ST Somerville, MA",DAYLIGHT,CLEAR,DRY,UNKNOWN,STOP SIGNS,FOUR WAY INTERSECTION,UNKNOWN,ANGLE,COLLISION WITH MOTOR VEHICLE IN TRAFFIC,ROADWAY,25,0,0,0,0,0,2,0,0,0,0,0,0,0,42.3953,-71.0959,4,2.50174E+14
23069568,03/12/2023 16:46,First Half (4PM - Midnight),"367 BROADWAY Somerville, MA",DARK - LIGHTED ROADWAY,RAIN,WET,NONE,NO CONTROLS,NOT AT INTERSECTION,"TWO-WAY, DIVIDED, UNPROTECTED MEDIAN",SINGLE VEHICLE CRASH,COLLISION WITH MEDIAN BARRIER,ROADWAY,25,0,0,0,0,0,1,0,0,0,0,0,0,0,42.3943,-71.096,4,2.50174E+14
20043969,12/09/2020 22:01,First Half (4PM - Midnight),"369 BROADWAY Somerville, MA",DARK - LIGHTED ROADWAY,CLEAR,DRY,NONE,NO CONTROLS,NOT AT INTERSECTION,"TWO-WAY, DIVIDED, POSITIVE MEDIAN BARRIER",REAR-END,COLLISION WITH MOTOR VEHICLE IN TRAFFIC,ROADWAY,25,0,0,0,2,0,1,0,0,1,1,0,0,0,42.3944,-71.0961,4,2.50174E+14
22051926,13/09/2022 14:32,Day Shift (8AM - 4PM),"371 BROADWAY Somerville, MA",DAYLIGHT,CLOUDY,DRY,NONE,NO CONTROLS,NOT AT INTERSECTION,"TWO-WAY, DIVIDED, POSITIVE MEDIAN BARRIER",REAR-END,COLLISION WITH MOTOR VEHICLE IN TRAFFIC,ROADWAY,25,0,0,0,0,0,3,0,0,0,0,0,0,0,42.3944,-71.0962,4,2.50174E+14
19064418,10/11/2019 15:16,Day Shift (8AM - 4PM),"40 TEMPLE ST Somerville, MA",DAYLIGHT,RAIN,WET,NONE,NO CONTROLS,NOT AT INTERSECTION,"TWO-WAY, NOT DIVIDED",REAR-END,COLLISION WITH MOTOR VEHICLE IN TRAFFIC,ROADWAY,25,0,0,0,0,0,4,0,0,0,0,0,0,0,42.394,-71.0926,4,2.50174E+14
20009373,19/02/2020 12:39,Day Shift (8AM - 4PM),"37 HEATH ST Somerville, MA",DAYLIGHT,CLEAR,DRY,NONE,NO CONTROLS,NOT AT INTERSECTION,"ONE-WAY, NOT DIVIDED","SIDESWIPE, SAME DIRECTION",COLLISION WITH PARKED MOTOR VEHICLE,ROADSIDE,25,0,0,0,0,0,3,0,0,0,0,0,0,0,42.3945,-71.0939,4,2.50174E+14
19052459,12/09/2019 00:01,Last Half (Midnight - 8AM),"JAQUES ST & TEMPLE ST Somerville, MA",DARK - LIGHTED ROADWAY,CLEAR,DRY,NONE,TRAFFIC CONTROL SIGNAL,FOUR WAY INTERSECTION,"TWO-WAY, NOT DIVIDED",HEAD ON,COLLISION WITH MOTOR VEHICLE IN TRAFFIC,ROADWAY,25,0,0,0,1,0,1,0,0,0,0,0,0,0,42.3943,-71.092,4,2.50174E+14
19065197,14/11/2019 15:35,Day Shift (8AM - 4PM),"48 TEMPLE ST Somerville, MA",DAYLIGHT,CLEAR,DRY,NONE,NO CONTROLS,NOT AT INTERSECTION,"TWO-WAY, NOT DIVIDED","SIDESWIPE, SAME DIRECTION",COLLISION WITH MOTOR VEHICLE IN TRAFFIC,ROADWAY,25,0,0,0,0,0,5,0,0,0,0,0,0,0,42.3942,-71.0925,4,2.50174E+14
19044781,06/08/2019 08:18,Day Shift (8AM - 4PM),"JAQUES ST & TEMPLE ST Somerville, MA",DAYLIGHT,CLEAR,DRY,NONE,TRAFFIC CONTROL SIGNAL,FOUR WAY INTERSECTION,"TWO-WAY, NOT DIVIDED",REAR-END,COLLISION WITH MOTOR VEHICLE IN TRAFFIC,ROADWAY,20,0,0,0,0,1,1,1,0,0,0,0,0,0,42.3943,-71.092,4,2.50174E+14
22036253,29/06/2022 09:43,Day Shift (8AM - 4PM),"BROADWAY & FENWICK ST Somerville, MA",DAYLIGHT,CLEAR,DRY,NONE,NO CONTROLS,T-INTERSECTION,"TWO-WAY, NOT DIVIDED",ANGLE,COLLISION WITH MOTOR VEHICLE IN TRAFFIC,ROADWAY,25,0,0,0,1,0,3,0,0,0,0,0,0,0,42.394,-71.096,4,2.50174E+14
22017868,04/04/2022 13:00,Day Shift (8AM - 4PM),"BROADWAY & FENWICK ST Somerville, MA",DAYLIGHT,CLEAR,DRY,NONE,NO CONTROLS,T-INTERSECTION,"TWO-WAY, DIVIDED, UNPROTECTED MEDIAN",ANGLE,COLLISION WITH MOTOR VEHICLE IN TRAFFIC,ROADWAY,25,0,0,0,0,1,2,0,0,0,0,0,0,0,42.394,-71.096,4,2.50174E+14
20053751,05/11/2020 11:28,Day Shift (8AM - 4PM),"359 BROADWAY Somerville, MA",DAYLIGHT,CLEAR,DRY,NONE,NO CONTROLS,NOT AT INTERSECTION,"TWO-WAY, DIVIDED, UNPROTECTED MEDIAN","SIDESWIPE, SAME DIRECTION",COLLISION WITH MOTOR VEHICLE IN TRAFFIC,ROADWAY,25,0,0,0,0,0,3,0,0,0,0,0,0,0,42.3941,-71.0956,4,2.50174E+14
20040961,24/08/2020 13:09,Day Shift (8AM - 4PM),"343 BROADWAY Somerville, MA",DAYLIGHT,CLEAR,DRY,NONE,NO CONTROLS,NOT AT INTERSECTION,"TWO-WAY, DIVIDED, UNPROTECTED MEDIAN",REAR-END,COLLISION WITH MOTOR VEHICLE IN TRAFFIC,ROADWAY,25,0,0,0,0,0,3,0,0,0,0,0,0,0,42.3937,-71.0943,4,2.50174E+14
23057370,06/10/2023 15:23,Day Shift (8AM - 4PM),"BROADWAY & FENWICK ST Somerville, MA",DAYLIGHT,CLEAR,DRY,NONE,NO CONTROLS,T-INTERSECTION,"TWO-WAY, DIVIDED, UNPROTECTED MEDIAN",HEAD ON,COLLISION WITH MOTOR VEHICLE IN TRAFFIC,ROADWAY,25,0,0,0,0,0,2,0,0,0,0,0,0,0,42.394,-71.096,4,2.50174E+14
22059179,15/10/2022 14:37,Day Shift (8AM - 4PM),"BROADWAY & THURSTON ST Somerville, MA",DAYLIGHT,CLEAR,DRY,NONE,NO CONTROLS,T-INTERSECTION,"TWO-WAY, DIVIDED, UNPROTECTED MEDIAN",ANGLE,COLLISION WITH MOTOR VEHICLE IN TRAFFIC,ROADWAY,25,0,0,0,0,2,2,0,0,0,0,0,0,0,42.3939,-71.096,4,2.50174E+14
23067571,22/11/2023 16:58,First Half (4PM - Midnight),"363 BROADWAY Somerville, MA",DARK - LIGHTED ROADWAY,RAIN,WET,NONE,NO CONTROLS,NOT AT INTERSECTION,"TWO-WAY, DIVIDED, UNPROTECTED MEDIAN",REAR-END,COLLISION WITH MOTOR VEHICLE IN TRAFFIC,ROADWAY,25,0,0,0,0,0,2,0,0,0,0,0,0,0,42.3941,-71.0956,4,2.50174E+14
19054181,20/09/2019 17:03,First Half (4PM - Midnight),"BROADWAY & FENWICK ST Somerville, MA",DAYLIGHT,CLEAR,DRY,NONE,NO CONTROLS,T-INTERSECTION,"TWO-WAY, DIVIDED, UNPROTECTED MEDIAN",ANGLE,COLLISION WITH MOTOR VEHICLE IN TRAFFIC,ROADWAY,25,0,0,0,2,2,1,0,0,0,0,0,0,0,42.394,-71.096,4,2.50174E+14
18056033,19/09/2018 14:09,Day Shift (8AM - 4PM),"BROADWAY & SCHOOL ST Somerville, MA",DAYLIGHT,CLOUDY,DRY,NONE,TRAFFIC CONTROL SIGNAL,T-INTERSECTION,"TWO-WAY, NOT DIVIDED",ANGLE,COLLISION WITH PEDALCYCLE,ROADWAY,30,0,0,0,1,0,1,0,0,1,0,1,0,0,42.3932,-71.0944,4,2.50174E+14
21057877,03/11/2021 08:07,Day Shift (8AM - 4PM),"BROADWAY & SCHOOL ST Somerville, MA",DAYLIGHT,CLEAR,DRY,NONE,TRAFFIC CONTROL SIGNAL,T-INTERSECTION,"TWO-WAY, DIVIDED, UNPROTECTED MEDIAN",REAR-END,COLLISION WITH MOTOR VEHICLE IN TRAFFIC,ROADWAY,25,0,0,0,0,0,4,0,0,0,0,0,0,0,42.3932,-71.0944,4,2.50174E+14
21022083,03/05/2021 15:12,Day Shift (8AM - 4PM),"349 BROADWAY Somerville, MA",DAYLIGHT,CLEAR,DRY,NONE,NO CONTROLS,NOT AT INTERSECTION,"TWO-WAY, NOT DIVIDED","SIDESWIPE, SAME DIRECTION",COLLISION WITH MOTOR VEHICLE IN TRAFFIC,ROADWAY,25,0,0,0,0,0,3,0,0,0,0,0,0,0,42.3939,-71.0949,4,2.50174E+14
22008309,18/02/2022 07:58,Last Half (Midnight - 8AM),"BROADWAY & FENWICK ST Somerville, MA",DAYLIGHT,RAIN,WET,NONE,NO CONTROLS,FOUR WAY INTERSECTION,"TWO-WAY, DIVIDED, UNPROTECTED MEDIAN",ANGLE,COLLISION WITH MOTOR VEHICLE IN TRAFFIC,ROADWAY,25,0,0,0,0,0,2,0,0,0,0,0,0,0,42.394,-71.096,4,2.50174E+14
23059285,14/10/2023 12:53,Day Shift (8AM - 4PM),"343 BROADWAY Somerville, MA",DAYLIGHT,CLEAR,DRY,NONE,NO CONTROLS,NOT AT INTERSECTION,UNKNOWN,SINGLE VEHICLE CRASH,OTHER,ROADWAY,20,0,0,0,1,0,0,0,0,0,0,0,0,0,42.3937,-71.0943,4,2.50174E+14
24013169,08/03/2024 16:56,First Half (4PM - Midnight),"BROADWAY & FENWICK ST Somerville, MA",DUSK,CLEAR,DRY,NONE,NO CONTROLS,T-INTERSECTION,"TWO-WAY, NOT DIVIDED",ANGLE,COLLISION WITH MOTOR VEHICLE IN TRAFFIC,ROADWAY,25,0,0,0,1,0,1,0,0,0,0,0,0,0,42.394,-71.096,4,2.50174E+14
22024621,05/05/2022 18:25,First Half (4PM - Midnight),"BROADWAY & FENWICK ST Somerville, MA",DAYLIGHT,CLEAR,DRY,NONE,NO CONTROLS,T-INTERSECTION,"TWO-WAY, DIVIDED, POSITIVE MEDIAN BARRIER",ANGLE,COLLISION WITH MOTOR VEHICLE IN TRAFFIC,ROADWAY,25,0,0,0,0,0,3,0,0,0,0,0,0,0,42.394,-71.096,4,2.50174E+14
19005985,02/02/2019 10:48,Day Shift (8AM - 4PM),"343 BROADWAY Somerville, MA",DAYLIGHT,CLEAR,DRY,NONE,NO CONTROLS,NOT AT INTERSECTION,UNKNOWN,SINGLE VEHICLE CRASH,OTHER,ROADSIDE,15,0,0,0,0,0,1,0,0,0,0,0,0,0,42.3937,-71.0943,4,2.50174E+14
20042215,01/09/2020 13:41,Day Shift (8AM - 4PM),"BROADWAY & FENWICK ST Somerville, MA",DAYLIGHT,CLEAR,DRY,NONE,NO CONTROLS,FOUR WAY INTERSECTION,"TWO-WAY, DIVIDED, UNPROTECTED MEDIAN",ANGLE,COLLISION WITH MOTOR VEHICLE IN TRAFFIC,ROADWAY,25,0,0,0,0,0,3,0,0,0,0,0,0,0,42.394,-71.096,4,2.50174E+14
21042122,13/08/2021 17:58,First Half (4PM - Midnight),"BROADWAY & THURSTON ST Somerville, MA",DAYLIGHT,CLEAR,DRY,NONE,NO CONTROLS,T-INTERSECTION,"TWO-WAY, DIVIDED, POSITIVE MEDIAN BARRIER",ANGLE,COLLISION WITH MOTOR VEHICLE IN TRAFFIC,ROADWAY,25,0,0,0,0,0,5,0,0,0,0,0,0,0,42.3939,-71.096,4,2.50174E+14
23006119,04/02/2023 12:14,Day Shift (8AM - 4PM),"BROADWAY & SCHOOL ST Somerville, MA",DAYLIGHT,CLEAR,DRY,NONE,TRAFFIC CONTROL SIGNAL,T-INTERSECTION,"TWO-WAY, DIVIDED, UNPROTECTED MEDIAN","SIDESWIPE, SAME DIRECTION",COLLISION WITH MOTOR VEHICLE IN TRAFFIC,ROADWAY,25,0,0,0,0,0,3,0,0,0,0,0,0,0,42.3932,-71.0944,4,2.50174E+14
19011061,28/02/2019 15:39,Day Shift (8AM - 4PM),"343 BROADWAY Somerville, MA",DAYLIGHT,CLEAR,DRY,NONE,NO CONTROLS,NOT AT INTERSECTION,UNKNOWN,SINGLE VEHICLE CRASH,COLLISION WITH PEDESTRIAN,OUTSIDE ROADWAY,15,0,0,0,0,0,1,1,0,1,1,0,0,0,42.3937,-71.0943,4,2.50174E+14
23012274,09/03/2023 07:27,Last Half (Midnight - 8AM),"BROADWAY & THURSTON ST Somerville, MA",DAYLIGHT,CLEAR,DRY,NONE,NO CONTROLS,T-INTERSECTION,"TWO-WAY, DIVIDED, UNPROTECTED MEDIAN",ANGLE,COLLISION WITH MOTOR VEHICLE IN TRAFFIC,ROADWAY,25,0,0,0,0,0,2,0,0,0,0,0,0,0,42.3939,-71.096,4,2.50174E+14
19057111,04/10/2019 18:55,First Half (4PM - Midnight),"HEATH ST & TEMPLE ST Somerville, MA",DARK - LIGHTED ROADWAY,CLEAR,DRY,TRAFFIC CONGESTION RELATED,STOP SIGNS,T-INTERSECTION,"TWO-WAY, NOT DIVIDED",ANGLE,COLLISION WITH MOTOR VEHICLE IN TRAFFIC,ROADWAY,25,0,0,0,0,0,7,0,0,0,0,0,0,0,42.3936,-71.0926,4,2.50174E+14
22047659,25/08/2022 09:37,Day Shift (8AM - 4PM),"HEATH ST & TEMPLE ST Somerville, MA",DAYLIGHT,CLEAR,DRY,NONE,STOP SIGNS,FOUR WAY INTERSECTION,"TWO-WAY, NOT DIVIDED",ANGLE,COLLISION WITH MOTOR VEHICLE IN TRAFFIC,ROADWAY,25,0,0,0,0,0,2,0,0,0,0,0,0,0,42.3936,-71.0926,4,2.50174E+14
19052755,13/09/2019 17:06,First Half (4PM - Midnight),"HEATH ST & TEMPLE ST Somerville, MA",DAYLIGHT,CLEAR,DRY,NONE,NO CONTROLS,NOT AT INTERSECTION,"TWO-WAY, NOT DIVIDED",REAR-END,COLLISION WITH MOTOR VEHICLE IN TRAFFIC,ROADWAY,25,0,0,0,0,0,4,0,0,0,0,0,0,0,42.3936,-71.0926,4,2.50174E+14
21057833,03/11/2021 01:22,Last Half (Midnight - 8AM),"HEATH ST & TEMPLE ST Somerville, MA",DARK - LIGHTED ROADWAY,UNKNOWN,DRY,UNKNOWN,STOP SIGNS,FOUR WAY INTERSECTION,"TWO-WAY, NOT DIVIDED",HEAD ON,COLLISION WITH MOTOR VEHICLE IN TRAFFIC,ROADWAY,25,0,0,0,0,0,2,0,0,0,0,0,0,0,42.3936,-71.0926,4,2.50174E+14
19046921,16/08/2019 18:03,First Half (4PM - Midnight),"SEWALL ST & TEMPLE ST Somerville, MA",DAYLIGHT,CLEAR,DRY,TRAFFIC CONGESTION RELATED,STOP SIGNS,FOUR WAY INTERSECTION,"TWO-WAY, NOT DIVIDED",ANGLE,COLLISION WITH MOTOR VEHICLE IN TRAFFIC,ROADWAY,25,0,0,0,1,0,1,0,0,0,0,0,0,0,42.3936,-71.0926,4,2.50174E+14
18047967,12/08/2018 20:09,First Half (4PM - Midnight),"HEATH & TEMPLE ST Somerville, MA",DARK - LIGHTED ROADWAY,CLOUDY,DRY,NONE,STOP SIGNS,FOUR WAY INTERSECTION,"TWO-WAY, NOT DIVIDED",ANGLE,COLLISION WITH MOTOR VEHICLE IN TRAFFIC,ROADWAY,25,0,0,0,0,0,1,0,0,0,0,0,0,1,42.3936,-71.0926,4,2.50174E+14
23048739,26/08/2023 21:03,First Half (4PM - Midnight),"321 BROADWAY Somerville, MA",DARK - LIGHTED ROADWAY,CLEAR,DRY,NONE,TRAFFIC CONTROL SIGNAL,FOUR WAY INTERSECTION,"TWO-WAY, DIVIDED, UNPROTECTED MEDIAN","SIDESWIPE, SAME DIRECTION",COLLISION WITH MOTOR VEHICLE IN TRAFFIC,ROADWAY,20,0,0,0,0,0,4,0,0,0,0,0,0,0,42.3929,-71.0935,4,2.50174E+14
21014775,23/03/2021 14:23,Day Shift (8AM - 4PM),"HEATH ST & TEMPLE ST Somerville, MA",DAYLIGHT,CLEAR,DRY,NONE,STOP SIGNS,FOUR WAY INTERSECTION,"TWO-WAY, NOT DIVIDED",ANGLE,COLLISION WITH MOTOR VEHICLE IN TRAFFIC,ROADWAY,25,0,0,0,0,1,1,0,0,0,0,0,0,0,42.3936,-71.0926,4,2.50174E+14
22068245,02/12/2022 14:58,Day Shift (8AM - 4PM),"22 TEMPLE ST Somerville, MA",DAYLIGHT,CLEAR,DRY,NONE,NO CONTROLS,NOT AT INTERSECTION,"TWO-WAY, NOT DIVIDED","SIDESWIPE, SAME DIRECTION",COLLISION WITH PARKED MOTOR VEHICLE,ROADWAY,25,0,0,0,0,0,3,0,0,0,0,0,0,0,42.3934,-71.093,4,2.50174E+14
22035715,26/06/2022 07:07,Last Half (Midnight - 8AM),"SEWALL ST & TEMPLE ST Somerville, MA",DAYLIGHT,CLEAR,DRY,UNKNOWN,NO CONTROLS,T-INTERSECTION,"ONE-WAY, NOT DIVIDED","SIDESWIPE, SAME DIRECTION",COLLISION WITH PARKED MOTOR VEHICLE,ROADSIDE,25,0,0,0,0,0,3,0,0,0,0,0,0,0,42.3936,-71.0926,4,2.50174E+14
23004151,24/01/2023 15:25,Day Shift (8AM - 4PM),"18 TEMPLE ST Somerville, MA",DAYLIGHT,CLEAR,DRY,UNKNOWN,NO CONTROLS,NOT AT INTERSECTION,"TWO-WAY, DIVIDED, UNPROTECTED MEDIAN",SINGLE VEHICLE CRASH,COLLISION WITH PEDESTRIAN,ROADWAY,25,0,0,1,0,0,1,0,0,1,1,0,0,0,42.3933,-71.0932,4,2.50174E+14
21055679,22/10/2021 18:35,First Half (4PM - Midnight),"BROADWAY & TEMPLE ST Somerville, MA",DARK - LIGHTED ROADWAY,CLEAR,DRY,NONE,TRAFFIC CONTROL SIGNAL,T-INTERSECTION,"TWO-WAY, NOT DIVIDED",REAR-END,COLLISION WITH MOTOR VEHICLE IN TRAFFIC,ROADWAY,25,0,0,0,0,0,2,0,0,0,0,0,0,0,42.3927,-71.0933,4,2.50174E+14
20038425,07/08/2020 14:37,Day Shift (8AM - 4PM),"BROADWAY & TEMPLE ST Somerville, MA",DAYLIGHT,CLOUDY,DRY,NONE,TRAFFIC CONTROL SIGNAL,T-INTERSECTION,"TWO-WAY, DIVIDED, UNPROTECTED MEDIAN","SIDESWIPE, SAME DIRECTION",COLLISION WITH MOTOR VEHICLE IN TRAFFIC,ROADWAY,25,0,0,0,0,0,3,0,0,0,0,0,0,0,42.3927,-71.0933,4,2.50174E+14
22045485,15/08/2022 18:06,First Half (4PM - Midnight),"BROADWAY & TEMPLE ST Somerville, MA",DAYLIGHT,CLEAR,DRY,NONE,TRAFFIC CONTROL SIGNAL,T-INTERSECTION,"TWO-WAY, DIVIDED, POSITIVE MEDIAN BARRIER",ANGLE,COLLISION WITH MOTOR VEHICLE IN TRAFFIC,ROADWAY,25,0,0,0,0,1,6,0,0,0,0,0,0,0,42.3927,-71.0933,4,2.50174E+14
24009970,22/02/2024 08:36,Day Shift (8AM - 4PM),"BROADWAY & TEMPLE ST Somerville, MA",DAYLIGHT,CLEAR,DRY,NONE,TRAFFIC CONTROL SIGNAL,T-INTERSECTION,"TWO-WAY, NOT DIVIDED",REAR-END,COLLISION WITH MOTOR VEHICLE IN TRAFFIC,ROADWAY,25,0,0,0,0,1,3,0,0,0,0,0,0,0,42.3927,-71.0933,4,2.50174E+14
22020662,17/04/2022 16:51,First Half (4PM - Midnight),"BROADWAY & TEMPLE ST Somerville, MA",DAYLIGHT,CLEAR,DRY,NONE,TRAFFIC CONTROL SIGNAL,FOUR WAY INTERSECTION,"TWO-WAY, DIVIDED, POSITIVE MEDIAN BARRIER","SIDESWIPE, SAME DIRECTION",COLLISION WITH MOTOR VEHICLE IN TRAFFIC,ROADWAY,25,0,0,0,0,0,6,0,0,0,0,0,0,0,42.3927,-71.0933,4,2.50174E+14
19054983,24/09/2019 11:15,Day Shift (8AM - 4PM),"BROADWAY & TEMPLE ST Somerville, MA",DAYLIGHT,CLEAR,DRY,NONE,TRAFFIC CONTROL SIGNAL,T-INTERSECTION,"TWO-WAY, NOT DIVIDED",HEAD ON,COLLISION WITH MOTOR VEHICLE IN TRAFFIC,ROADWAY,25,0,0,0,0,0,5,0,0,0,0,0,0,0,42.3927,-71.0933,4,2.50174E+14
22011910,07/03/2022 15:36,Day Shift (8AM - 4PM),"BROADWAY & TEMPLE ST Somerville, MA",DAYLIGHT,CLOUDY,DRY,NONE,TRAFFIC CONTROL SIGNAL,T-INTERSECTION,"TWO-WAY, DIVIDED, POSITIVE MEDIAN BARRIER",SINGLE VEHICLE CRASH,COLLISION WITH PEDESTRIAN,UNKNOWN,25,0,0,0,1,0,2,0,0,1,1,0,0,0,42.3927,-71.0933,4,2.50174E+14
20041121,25/08/2020 11:59,Day Shift (8AM - 4PM),"BROADWAY & TEMPLE ST Somerville, MA",DAYLIGHT,CLEAR,DRY,NONE,TRAFFIC CONTROL SIGNAL,T-INTERSECTION,"TWO-WAY, DIVIDED, UNPROTECTED MEDIAN",REAR-END,COLLISION WITH MOTOR VEHICLE IN TRAFFIC,ROADWAY,25,0,0,0,0,1,3,0,0,0,0,0,0,0,42.3927,-71.0933,4,2.50174E+14
19052914,14/09/2019 16:23,First Half (4PM - Midnight),"BROADWAY & TEMPLE ST Somerville, MA",DAYLIGHT,CLOUDY,WET,NONE,TRAFFIC CONTROL SIGNAL,T-INTERSECTION,"TWO-WAY, NOT DIVIDED","SIDESWIPE, SAME DIRECTION",COLLISION WITH MOTOR VEHICLE IN TRAFFIC,ROADWAY,30,0,0,0,0,0,2,0,0,0,0,0,0,0,42.3927,-71.0933,4,2.50174E+14
19054121,20/09/2019 11:23,Day Shift (8AM - 4PM),"BROADWAY & TEMPLE ST Somerville, MA",DAYLIGHT,CLEAR,DRY,NONE,TRAFFIC CONTROL SIGNAL,Y-INTERSECTION,"ONE-WAY, NOT DIVIDED",REAR-END,COLLISION WITH MOTOR VEHICLE IN TRAFFIC,ROADWAY,25,0,0,0,0,0,3,0,0,0,0,0,0,0,42.3927,-71.0933,4,2.50174E+14
22029202,25/05/2022 13:49,Day Shift (8AM - 4PM),"BROADWAY & TEMPLE ST Somerville, MA",DAYLIGHT,CLEAR,DRY,NONE,TRAFFIC CONTROL SIGNAL,T-INTERSECTION,"TWO-WAY, DIVIDED, POSITIVE MEDIAN BARRIER",ANGLE,COLLISION WITH MOTOR VEHICLE IN TRAFFIC,ROADWAY,25,0,0,0,0,0,2,0,0,0,0,0,0,0,42.3927,-71.0933,4,2.50174E+14
22055588,29/09/2022 14:28,Day Shift (8AM - 4PM),"BROADWAY & TEMPLE ST Somerville, MA",DAYLIGHT,CLEAR,DRY,NONE,TRAFFIC CONTROL SIGNAL,FOUR WAY INTERSECTION,"TWO-WAY, NOT DIVIDED","SIDESWIPE, SAME DIRECTION",COLLISION WITH MOTOR VEHICLE IN TRAFFIC,ROADWAY,25,0,0,0,0,0,3,0,0,0,0,0,0,0,42.3927,-71.0933,4,2.50174E+14
20045469,22/09/2020 22:15,First Half (4PM - Midnight),"BROADWAY & TEMPLE ST Somerville, MA",DARK - LIGHTED ROADWAY,CLEAR,DRY,NONE,NO CONTROLS,T-INTERSECTION,"TWO-WAY, DIVIDED, UNPROTECTED MEDIAN",REAR-END,COLLISION WITH PARKED MOTOR VEHICLE,ROADWAY,30,0,0,0,0,0,4,0,0,0,0,0,0,0,42.3927,-71.0933,4,2.50174E+14
20060315,14/12/2020 16:39,First Half (4PM - Midnight),"BROADWAY & TEMPLE ST Somerville, MA",DUSK,RAIN,WET,NONE,TRAFFIC CONTROL SIGNAL,T-INTERSECTION,"TWO-WAY, DIVIDED, UNPROTECTED MEDIAN",REAR-END,COLLISION WITH MOTOR VEHICLE IN TRAFFIC,ROADWAY,25,0,0,0,0,0,2,2,0,0,0,0,0,0,42.3927,-71.0933,4,2.50174E+14
18076030,27/12/2018 18:25,First Half (4PM - Midnight),"MYSTIC AV & TEMPLE ST Somerville, MA",DARK - LIGHTED ROADWAY,CLEAR,DRY,NONE,TRAFFIC CONTROL SIGNAL,FOUR WAY INTERSECTION,"TWO-WAY, DIVIDED, UNPROTECTED MEDIAN",SINGLE VEHICLE CRASH,COLLISION WITH PEDESTRIAN,ROADWAY,25,0,0,0,1,0,2,0,0,1,1,0,0,0,42.3956,-71.0891,4,2.50174E+14
22041099,24/07/2022 17:59,First Half (4PM - Midnight),"MYSTIC AV & TEMPLE ST Somerville, MA",DAYLIGHT,CLEAR,DRY,NONE,TRAFFIC CONTROL SIGNAL,FOUR WAY INTERSECTION,"TWO-WAY, DIVIDED, UNPROTECTED MEDIAN",ANGLE,COLLISION WITH MOPED,ROADWAY,25,0,0,0,1,0,1,0,0,0,0,0,0,0,42.3956,-71.0891,4,2.50174E+14
20041172,25/08/2020 18:38,First Half (4PM - Midnight),"MYSTIC AV & TEMPLE RD Somerville, MA",DAYLIGHT,CLEAR,DRY,NONE,TRAFFIC CONTROL SIGNAL,FOUR WAY INTERSECTION,"TWO-WAY, DIVIDED, UNPROTECTED MEDIAN",REAR-END,COLLISION WITH MOTOR VEHICLE IN TRAFFIC,ROADWAY,30,0,0,0,0,1,2,0,0,0,0,0,0,0,42.3956,-71.0891,4,2.50174E+14
19002133,13/01/2019 02:08,Last Half (Midnight - 8AM),"MYSTIC AV & TEMPLE ST Somerville, MA",DARK - LIGHTED ROADWAY,CLEAR,DRY,NONE,TRAFFIC CONTROL SIGNAL,FOUR WAY INTERSECTION,"TWO-WAY, NOT DIVIDED",ANGLE,COLLISION WITH MOTOR VEHICLE IN TRAFFIC,ROADWAY,25,0,0,0,0,0,3,0,0,0,0,0,0,0,42.3956,-71.0891,4,2.50174E+14