Crash Number,Date and Time of Crash,Police Shift,Crash Location,Light Conditions,Weather Conditions,Road Surface,Road Contributing Circumstances,Traffic Control Device Type,Roadway Intersection Type,Trafficway Description,Manner of Collision,First Harmful Event,First Harmful Event Location,Speed Limit,Work Zone,Count Fatal Injury ,Count Suspected Serious Injury,Count Suspected Minor Injury ,Count Possible Injury,Count No Apparent Injury,Count Unknown Injury,Count Not Reported Injury,Total Non-Motorists,Pedestrian Involvement (Non-Motorist),Cyclist Involvement (Non-Motorist),Other Non-Motorist Involvement,Hit and Run Flag,Latitude,Longitude,Ward,Block Code 
20034680,14/07/2020 05:08,Last Half (Midnight - 8AM),"MEMORIAL RD & TEMPLE ST Somerville, MA",DAWN,CLEAR,DRY,NONE,STOP SIGNS,T-INTERSECTION,"TWO-WAY, DIVIDED, UNPROTECTED MEDIAN",ANGLE,COLLISION WITH MOTOR VEHICLE IN TRAFFIC,ROADWAY,25,0,0,0,0,0,2,0,0,0,0,0,0,0,42.3952,-71.0912,4,2.50174E+14
19058452,11/10/2019 13:51,Day Shift (8AM - 4PM),"MEMORIAL RD & TEMPLE ST Somerville, MA",DAYLIGHT,RAIN,WET,NONE,STOP SIGNS,T-INTERSECTION,"TWO-WAY, NOT DIVIDED",SINGLE VEHICLE CRASH,COLLISION WITH MOTOR VEHICLE IN TRAFFIC,ROADWAY,25,0,0,0,0,0,2,0,0,0,0,0,0,0,42.3952,-71.0912,4,2.50174E+14
23033992,18/06/2023 02:01,Last Half (Midnight - 8AM),"MEMORIAL RD & TEMPLE ST Somerville, MA",DARK - LIGHTED ROADWAY,RAIN,WET,NONE,NO CONTROLS,T-INTERSECTION,"TWO-WAY, DIVIDED, UNPROTECTED MEDIAN",ANGLE,COLLISION WITH PARKED MOTOR VEHICLE,ROADWAY,25,0,0,0,0,0,5,0,0,0,0,0,0,0,42.3952,-71.0912,4,2.50174E+14
22063846,07/11/2022 08:28,Day Shift (8AM - 4PM),"472 MYSTIC AV Somerville, MA",DAYLIGHT,CLEAR,WET,NONE,NO CONTROLS,DRIVEWAY,"TWO-WAY, NOT DIVIDED",REAR TO REAR,COLLISION WITH MOTOR VEHICLE IN TRAFFIC,OUTSIDE ROADWAY,25,0,0,0,0,1,4,0,0,0,0,0,0,0,42.3958,-71.0898,4,2.50174E+14
23005588,01/02/2023 14:21,Day Shift (8AM - 4PM),"MEMORIAL RD & TEMPLE ST Somerville, MA",DAYLIGHT,CLEAR,DRY,NONE,STOP SIGNS,T-INTERSECTION,"TWO-WAY, NOT DIVIDED",ANGLE,COLLISION WITH MOTOR VEHICLE IN TRAFFIC,ROADWAY,25,0,0,0,0,0,2,0,0,0,0,0,0,0,42.3952,-71.0912,4,2.50174E+14
20056487,21/11/2020 00:15,Last Half (Midnight - 8AM),"MEMORIAL RD & TEMPLE ST Somerville, MA",DARK - LIGHTED ROADWAY,CLEAR,DRY,NONE,NO CONTROLS,NOT AT INTERSECTION,"TWO-WAY, NOT DIVIDED",HEAD ON,COLLISION WITH MOTOR VEHICLE IN TRAFFIC,ROADWAY,25,0,0,0,0,0,3,0,0,0,0,0,0,0,42.3952,-71.0912,4,2.50174E+14
24003531,20/01/2024 11:52,Day Shift (8AM - 4PM),"MEMORIAL RD & TEMPLE STREET Somerville, MA",DAYLIGHT,CLEAR,DRY,NONE,NO CONTROLS,Y-INTERSECTION,"TWO-WAY, NOT DIVIDED",HEAD ON,COLLISION WITH MOTOR VEHICLE IN TRAFFIC,ROADWAY,25,0,0,0,1,0,2,0,0,0,0,0,0,0,42.3952,-71.0912,4,2.50174E+14
18032116,30/05/2018 09:59,Day Shift (8AM - 4PM),"422 MYSTIC AV Somerville, MA",DAYLIGHT,CLEAR,DRY,NONE,TRAFFIC CONTROL SIGNAL,FOUR WAY INTERSECTION,"TWO-WAY, NOT DIVIDED",REAR-END,COLLISION WITH MOTOR VEHICLE IN TRAFFIC,ROADWAY,25,0,0,0,0,1,2,0,0,0,0,0,0,0,42.395,-71.089,4,2.50174E+14
21042813,17/08/2021 17:47,First Half (4PM - Midnight),"119 TEMPLE ST Somerville, MA",DAYLIGHT,CLEAR,DRY,NONE,NO CONTROLS,NOT AT INTERSECTION,"TWO-WAY, NOT DIVIDED",SINGLE VEHICLE CRASH,COLLISION WITH PEDESTRIAN,ROADWAY,25,0,0,0,1,0,4,0,0,1,1,0,0,0,42.3953,-71.0897,4,2.50174E+14
21057120,30/10/2021 15:53,Day Shift (8AM - 4PM),"MYSTIC AV & WHEATLAND ST Somerville, MA",DAYLIGHT,CLOUDY,WET,NONE,TRAFFIC CONTROL SIGNAL,FOUR WAY INTERSECTION,"ONE-WAY, NOT DIVIDED",ANGLE,COLLISION WITH GUARDRAIL,ROADWAY,25,0,0,0,0,1,3,0,0,0,0,0,0,0,42.3941,-71.0871,4,2.50174E+14
23059441,15/10/2023 01:08,Last Half (Midnight - 8AM),"FELLSWAY WEST & MYSTIC AV Somerville, MA",DARK - LIGHTED ROADWAY,CLEAR,DRY,NONE,TRAFFIC CONTROL SIGNAL,FIVE-POINT OR MORE,"ONE-WAY, NOT DIVIDED","SIDESWIPE, SAME DIRECTION",COLLISION WITH MOTOR VEHICLE IN TRAFFIC,ROADWAY,35,0,0,0,0,0,2,0,0,0,0,0,0,0,42.3936,-71.0865,4,2.50174E+14
22005647,04/02/2022 18:03,First Half (4PM - Midnight),"57 DERBY ST Somerville, MA",DARK - LIGHTED ROADWAY,"SLEET, HAIL, FREEZING RAIN OR DRIZZLE",ICE,OTHER,NO CONTROLS,NOT AT INTERSECTION,"ONE-WAY, NOT DIVIDED","SIDESWIPE, SAME DIRECTION",COLLISION WITH PARKED MOTOR VEHICLE,ROADWAY,25,0,0,0,0,0,3,0,0,0,0,0,0,0,42.3943,-71.0904,4,2.50174E+14
23007871,12/02/2023 12:03,Day Shift (8AM - 4PM),"74 GRANT ST Somerville, MA",DAYLIGHT,CLEAR,DRY,NONE,NO CONTROLS,NOT AT INTERSECTION,"ONE-WAY, NOT DIVIDED",HEAD ON,COLLISION WITH PEDALCYCLE,ROADWAY,20,0,0,0,0,0,2,0,0,1,0,1,0,0,42.3937,-71.0892,4,2.50174E+14
21030898,19/06/2021 06:47,Last Half (Midnight - 8AM),"87 TEMPLE ST Somerville, MA",DAWN,CLEAR,DRY,UNKNOWN,NO CONTROLS,T-INTERSECTION,"TWO-WAY, DIVIDED, UNPROTECTED MEDIAN",REAR-END,COLLISION WITH PARKED MOTOR VEHICLE,ROADWAY,25,0,0,0,0,0,5,0,0,0,0,0,0,1,42.3951,-71.091,4,2.50174E+14
23036426,29/06/2023 19:44,First Half (4PM - Midnight),"65 TEMPLE ST Somerville, MA",DAYLIGHT,CLEAR,DRY,NONE,NO CONTROLS,NOT AT INTERSECTION,"TWO-WAY, NOT DIVIDED",SINGLE VEHICLE CRASH,COLLISION WITH TREE,ROADWAY,20,0,0,0,0,0,4,0,0,0,0,0,0,0,42.3946,-71.0915,4,2.50174E+14
20028597,05/06/2020 18:09,First Half (4PM - Midnight),"34 DERBY ST Somerville, MA",DAYLIGHT,CLEAR,DRY,NONE,NO CONTROLS,NOT AT INTERSECTION,"ONE-WAY, NOT DIVIDED",REAR-END,COLLISION WITH PARKED MOTOR VEHICLE,ROADWAY,20,0,0,0,0,0,2,0,0,0,0,0,0,0,42.3937,-71.09,4,2.50174E+14
19034027,17/06/2019 13:47,Day Shift (8AM - 4PM),"67 TEMPLE ST Somerville, MA",DAYLIGHT,CLEAR,DRY,NONE,NO CONTROLS,NOT AT INTERSECTION,"TWO-WAY, NOT DIVIDED",SINGLE VEHICLE CRASH,COLLISION WITH PEDESTRIAN,ROADWAY,25,0,0,1,0,0,6,0,0,1,1,0,0,0,42.3948,-71.0915,4,2.50174E+14
23023880,02/05/2023 18:04,First Half (4PM - Midnight),"37 JAQUES ST Somerville, MA",DAYLIGHT,CLEAR,DRY,NONE,UNKNOWN,UNKNOWN,"TWO-WAY, NOT DIVIDED","SIDESWIPE, SAME DIRECTION",COLLISION WITH PARKED MOTOR VEHICLE,SHOULDER - PAVED,25,0,0,0,0,0,2,0,0,0,0,0,0,0,42.3937,-71.0907,4,2.50174E+14
23016998,01/04/2023 05:26,Last Half (Midnight - 8AM),"69 TEMPLE STREET Somerville, MA",DAWN,RAIN,WET,NONE,NO CONTROLS,NOT AT INTERSECTION,"TWO-WAY, NOT DIVIDED","SIDESWIPE, SAME DIRECTION",COLLISION WITH PARKED MOTOR VEHICLE,ROADWAY,25,0,0,0,0,0,3,0,0,0,0,0,0,0,42.395,-71.0915,4,2.50174E+14
19065813,17/11/2019 20:09,First Half (4PM - Midnight),"36 DERBY ST Somerville, MA",DARK - ROADWAY NOT LIGHTED,OTHER,WET,NONE,NO CONTROLS,NOT AT INTERSECTION,"ONE-WAY, NOT DIVIDED",ANGLE,COLLISION WITH PEDESTRIAN,ROADWAY,20,0,0,1,0,0,6,0,0,1,0,0,1,0,42.3937,-71.09,4,2.50174E+14
19069111,05/12/2019 18:42,First Half (4PM - Midnight),"63 TEMPLE ST Somerville, MA",DARK - LIGHTED ROADWAY,CLEAR,WET,NONE,NO CONTROLS,NOT AT INTERSECTION,"TWO-WAY, NOT DIVIDED","SIDESWIPE, OPPOSITE DIRECTION",COLLISION WITH PEDALCYCLE,ROADWAY,25,0,0,0,0,0,3,0,0,1,0,1,0,0,42.3946,-71.0915,4,2.50174E+14
21051309,29/09/2021 10:01,Day Shift (8AM - 4PM),"48 JAQUES ST Somerville, MA",DAYLIGHT,CLEAR,DRY,NONE,NO CONTROLS,NOT AT INTERSECTION,"TWO-WAY, NOT DIVIDED","SIDESWIPE, SAME DIRECTION",COLLISION WITH PARKED MOTOR VEHICLE,ROADSIDE,20,0,0,0,0,0,2,0,0,0,0,0,0,0,42.3938,-71.0916,4,2.50174E+14
23065830,13/11/2023 14:14,Day Shift (8AM - 4PM),"34 GRANT ST Somerville, MA",DAYLIGHT,CLOUDY,DRY,NONE,NO CONTROLS,NOT AT INTERSECTION,"ONE-WAY, NOT DIVIDED",ANGLE,COLLISION WITH MOTOR VEHICLE IN TRAFFIC,ROADWAY,25,0,0,0,0,1,3,0,0,0,0,0,0,0,42.3928,-71.0905,4,2.50174E+14
22056524,03/10/2022 17:47,First Half (4PM - Midnight),"24 GRANT ST Somerville, MA",DAYLIGHT,CLEAR,DRY,NONE,STOP SIGNS,T-INTERSECTION,"ONE-WAY, NOT DIVIDED","SIDESWIPE, SAME DIRECTION",COLLISION WITH MOTOR VEHICLE IN TRAFFIC,ROADWAY,20,0,0,0,0,0,3,0,0,0,0,0,0,0,42.3926,-71.0908,4,2.50174E+14
21060318,17/11/2021 19:29,First Half (4PM - Midnight),"35 TEMPLE ST Somerville, MA",DARK - LIGHTED ROADWAY,CLOUDY,DRY,NONE,NO CONTROLS,NOT AT INTERSECTION,"TWO-WAY, NOT DIVIDED",REAR-END,COLLISION WITH MOTOR VEHICLE IN TRAFFIC,ROADWAY,25,0,0,0,0,0,3,0,0,0,0,0,0,0,42.3937,-71.0923,4,2.50174E+14
21044660,27/08/2021 09:46,Day Shift (8AM - 4PM),"25 SEWALL ST Somerville, MA",DAYLIGHT,CLEAR,DRY,NONE,NO CONTROLS,NOT AT INTERSECTION,"ONE-WAY, NOT DIVIDED","SIDESWIPE, SAME DIRECTION",COLLISION WITH PARKED MOTOR VEHICLE,ROADSIDE,25,0,0,0,0,0,3,0,0,0,0,0,0,0,42.3932,-71.0915,4,2.50174E+14
23012176,08/03/2023 17:29,First Half (4PM - Midnight),"9 TEMPLE ST Somerville, MA",DAYLIGHT,CLEAR,DRY,NONE,NO CONTROLS,NOT AT INTERSECTION,"TWO-WAY, NOT DIVIDED","SIDESWIPE, SAME DIRECTION",COLLISION WITH MOTOR VEHICLE IN TRAFFIC,ROADWAY,25,0,0,0,0,0,2,0,0,0,0,0,0,0,42.3928,-71.0929,4,2.50174E+14
19044370,03/08/2019 23:08,First Half (4PM - Midnight),"313 BROADWAY Somerville, MA",DARK - LIGHTED ROADWAY,CLEAR,DRY,NONE,NO CONTROLS,NOT AT INTERSECTION,"TWO-WAY, NOT DIVIDED",SINGLE VEHICLE CRASH,OTHER,OUTSIDE ROADWAY,15,0,0,0,1,0,0,0,0,0,0,0,0,0,42.3927,-71.093,4,2.50174E+14
18046930,07/08/2018 21:40,First Half (4PM - Midnight),"299 BROADWAY Somerville, MA",DARK - LIGHTED ROADWAY,CLEAR,DRY,NONE,NO CONTROLS,NOT AT INTERSECTION,"TWO-WAY, DIVIDED, POSITIVE MEDIAN BARRIER",ANGLE,COLLISION WITH PEDALCYCLE,ROADWAY,30,0,0,0,0,1,0,0,0,1,0,1,0,1,42.3923,-71.0919,4,2.50174E+14
24000153,02/01/2024 01:30,Last Half (Midnight - 8AM),"299 BROADWAY Somerville, MA",DARK - ROADWAY NOT LIGHTED,CLEAR,DRY,NONE,NO CONTROLS,NOT AT INTERSECTION,UNKNOWN,SINGLE VEHICLE CRASH,COLLISION WITH LIGHT POLE OR OTHER POST/SUPPORT,UNKNOWN,10,0,0,0,0,0,1,0,0,0,0,0,0,0,42.3923,-71.0919,4,2.50174E+14
19066375,20/11/2019 19:41,First Half (4PM - Midnight),"281 BROADWAY Somerville, MA",DARK - LIGHTED ROADWAY,RAIN,WET,NONE,STOP SIGNS,T-INTERSECTION,"TWO-WAY, DIVIDED, POSITIVE MEDIAN BARRIER",ANGLE,COLLISION WITH MOTOR VEHICLE IN TRAFFIC,ROADWAY,30,0,0,0,0,0,3,0,0,0,0,0,0,0,42.392,-71.0916,4,2.50174E+14
23008411,15/02/2023 10:32,Day Shift (8AM - 4PM),"299 BROADWAY Somerville, MA",DAYLIGHT,CLEAR,DRY,NONE,NO CONTROLS,DRIVEWAY,"TWO-WAY, NOT DIVIDED",REAR TO REAR,COLLISION WITH PARKED MOTOR VEHICLE,OUTSIDE ROADWAY,25,0,0,0,0,0,4,0,0,0,0,0,0,0,42.3923,-71.0919,4,2.50174E+14
19042490,26/07/2019 16:51,First Half (4PM - Midnight),"9 TEMPLE ST Somerville, MA",DAYLIGHT,CLEAR,DRY,NONE,NO CONTROLS,NOT AT INTERSECTION,"TWO-WAY, NOT DIVIDED",ANGLE,COLLISION WITH MOTOR VEHICLE IN TRAFFIC,ROADWAY,25,0,0,0,0,0,1,1,0,0,0,0,0,0,42.3928,-71.0929,4,2.50174E+14
22055318,28/09/2022 12:27,Day Shift (8AM - 4PM),"299 BROADWAY Somerville, MA",DAYLIGHT,CLEAR,DRY,NONE,NO CONTROLS,NOT AT INTERSECTION,"TWO-WAY, DIVIDED, POSITIVE MEDIAN BARRIER","SIDESWIPE, SAME DIRECTION",COLLISION WITH PARKED MOTOR VEHICLE,ROADSIDE,25,0,0,0,0,0,4,0,0,0,0,0,0,0,42.3923,-71.0919,4,2.50174E+14
23018623,08/04/2023 10:09,Day Shift (8AM - 4PM),"9 TEMPLE ST Somerville, MA",DAYLIGHT,CLEAR,DRY,NONE,NO CONTROLS,NOT AT INTERSECTION,"TWO-WAY, NOT DIVIDED",SINGLE VEHICLE CRASH,COLLISION WITH PEDESTRIAN,ROADWAY,20,0,0,0,1,0,4,0,0,1,1,0,0,0,42.3928,-71.0929,4,2.50174E+14
24019531,08/04/2024 18:17,First Half (4PM - Midnight),"MCGRATH HWY & NA Somerville, MA",DUSK,CLEAR,DRY,NONE,NO CONTROLS,NOT AT INTERSECTION,"TWO-WAY, DIVIDED, UNPROTECTED MEDIAN","SIDESWIPE, OPPOSITE DIRECTION",COLLISION WITH MOTOR VEHICLE IN TRAFFIC,ROADWAY,25,0,0,0,1,0,2,0,0,0,0,0,0,0,42.3929,-71.0857,4,2.50174E+14
21034588,07/07/2021 14:30,Day Shift (8AM - 4PM),"MCGRATH HWY & MIDDLESEX AV Somerville, MA",DAYLIGHT,CLEAR,DRY,NONE,NO CONTROLS,T-INTERSECTION,"TWO-WAY, NOT DIVIDED",ANGLE,COLLISION WITH MOTOR VEHICLE IN TRAFFIC,ROADWAY,25,0,0,0,1,0,1,0,0,0,0,0,0,0,42.3929,-71.0857,4,2.50174E+14
22031690,06/06/2022 16:39,First Half (4PM - Midnight),"MCGRATH HWY & NA Somerville, MA",DAYLIGHT,CLEAR,DRY,NONE,NO CONTROLS,NOT AT INTERSECTION,"TWO-WAY, NOT DIVIDED",SINGLE VEHICLE CRASH,COLLISION WITH PEDESTRIAN,ROADWAY,25,0,0,0,1,0,1,0,0,1,1,0,0,0,42.3929,-71.0857,4,2.50174E+14
21013104,13/03/2021 21:56,First Half (4PM - Midnight),"FELLSWAY & MYSTIC AVE Somerville, MA",DARK - LIGHTED ROADWAY,CLEAR,DRY,NONE,TRAFFIC CONTROL SIGNAL,FOUR WAY INTERSECTION,"TWO-WAY, DIVIDED, POSITIVE MEDIAN BARRIER","SIDESWIPE, SAME DIRECTION",COLLISION WITH MOTOR VEHICLE IN TRAFFIC,ROADWAY,30,0,0,0,0,0,6,0,0,0,0,0,0,0,42.3929,-71.0857,4,2.50174E+14
22004892,31/01/2022 16:07,First Half (4PM - Midnight),"UNK MCGRATH HYWY Somerville, MA",DAYLIGHT,CLEAR,ICE,OBSTRUCTION IN ROADWAY,NO CONTROLS,NOT AT INTERSECTION,"TWO-WAY, DIVIDED, POSITIVE MEDIAN BARRIER",SINGLE VEHICLE CRASH,OTHER,ROADWAY,40,0,0,0,0,1,0,0,0,0,0,0,0,0,42.3929,-71.0857,4,2.50174E+14
19043627,31/07/2019 20:48,First Half (4PM - Midnight),"BROADWAY & MCGRATH HWY Somerville, MA",DARK - LIGHTED ROADWAY,CLEAR,DRY,NONE,TRAFFIC CONTROL SIGNAL,FOUR WAY INTERSECTION,"TWO-WAY, DIVIDED, UNPROTECTED MEDIAN",UNKNOWN,COLLISION WITH PEDESTRIAN,ROADWAY,30,0,0,0,0,0,2,0,0,1,1,0,0,0,42.3898,-71.0882,1,2.50174E+14
23018863,09/04/2023 17:47,First Half (4PM - Midnight),"BROADWAY & MCGRATH HWY Somerville, MA",DAYLIGHT,CLEAR,DRY,NONE,TRAFFIC CONTROL SIGNAL,FOUR WAY INTERSECTION,"TWO-WAY, NOT DIVIDED",ANGLE,COLLISION WITH MOTOR VEHICLE IN TRAFFIC,ROADWAY,30,0,0,0,0,0,2,0,0,0,0,0,0,0,42.3898,-71.0882,1,2.50174E+14
18050269,23/08/2018 11:42,Day Shift (8AM - 4PM),"BROADWAY & MCGRATH HWY Somerville, MA",DAYLIGHT,CLOUDY,DRY,NONE,TRAFFIC CONTROL SIGNAL,FOUR WAY INTERSECTION,"TWO-WAY, DIVIDED, UNPROTECTED MEDIAN",REAR-END,COLLISION WITH MOTOR VEHICLE IN TRAFFIC,ROADWAY,30,0,0,0,0,0,4,0,0,0,0,0,0,0,42.3898,-71.0882,1,2.50174E+14
18065912,06/11/2018 01:36,Last Half (Midnight - 8AM),"BROADWAY & MCGRATH HWY Somerville, MA",DARK - LIGHTED ROADWAY,RAIN,WET,ROAD SURFACE CONDITION,TRAFFIC CONTROL SIGNAL,FOUR WAY INTERSECTION,"TWO-WAY, DIVIDED, POSITIVE MEDIAN BARRIER",REAR-END,COLLISION WITH MOTOR VEHICLE IN TRAFFIC,ROADWAY,35,0,0,1,0,0,2,0,0,0,0,0,0,0,42.3898,-71.0882,1,2.50174E+14
18069998,27/11/2018 00:02,Last Half (Midnight - 8AM),"BROADWAY & MCGRATH HWY Somerville, MA",DARK - LIGHTED ROADWAY,RAIN,WET,TRAFFIC CONTROL DEVICE,FLASHING TRAFIC CONTROL SIGNAL,FOUR WAY INTERSECTION,"TWO-WAY, DIVIDED, POSITIVE MEDIAN BARRIER",HEAD ON,COLLISION WITH MOTOR VEHICLE IN TRAFFIC,ROADWAY,35,0,0,0,1,0,2,0,0,0,0,0,0,0,42.3898,-71.0882,1,2.50174E+14
23032528,11/06/2023 16:49,First Half (4PM - Midnight),"BROADWAY & MCGRATH HWY Somerville, MA",DAYLIGHT,CLEAR,DRY,NONE,TRAFFIC CONTROL SIGNAL,FOUR WAY INTERSECTION,"TWO-WAY, DIVIDED, UNPROTECTED MEDIAN",SINGLE VEHICLE CRASH,COLLISION WITH PEDESTRIAN,ROADWAY,25,0,0,0,1,0,3,0,0,1,1,0,0,0,42.3898,-71.0882,1,2.50174E+14
20052720,30/10/2020 15:36,Day Shift (8AM - 4PM),"BROADWAY & MCGRATH HWY Somerville, MA",OTHER,SNOW,WET,UNKNOWN,NO CONTROLS,NOT AT INTERSECTION,"ONE-WAY, NOT DIVIDED",ANGLE,COLLISION WITH MOTOR VEHICLE IN TRAFFIC,ROADWAY,25,0,0,0,0,0,5,0,0,0,0,0,0,0,42.3898,-71.0882,1,2.50174E+14
18065534,04/11/2018 01:33,Last Half (Midnight - 8AM),"FELLSWAY W & JAQUES ST Somerville, MA",DARK - LIGHTED ROADWAY,CLEAR,DRY,NONE,NO CONTROLS,T-INTERSECTION,"TWO-WAY, NOT DIVIDED","SIDESWIPE, SAME DIRECTION",COLLISION WITH PARKED MOTOR VEHICLE,ROADWAY,20,0,0,0,0,0,2,0,0,0,0,0,0,1,42.3919,-71.0888,1,2.50174E+14
18053557,07/09/2018 17:55,First Half (4PM - Midnight),"BROADWAY & FELLSWAY W Somerville, MA",DAYLIGHT,CLEAR,DRY,TRAFFIC CONGESTION RELATED,TRAFFIC CONTROL SIGNAL,T-INTERSECTION,"TWO-WAY, DIVIDED, POSITIVE MEDIAN BARRIER",ANGLE,COLLISION WITH MOTOR VEHICLE IN TRAFFIC,ROADWAY,20,0,0,0,0,0,2,0,0,0,0,0,0,0,42.3908,-71.0902,1,2.50174E+14
22002708,18/01/2022 14:20,Day Shift (8AM - 4PM),"BROADWAY & FELLSWAY W Somerville, MA",DAYLIGHT,CLEAR,DRY,NONE,TRAFFIC CONTROL SIGNAL,FOUR WAY INTERSECTION,"TWO-WAY, DIVIDED, POSITIVE MEDIAN BARRIER",REAR-END,COLLISION WITH MOTOR VEHICLE IN TRAFFIC,ROADWAY,25,0,0,0,0,0,3,0,0,0,0,0,0,0,42.3908,-71.0902,1,2.50174E+14
23052979,15/09/2023 09:58,Day Shift (8AM - 4PM),"BROADWAY & FELLSWAY W Somerville, MA",DAYLIGHT,CLOUDY,DRY,NONE,FLASHING TRAFIC CONTROL SIGNAL,T-INTERSECTION,"TWO-WAY, DIVIDED, POSITIVE MEDIAN BARRIER",SINGLE VEHICLE CRASH,COLLISION WITH PEDESTRIAN,ROADWAY,25,0,0,0,1,0,1,0,0,1,1,0,0,0,42.3908,-71.0902,1,2.50174E+14
19038007,05/07/2019 16:12,First Half (4PM - Midnight),"BROADWAY & FELLSWAY W Somerville, MA",DAYLIGHT,CLEAR,DRY,NONE,STOP SIGNS,T-INTERSECTION,"TWO-WAY, DIVIDED, POSITIVE MEDIAN BARRIER",ANGLE,COLLISION WITH MOTOR VEHICLE IN TRAFFIC,ROADWAY,30,0,0,0,0,0,2,0,0,0,0,0,0,0,42.3908,-71.0902,1,2.50174E+14
19054088,20/09/2019 09:00,Day Shift (8AM - 4PM),"BROADWAY & FELLSWAY W Somerville, MA",DAYLIGHT,CLEAR,DRY,NONE,FLASHING TRAFIC CONTROL SIGNAL,T-INTERSECTION,"TWO-WAY, DIVIDED, POSITIVE MEDIAN BARRIER",ANGLE,COLLISION WITH MOTOR VEHICLE IN TRAFFIC,ROADWAY,20,0,0,0,2,0,0,0,0,0,0,0,0,0,42.3908,-71.0902,1,2.50174E+14
19069126,05/12/2019 21:08,First Half (4PM - Midnight),"704 MCGRATH HWY Somerville, MA",DARK - LIGHTED ROADWAY,CLEAR,WET,NONE,NO CONTROLS,NOT AT INTERSECTION,"ONE-WAY, NOT DIVIDED",REAR-END,COLLISION WITH MOTOR VEHICLE IN TRAFFIC,ROADWAY,25,0,0,0,0,1,1,0,0,0,0,0,0,0,42.39,-71.0882,1,2.50174E+14
23046168,15/08/2023 08:15,Day Shift (8AM - 4PM),"DERBY ST & WHEATLAND ST Somerville, MA",DAYLIGHT,RAIN,WET,NONE,STOP SIGNS,T-INTERSECTION,"ONE-WAY, NOT DIVIDED",ANGLE,COLLISION WITH MOTOR VEHICLE IN TRAFFIC,ROADWAY,25,0,0,0,0,0,2,0,0,0,0,0,0,0,42.3929,-71.0887,4,2.50174E+14
23059878,16/10/2023 17:13,First Half (4PM - Midnight),"62 FELLSWAY WEST Somerville, MA",DAYLIGHT,CLEAR,DRY,NONE,NO CONTROLS,NOT AT INTERSECTION,"ONE-WAY, NOT DIVIDED",SINGLE VEHICLE CRASH,COLLISION WITH TREE,ROADWAY,20,0,0,0,0,0,1,0,0,0,0,0,0,0,42.3927,-71.0881,4,2.50174E+14
23003049,18/01/2023 18:22,First Half (4PM - Midnight),"362 MYSTIC AV Somerville, MA",DARK - LIGHTED ROADWAY,CLEAR,DRY,NONE,FLASHING TRAFIC CONTROL SIGNAL,T-INTERSECTION,"TWO-WAY, DIVIDED, UNPROTECTED MEDIAN","SIDESWIPE, SAME DIRECTION",COLLISION WITH MOTOR VEHICLE IN TRAFFIC,OUTSIDE ROADWAY,25,0,0,0,0,0,5,0,0,0,0,0,0,0,42.3942,-71.0876,4,2.50174E+14
23045557,12/08/2023 05:02,Last Half (Midnight - 8AM),"88 WHEATLAND ST Somerville, MA",DARK - LIGHTED ROADWAY,CLEAR,DRY,NONE,NO CONTROLS,NOT AT INTERSECTION,"ONE-WAY, NOT DIVIDED",ANGLE,COLLISION WITH PARKED MOTOR VEHICLE,ROADWAY,25,0,0,0,0,0,1,0,0,0,0,0,0,0,42.3937,-71.0881,4,2.50174E+14
21061389,24/11/2021 13:24,Day Shift (8AM - 4PM),"68 WHEATLAND ST Somerville, MA",DAYLIGHT,CLEAR,DRY,NONE,NO CONTROLS,NOT AT INTERSECTION,"ONE-WAY, NOT DIVIDED",SINGLE VEHICLE CRASH,COLLISION WITH CURB,OUTSIDE ROADWAY,25,0,0,0,0,1,1,0,0,0,0,0,0,0,42.3931,-71.0887,4,2.50174E+14
23006003,03/02/2023 20:01,First Half (4PM - Midnight),"78 WHEATLAND ST Somerville, MA",DARK - LIGHTED ROADWAY,CLEAR,DRY,NONE,NO CONTROLS,NOT AT INTERSECTION,"ONE-WAY, NOT DIVIDED","SIDESWIPE, SAME DIRECTION",COLLISION WITH PARKED MOTOR VEHICLE,ROADWAY,25,0,0,0,0,0,4,0,0,0,0,0,0,0,42.3934,-71.0884,4,2.50174E+14
19048321,23/08/2019 20:09,First Half (4PM - Midnight),"374 MYSTIC AV Somerville, MA",DARK - LIGHTED ROADWAY,CLOUDY,DRY,NONE,NO CONTROLS,T-INTERSECTION,"TWO-WAY, DIVIDED, UNPROTECTED MEDIAN",ANGLE,COLLISION WITH MOTOR VEHICLE IN TRAFFIC,ROADWAY,35,0,0,0,0,0,3,0,0,0,0,0,0,0,42.3942,-71.0876,4,2.50174E+14