Crash Number,Date and Time of Crash,Police Shift,Crash Location,Light Conditions,Weather Conditions,Road Surface,Road Contributing Circumstances,Traffic Control Device Type,Roadway Intersection Type,Trafficway Description,Manner of Collision,First Harmful Event,First Harmful Event Location,Speed Limit,Work Zone,Count Fatal Injury ,Count Suspected Serious Injury,Count Suspected Minor Injury ,Count Possible Injury,Count No Apparent Injury,Count Unknown Injury,Count Not Reported Injury,Total Non-Motorists,Pedestrian Involvement (Non-Motorist),Cyclist Involvement (Non-Motorist),Other Non-Motorist Involvement,Hit and Run Flag,Latitude,Longitude,Ward,Block Code 
19058650,12/10/2019 15:29,Day Shift (8AM - 4PM),"77 GRANT ST Somerville, MA",DAYLIGHT,RAIN,WET,NONE,NO CONTROLS,NOT AT INTERSECTION,"ONE-WAY, NOT DIVIDED",UNKNOWN,COLLISION WITH PARKED MOTOR VEHICLE,UNKNOWN,25,0,0,0,0,0,3,0,0,0,0,0,0,0,42.3936,-71.0887,4,2.50174E+14
20003211,19/01/2020 00:17,Last Half (Midnight - 8AM),"10 DERBY ST Somerville, MA",DARK - LIGHTED ROADWAY,SNOW,SNOW,ROAD SURFACE CONDITION,NO CONTROLS,NOT AT INTERSECTION,"ONE-WAY, NOT DIVIDED","SIDESWIPE, SAME DIRECTION",COLLISION WITH PARKED MOTOR VEHICLE,ROADWAY,25,0,0,0,0,0,4,0,0,0,0,0,0,0,42.3931,-71.0891,4,2.50174E+14
22007918,16/02/2022 13:27,Day Shift (8AM - 4PM),"GRANT ST & JAQUES ST Somerville, MA",DAYLIGHT,CLEAR,DRY,NONE,STOP SIGNS,FOUR WAY INTERSECTION,"ONE-WAY, NOT DIVIDED",ANGLE,OTHER,ROADWAY,25,0,0,0,0,1,2,0,0,1,0,0,1,0,42.3929,-71.09,4,2.50174E+14
21014159,19/03/2021 22:37,First Half (4PM - Midnight),"JAQUES ST & WHEATLAND ST Somerville, MA",DARK - LIGHTED ROADWAY,CLEAR,DRY,NONE,STOP SIGNS,FOUR WAY INTERSECTION,"ONE-WAY, NOT DIVIDED",HEAD ON,COLLISION WITH UTILITY POLE,ROADWAY,25,0,0,0,0,1,2,0,0,0,0,0,0,0,42.3924,-71.0894,4,2.50174E+14
19063201,04/11/2019 07:01,Last Half (Midnight - 8AM),"JAQUES ST & WHEATLAND ST Somerville, MA",DAYLIGHT,CLEAR,DRY,NONE,STOP SIGNS,FOUR WAY INTERSECTION,"ONE-WAY, NOT DIVIDED",ANGLE,COLLISION WITH MOTOR VEHICLE IN TRAFFIC,ROADWAY,20,0,0,0,0,0,4,0,0,0,0,0,0,0,42.3924,-71.0894,4,2.50174E+14
23043236,31/07/2023 19:46,First Half (4PM - Midnight),"21 GRANT ST Somerville, MA",DAWN,CLEAR,DRY,NONE,NO CONTROLS,T-INTERSECTION,"ONE-WAY, NOT DIVIDED",ANGLE,COLLISION WITH PARKED MOTOR VEHICLE,ROADWAY,25,0,0,0,0,0,2,0,0,0,0,0,0,0,42.3922,-71.0906,4,2.50174E+14
19067718,27/11/2019 15:34,Day Shift (8AM - 4PM),"15 GRANT ST Somerville, MA",DUSK,CLOUDY,DRY,NONE,NO CONTROLS,NOT AT INTERSECTION,"ONE-WAY, NOT DIVIDED",REAR-END,COLLISION WITH PARKED MOTOR VEHICLE,ROADSIDE,25,0,0,0,1,1,2,0,0,0,0,0,0,0,42.3921,-71.0908,4,2.50174E+14
22031678,06/06/2022 15:31,Day Shift (8AM - 4PM),"BROADWAY & GRANT ST Somerville, MA",DAYLIGHT,CLEAR,DRY,NONE,NO CONTROLS,T-INTERSECTION,"TWO-WAY, DIVIDED, UNPROTECTED MEDIAN","SIDESWIPE, SAME DIRECTION",COLLISION WITH MOTOR VEHICLE IN TRAFFIC,ROADWAY,25,0,0,0,0,1,2,0,0,0,0,0,0,0,42.3917,-71.0917,4,2.50174E+14
22047626,25/08/2022 06:24,Last Half (Midnight - 8AM),"269 BROADWAY Somerville, MA",DAYLIGHT,CLEAR,DRY,NONE,NO CONTROLS,NOT AT INTERSECTION,"TWO-WAY, DIVIDED, UNPROTECTED MEDIAN",ANGLE,COLLISION WITH MOTOR VEHICLE IN TRAFFIC,ROADWAY,25,0,0,0,1,0,2,0,0,0,0,0,0,0,42.3916,-71.0909,4,2.50174E+14
19072323,22/12/2019 17:42,First Half (4PM - Midnight),"BROADWAY & WALNUT ST Somerville, MA",DARK - LIGHTED ROADWAY,CLEAR,DRY,NONE,FLASHING TRAFIC CONTROL SIGNAL,T-INTERSECTION,"TWO-WAY, DIVIDED, POSITIVE MEDIAN BARRIER",ANGLE,COLLISION WITH MOTOR VEHICLE IN TRAFFIC,ROADWAY,25,0,0,0,0,0,3,0,0,0,0,0,0,0,42.391,-71.0906,4,2.50174E+14
22002744,18/01/2022 17:58,First Half (4PM - Midnight),"265 BROADWAY Somerville, MA",DARK - LIGHTED ROADWAY,CLEAR,DRY,NONE,TRAFFIC CONTROL SIGNAL,NOT AT INTERSECTION,"ONE-WAY, NOT DIVIDED",REAR-END,COLLISION WITH MOTOR VEHICLE IN TRAFFIC,OUTSIDE ROADWAY,25,0,0,0,0,0,2,0,0,0,0,0,0,0,42.3914,-71.0906,4,2.50174E+14
20061663,22/12/2020 09:52,Day Shift (8AM - 4PM),"BROADWAY & WALNUT ST Somerville, MA",DAYLIGHT,CLEAR,WET,NONE,FLASHING TRAFIC CONTROL SIGNAL,FOUR WAY INTERSECTION,"TWO-WAY, DIVIDED, POSITIVE MEDIAN BARRIER",SINGLE VEHICLE CRASH,COLLISION WITH PEDESTRIAN,ROADWAY,25,0,0,0,1,0,4,0,0,2,1,0,1,0,42.391,-71.0906,4,2.50174E+14
18056260,20/09/2018 13:35,Day Shift (8AM - 4PM),"BROADWAY & WALNUT ST Somerville, MA",DAYLIGHT,CLEAR,DRY,NONE,STOP SIGNS,T-INTERSECTION,"TWO-WAY, DIVIDED, POSITIVE MEDIAN BARRIER",ANGLE,COLLISION WITH PEDALCYCLE,ROADWAY,30,0,0,0,0,0,2,0,0,1,0,1,0,0,42.391,-71.0906,4,2.50174E+14
20018508,07/04/2020 17:47,First Half (4PM - Midnight),"BROADWAY & WALNUT ST Somerville, MA",DAYLIGHT,CLEAR,DRY,NONE,TRAFFIC CONTROL SIGNAL,FOUR WAY INTERSECTION,"TWO-WAY, DIVIDED, POSITIVE MEDIAN BARRIER",REAR-END,COLLISION WITH MOTOR VEHICLE IN TRAFFIC,ROADWAY,25,0,0,0,0,0,2,0,0,0,0,0,0,1,42.391,-71.0906,4,2.50174E+14
18035125,12/06/2018 23:16,First Half (4PM - Midnight),"10 FELLSWAY W Somerville, MA",DARK - LIGHTED ROADWAY,CLEAR,DRY,NONE,NO CONTROLS,NOT AT INTERSECTION,"ONE-WAY, NOT DIVIDED","SIDESWIPE, SAME DIRECTION",COLLISION WITH PARKED MOTOR VEHICLE,ROADWAY,25,0,0,0,0,0,0,0,0,0,0,0,0,1,42.3913,-71.0899,4,2.50174E+14
21043362,20/08/2021 11:05,Day Shift (8AM - 4PM),"BROADWAY & WALNUT ST Somerville, MA",DAYLIGHT,CLOUDY,DRY,NONE,FLASHING TRAFIC CONTROL SIGNAL,T-INTERSECTION,"TWO-WAY, DIVIDED, UNPROTECTED MEDIAN",REAR-END,COLLISION WITH MOTOR VEHICLE IN TRAFFIC,ROADWAY,25,0,0,0,0,1,4,0,0,0,0,0,0,0,42.391,-71.0906,4,2.50174E+14
18075248,22/12/2018 21:50,First Half (4PM - Midnight),"11 WHEATLAND ST Somerville, MA",DARK - LIGHTED ROADWAY,CLEAR,DRY,NONE,NO CONTROLS,NOT AT INTERSECTION,"ONE-WAY, NOT DIVIDED","SIDESWIPE, OPPOSITE DIRECTION",COLLISION WITH PARKED MOTOR VEHICLE,ROADWAY,20,0,0,0,0,0,6,0,0,0,0,0,0,0,42.3916,-71.0902,4,2.50174E+14
18066563,09/11/2018 07:37,Last Half (Midnight - 8AM),"BROADWAY & WALNUT ST Somerville, MA",DAYLIGHT,CLEAR,DRY,NONE,FLASHING TRAFIC CONTROL SIGNAL,T-INTERSECTION,"TWO-WAY, DIVIDED, POSITIVE MEDIAN BARRIER",REAR-END,COLLISION WITH MOTOR VEHICLE IN TRAFFIC,ROADWAY,30,0,0,0,0,2,1,0,0,0,0,0,0,0,42.391,-71.0906,4,2.50174E+14
22063989,07/11/2022 22:18,First Half (4PM - Midnight),"BROADWAY & WHEATLAND ST Somerville, MA",DARK - LIGHTED ROADWAY,CLEAR,DRY,NONE,STOP SIGNS,T-INTERSECTION,"TWO-WAY, DIVIDED, POSITIVE MEDIAN BARRIER",SINGLE VEHICLE CRASH,COLLISION WITH PEDESTRIAN,ROADWAY,25,0,0,1,0,0,2,0,0,1,1,0,0,0,42.3912,-71.0911,4,2.50174E+14
21033292,01/07/2021 13:09,Day Shift (8AM - 4PM),"BROADWAY & SARGENT AV Somerville, MA",DAYLIGHT,CLOUDY,DRY,NONE,STOP SIGNS,FOUR WAY INTERSECTION,"TWO-WAY, DIVIDED, POSITIVE MEDIAN BARRIER",ANGLE,COLLISION WITH MOTOR VEHICLE IN TRAFFIC,ROADWAY,25,0,0,0,0,1,3,0,0,0,0,0,0,0,42.3917,-71.0919,4,2.50174E+14
21032686,28/06/2021 18:15,First Half (4PM - Midnight),"BROADWAY & MARSHALL Somerville, MA",DAYLIGHT,CLEAR,DRY,NONE,TRAFFIC CONTROL SIGNAL,T-INTERSECTION,"TWO-WAY, DIVIDED, POSITIVE MEDIAN BARRIER",ANGLE,COLLISION WITH MOTOR VEHICLE IN TRAFFIC,ROADWAY,25,0,0,0,0,0,2,0,0,0,0,0,0,0,42.3925,-71.093,4,2.50174E+14
22012453,09/03/2022 18:22,First Half (4PM - Midnight),"BROADWAY & MARSHALL ST Somerville, MA",DARK - LIGHTED ROADWAY,SNOW,WET,NONE,NO CONTROLS,T-INTERSECTION,"TWO-WAY, DIVIDED, POSITIVE MEDIAN BARRIER",HEAD ON,COLLISION WITH PEDESTRIAN,ROADWAY,25,0,0,0,1,0,1,0,0,1,1,0,0,0,42.3925,-71.093,4,2.50174E+14
22065975,18/11/2022 15:02,Day Shift (8AM - 4PM),"0 BROAWAY @ MONTOMERY Somerville, MA",DAYLIGHT,CLEAR,DRY,NONE,NO CONTROLS,DRIVEWAY,"ONE-WAY, NOT DIVIDED",HEAD ON,COLLISION WITH MOTOR VEHICLE IN TRAFFIC,ROADWAY,20,0,0,0,0,0,3,0,0,0,0,0,0,0,42.3905,-71.0901,1,2.50174E+14
19044948,07/08/2019 06:54,Last Half (Midnight - 8AM),"BONAIR ST & DANA ST Somerville, MA",DAYLIGHT,CLEAR,DRY,NONE,STOP SIGNS,T-INTERSECTION,"ONE-WAY, NOT DIVIDED","SIDESWIPE, OPPOSITE DIRECTION",COLLISION WITH PEDALCYCLE,ROADWAY,25,0,0,0,0,1,1,0,0,1,0,1,0,0,42.3886,-71.0896,1,2.50174E+14
23055398,27/09/2023 08:17,Day Shift (8AM - 4PM),"OTIS ST & WESLEY ST Somerville, MA",DAYLIGHT,CLEAR,DRY,UNKNOWN,STOP SIGNS,T-INTERSECTION,"TWO-WAY, NOT DIVIDED",HEAD ON,COLLISION WITH MOTOR VEHICLE IN TRAFFIC,ROADWAY,20,0,0,0,1,0,1,0,0,0,0,0,0,0,42.3882,-71.0906,1,2.50174E+14
21021654,01/05/2021 14:00,Day Shift (8AM - 4PM),"151 WALNUT ST Somerville, MA",DAYLIGHT,CLEAR,DRY,NONE,NO CONTROLS,NOT AT INTERSECTION,"ONE-WAY, NOT DIVIDED","SIDESWIPE, SAME DIRECTION",COLLISION WITH PARKED MOTOR VEHICLE,ROADWAY,25,0,0,0,0,0,2,0,0,0,0,0,0,0,42.3891,-71.0918,4,2.50174E+14
23021701,22/04/2023 10:03,Day Shift (8AM - 4PM),"JASPER ST & PEARL ST Somerville, MA",DAYLIGHT,CLEAR,DRY,NONE,STOP SIGNS,T-INTERSECTION,"TWO-WAY, NOT DIVIDED","SIDESWIPE, SAME DIRECTION",COLLISION WITH MOTOR VEHICLE IN TRAFFIC,ROADWAY,20,0,0,0,0,0,3,0,0,0,0,0,0,1,42.3871,-71.0922,4,2.50174E+14
20061022,18/12/2020 10:08,Day Shift (8AM - 4PM),"PEARL ST & WALNUT ST Somerville, MA",DAYLIGHT,CLOUDY,SLUSH,NONE,TRAFFIC CONTROL SIGNAL,T-INTERSECTION,"TWO-WAY, NOT DIVIDED",ANGLE,COLLISION WITH MOTOR VEHICLE IN TRAFFIC,ROADWAY,25,0,0,0,0,0,6,0,0,0,0,0,0,0,42.3874,-71.0932,4,2.50174E+14
23018555,08/04/2023 01:28,Last Half (Midnight - 8AM),"RADCLIFFE RD & WALNUT ST Somerville, MA",DARK - LIGHTED ROADWAY,CLEAR,DRY,NONE,STOP SIGNS,T-INTERSECTION,"ONE-WAY, NOT DIVIDED","SIDESWIPE, SAME DIRECTION",COLLISION WITH PARKED MOTOR VEHICLE,ROADWAY,25,0,0,0,0,0,3,0,0,0,0,0,0,0,42.3882,-71.0928,4,2.50174E+14
20008168,12/02/2020 21:58,First Half (4PM - Midnight),"PEARL ST & WALNUT ST Somerville, MA",DARK - LIGHTED ROADWAY,CLEAR,DRY,NONE,NO CONTROLS,FOUR WAY INTERSECTION,"ONE-WAY, NOT DIVIDED","SIDESWIPE, SAME DIRECTION",COLLISION WITH PARKED MOTOR VEHICLE,ROADSIDE,25,0,0,0,0,0,2,1,0,0,0,0,0,0,42.3874,-71.0932,4,2.50174E+14
20036969,29/07/2020 19:07,First Half (4PM - Midnight),"209 PEARL ST Somerville, MA",DAYLIGHT,CLEAR,DRY,OBSTRUCTION IN ROADWAY,NO CONTROLS,NOT AT INTERSECTION,"TWO-WAY, NOT DIVIDED",SINGLE VEHICLE CRASH,OTHER,ROADWAY,25,0,0,0,0,0,2,0,0,0,0,0,0,0,42.3874,-71.0928,4,2.50174E+14
23006812,06/02/2023 22:45,First Half (4PM - Midnight),"JASPER ST & PEARL ST Somerville, MA",DARK - LIGHTED ROADWAY,CLEAR,DRY,NONE,NO CONTROLS,T-INTERSECTION,"TWO-WAY, NOT DIVIDED",ANGLE,COLLISION WITH MOTOR VEHICLE IN TRAFFIC,ROADWAY,25,0,0,0,0,0,3,0,0,0,0,0,0,0,42.3871,-71.0922,4,2.50174E+14
19040249,15/07/2019 23:09,First Half (4PM - Midnight),"PEARL ST & WALNUT ST Somerville, MA",DARK - LIGHTED ROADWAY,CLEAR,DRY,UNKNOWN,TRAFFIC CONTROL SIGNAL,T-INTERSECTION,"ONE-WAY, NOT DIVIDED","SIDESWIPE, SAME DIRECTION",COLLISION WITH MOTOR VEHICLE IN TRAFFIC,ROADWAY,25,0,0,0,0,0,3,0,0,1,0,1,0,1,42.3874,-71.0932,4,2.50174E+14
24014954,16/03/2024 20:59,First Half (4PM - Midnight),"PEARL ST & WALNUT ST Somerville, MA",DARK - LIGHTED ROADWAY,CLEAR,DRY,NONE,TRAFFIC CONTROL SIGNAL,T-INTERSECTION,"TWO-WAY, NOT DIVIDED",ANGLE,COLLISION WITH MOTOR VEHICLE IN TRAFFIC,ROADWAY,25,0,0,0,0,0,4,0,0,0,0,0,0,0,42.3874,-71.0932,4,2.50174E+14
21006477,04/02/2021 09:42,Day Shift (8AM - 4PM),"135 WALNUT ST Somerville, MA",DAYLIGHT,CLEAR,DRY,NONE,NO CONTROLS,NOT AT INTERSECTION,"ONE-WAY, NOT DIVIDED","SIDESWIPE, SAME DIRECTION",COLLISION WITH PARKED MOTOR VEHICLE,ROADSIDE,25,0,0,0,0,0,2,0,0,0,0,0,0,0,42.3884,-71.0922,4,2.50174E+14
21015683,28/03/2021 10:34,Day Shift (8AM - 4PM),"201 PEARL ST Somerville, MA",DAYLIGHT,CLEAR,DRY,NONE,TRAFFIC CONTROL SIGNAL,FOUR WAY INTERSECTION,"TWO-WAY, NOT DIVIDED",HEAD ON,COLLISION WITH MOTOR VEHICLE IN TRAFFIC,ROADWAY,25,0,0,0,0,0,2,0,0,0,0,0,0,1,42.3872,-71.0922,4,2.50174E+14
22016639,29/03/2022 11:50,Day Shift (8AM - 4PM),"209 PEARL ST Somerville, MA",DAYLIGHT,CLEAR,DRY,NONE,TRAFFIC CONTROL SIGNAL,T-INTERSECTION,"TWO-WAY, NOT DIVIDED","SIDESWIPE, SAME DIRECTION",COLLISION WITH MOTOR VEHICLE IN TRAFFIC,ROADWAY,20,0,0,0,0,0,4,0,0,0,0,0,0,0,42.3874,-71.0928,4,2.50174E+14
24015181,18/03/2024 09:37,Day Shift (8AM - 4PM),"PEARL ST & WALNUT ST Somerville, MA",DAYLIGHT,CLEAR,DRY,NONE,TRAFFIC CONTROL SIGNAL,FOUR WAY INTERSECTION,"TWO-WAY, NOT DIVIDED",ANGLE,COLLISION WITH MOTOR VEHICLE IN TRAFFIC,ROADWAY,25,0,0,0,0,0,2,0,0,0,0,0,0,0,42.3874,-71.0932,4,2.50174E+14
23072645,18/12/2023 09:01,Day Shift (8AM - 4PM),"PEARL ST & WALNUT ST Somerville, MA",DAYLIGHT,RAIN,WET,NONE,TRAFFIC CONTROL SIGNAL,FOUR WAY INTERSECTION,"TWO-WAY, NOT DIVIDED","SIDESWIPE, SAME DIRECTION",COLLISION WITH PARKED MOTOR VEHICLE,ROADSIDE,25,0,0,0,0,0,2,0,0,0,0,0,0,0,42.3874,-71.0932,4,2.50174E+14
20023711,07/05/2020 18:07,First Half (4PM - Midnight),"131 WALNUT STREET Somerville, MA",DAYLIGHT,CLEAR,DRY,NONE,STOP SIGNS,NOT AT INTERSECTION,"ONE-WAY, NOT DIVIDED",ANGLE,COLLISION WITH MOTOR VEHICLE IN TRAFFIC,ROADWAY,25,0,0,0,0,0,4,0,0,0,0,0,0,0,42.3882,-71.0924,4,2.50174E+14
19055377,26/09/2019 07:47,Last Half (Midnight - 8AM),"PEARL ST & WALNUT ST Somerville, MA",DAYLIGHT,CLEAR,DRY,NONE,TRAFFIC CONTROL SIGNAL,FOUR WAY INTERSECTION,"TWO-WAY, NOT DIVIDED",ANGLE,COLLISION WITH PEDALCYCLE,ROADWAY,25,0,0,0,1,0,2,0,0,1,0,1,0,0,42.3874,-71.0932,4,2.50174E+14
23051978,10/09/2023 16:50,First Half (4PM - Midnight),"11 GILMAN TER Somerville, MA",DUSK,RAIN,WET,NONE,NO CONTROLS,NOT AT INTERSECTION,"TWO-WAY, NOT DIVIDED",ANGLE,COLLISION WITH PARKED MOTOR VEHICLE,ROADWAY,25,0,0,0,1,0,4,0,0,0,0,0,0,0,42.3875,-71.0921,4,2.50174E+14
19059766,17/10/2019 17:24,First Half (4PM - Midnight),"PEARL ST & WALNUT ST Somerville, MA",DUSK,CLOUDY,WET,NONE,TRAFFIC CONTROL SIGNAL,T-INTERSECTION,"ONE-WAY, NOT DIVIDED",HEAD ON,COLLISION WITH MOTOR VEHICLE IN TRAFFIC,ROADWAY,25,0,0,0,1,0,3,0,0,1,0,1,0,0,42.3874,-71.0932,4,2.50174E+14
23055348,26/09/2023 23:00,First Half (4PM - Midnight),"34 MARSHALL ST Somerville, MA",DARK - ROADWAY NOT LIGHTED,CLEAR,DRY,NONE,NO CONTROLS,NOT AT INTERSECTION,"ONE-WAY, NOT DIVIDED","SIDESWIPE, OPPOSITE DIRECTION",COLLISION WITH PARKED MOTOR VEHICLE,ROADWAY,20,0,0,0,0,0,3,0,0,0,0,0,0,0,42.3911,-71.0935,4,2.50174E+14
20019184,12/04/2020 01:11,Last Half (Midnight - 8AM),"1 HOWE ST Somerville, MA",DARK - LIGHTED ROADWAY,CLEAR,DRY,NONE,NO CONTROLS,NOT AT INTERSECTION,"TWO-WAY, NOT DIVIDED",SINGLE VEHICLE CRASH,COLLISION WITH PARKED MOTOR VEHICLE,ROADWAY,25,0,0,0,0,0,2,0,0,0,0,0,0,1,42.3897,-71.0949,4,2.50174E+14
23074162,25/12/2023 23:24,First Half (4PM - Midnight),"21 HOWE ST Somerville, MA",DARK - LIGHTED ROADWAY,"FOG, SMOG, SMOKE",WET,NONE,NO CONTROLS,NOT AT INTERSECTION,"ONE-WAY, NOT DIVIDED",ANGLE,COLLISION WITH PARKED MOTOR VEHICLE,ROADWAY,20,0,0,0,0,0,3,0,0,0,0,0,0,0,42.3901,-71.0959,4,2.50174E+14
22055510,29/09/2022 09:11,Day Shift (8AM - 4PM),"22 MAPLE AV Somerville, MA",DAYLIGHT,CLEAR,DRY,NONE,NO CONTROLS,NOT AT INTERSECTION,"TWO-WAY, NOT DIVIDED",ANGLE,COLLISION WITH PARKED MOTOR VEHICLE,ROADSIDE,25,0,0,0,0,0,3,0,0,0,0,0,0,0,42.3904,-71.0957,4,2.50174E+14
19035382,23/06/2019 16:42,First Half (4PM - Midnight),"1 HOWE ST Somerville, MA",DAYLIGHT,CLEAR,DRY,NONE,NO CONTROLS,NOT AT INTERSECTION,"ONE-WAY, NOT DIVIDED","SIDESWIPE, SAME DIRECTION",COLLISION WITH PARKED MOTOR VEHICLE,ROADWAY,25,0,0,0,0,0,1,0,0,0,0,0,0,0,42.3897,-71.0949,4,2.50174E+14
21039221,29/07/2021 19:18,First Half (4PM - Midnight),"MARSHALL ST & RADCLIFFE RD Somerville, MA",DAYLIGHT,RAIN,WET,NONE,NO CONTROLS,T-INTERSECTION,"ONE-WAY, NOT DIVIDED",ANGLE,COLLISION WITH PEDALCYCLE,ROADWAY,25,0,0,0,0,1,1,0,0,1,0,1,0,0,42.3894,-71.095,4,2.50174E+14
22068802,05/12/2022 17:34,First Half (4PM - Midnight),"193 SCHOOL ST Somerville, MA",DARK - LIGHTED ROADWAY,CLEAR,DRY,NONE,NO CONTROLS,NOT AT INTERSECTION,"TWO-WAY, NOT DIVIDED",HEAD ON,COLLISION WITH MOTOR VEHICLE IN TRAFFIC,ROADWAY,20,0,0,0,0,0,4,0,0,0,0,0,0,0,42.3898,-71.0965,4,2.50174E+14
22000950,07/01/2022 10:15,Day Shift (8AM - 4PM),"75 MARSHALL ST Somerville, MA",DAYLIGHT,SNOW,SNOW,ROAD SURFACE CONDITION,NO CONTROLS,UNKNOWN,"ONE-WAY, NOT DIVIDED",ANGLE,COLLISION WITH PARKED MOTOR VEHICLE,ROADWAY,25,0,0,0,0,0,3,0,0,0,0,0,0,0,42.3893,-71.0953,4,2.50174E+14
19065334,15/11/2019 08:02,Day Shift (8AM - 4PM),"BRADLEY ST & PEARL ST Somerville, MA",DAYLIGHT,CLEAR,DRY,TRAFFIC CONGESTION RELATED,NO CONTROLS,T-INTERSECTION,"TWO-WAY, NOT DIVIDED","SIDESWIPE, SAME DIRECTION",COLLISION WITH MOTOR VEHICLE IN TRAFFIC,ROADWAY,25,0,0,0,0,0,4,0,0,0,0,0,0,0,42.3878,-71.0948,4,2.50174E+14
19052265,11/09/2019 08:16,Day Shift (8AM - 4PM),"249 PEARL ST Somerville, MA",DAYLIGHT,CLEAR,DRY,NONE,NO CONTROLS,NOT AT INTERSECTION,"TWO-WAY, DIVIDED, UNPROTECTED MEDIAN",REAR-END,COLLISION WITH MOTOR VEHICLE IN TRAFFIC,ROADWAY,20,0,0,0,0,0,4,1,0,0,0,0,0,1,42.3882,-71.0955,4,2.50174E+14
19071544,18/12/2019 14:50,Day Shift (8AM - 4PM),"227 PEARL ST Somerville, MA",DAYLIGHT,CLEAR,WET,NONE,NO CONTROLS,NOT AT INTERSECTION,"TWO-WAY, NOT DIVIDED",REAR-END,COLLISION WITH PARKED MOTOR VEHICLE,ROADWAY,30,0,0,0,0,0,2,0,0,0,0,0,0,1,42.3878,-71.094,4,2.50174E+14
24015308,18/03/2024 20:24,First Half (4PM - Midnight),"134 WALNUT ST Somerville, MA",DARK - LIGHTED ROADWAY,CLEAR,DRY,NONE,NO CONTROLS,NOT AT INTERSECTION,"ONE-WAY, NOT DIVIDED","SIDESWIPE, SAME DIRECTION",COLLISION WITH PARKED MOTOR VEHICLE,ROADWAY,25,0,0,0,0,0,1,0,0,0,0,0,0,0,42.3887,-71.0927,4,2.50174E+14
22014466,19/03/2022 01:27,Last Half (Midnight - 8AM),"5 RADCLIFFE Somerville, MA",DARK - LIGHTED ROADWAY,CLEAR,DRY,NONE,NO CONTROLS,NOT AT INTERSECTION,"TWO-WAY, NOT DIVIDED",SINGLE VEHICLE CRASH,COLLISION WITH PARKED MOTOR VEHICLE,SHOULDER - TRAVEL LANE,25,0,0,0,0,0,4,0,0,0,0,0,0,0,42.3884,-71.093,4,2.50174E+14
23013718,17/03/2023 02:28,Last Half (Midnight - 8AM),"130 WALNUT ST Somerville, MA",DARK - LIGHTED ROADWAY,CLEAR,DRY,NONE,NO CONTROLS,NOT AT INTERSECTION,"ONE-WAY, NOT DIVIDED","SIDESWIPE, SAME DIRECTION",COLLISION WITH PARKED MOTOR VEHICLE,ROADWAY,20,0,0,0,1,0,4,0,0,0,0,0,0,0,42.3884,-71.0929,4,2.50174E+14
18059189,04/10/2018 08:56,Day Shift (8AM - 4PM),"BRADLEY ST & RADCLIFFE RD Somerville, MA",DAYLIGHT,CLEAR,DRY,NONE,STOP SIGNS,FOUR WAY INTERSECTION,"TWO-WAY, NOT DIVIDED","SIDESWIPE, SAME DIRECTION",COLLISION WITH PARKED MOTOR VEHICLE,ROADWAY,25,0,0,0,0,0,2,0,0,0,0,0,0,0,42.3889,-71.0941,4,2.50174E+14
21008447,17/02/2021 09:22,Day Shift (8AM - 4PM),"BRADLEY ST & RADCLIFFE RD Somerville, MA",DAYLIGHT,CLEAR,DRY,NONE,STOP SIGNS,FOUR WAY INTERSECTION,"TWO-WAY, NOT DIVIDED",HEAD ON,COLLISION WITH MOTOR VEHICLE IN TRAFFIC,ROADWAY,20,0,0,0,0,0,2,0,0,0,0,0,0,0,42.3889,-71.0941,4,2.50174E+14
20025145,16/05/2020 17:52,First Half (4PM - Midnight),"JACKSON RD & WALNUT ST Somerville, MA",DUSK,CLEAR,DRY,NONE,NO CONTROLS,T-INTERSECTION,UNKNOWN,"SIDESWIPE, SAME DIRECTION",COLLISION WITH MOTOR VEHICLE IN TRAFFIC,ROADWAY,25,0,0,0,0,0,3,0,0,0,0,0,0,0,42.389,-71.0922,4,2.50174E+14
22070855,17/12/2022,Day Shift (8AM - 4PM),"136 WALNUT ST Somerville, MA",DARK - LIGHTED ROADWAY,RAIN,WET,NONE,NO CONTROLS,NOT AT INTERSECTION,"ONE-WAY, NOT DIVIDED","SIDESWIPE, SAME DIRECTION",COLLISION WITH PARKED MOTOR VEHICLE,ROADWAY,25,0,0,0,1,0,1,0,0,0,0,0,0,0,42.3888,-71.0926,4,2.50174E+14
20035423,19/07/2020 01:39,Last Half (Midnight - 8AM),"215 PEARL ST Somerville, MA",DARK - LIGHTED ROADWAY,CLEAR,DRY,NONE,TRAFFIC CONTROL SIGNAL,NOT AT INTERSECTION,"TWO-WAY, NOT DIVIDED",HEAD ON,COLLISION WITH TREE,OUTSIDE ROADWAY,25,0,0,0,1,0,0,0,0,0,0,0,0,0,42.3876,-71.0933,4,2.50174E+14