Crash Number,Date and Time of Crash,Police Shift,Crash Location,Light Conditions,Weather Conditions,Road Surface,Road Contributing Circumstances,Traffic Control Device Type,Roadway Intersection Type,Trafficway Description,Manner of Collision,First Harmful Event,First Harmful Event Location,Speed Limit,Work Zone,Count Fatal Injury ,Count Suspected Serious Injury,Count Suspected Minor Injury ,Count Possible Injury,Count No Apparent Injury,Count Unknown Injury,Count Not Reported Injury,Total Non-Motorists,Pedestrian Involvement (Non-Motorist),Cyclist Involvement (Non-Motorist),Other Non-Motorist Involvement,Hit and Run Flag,Latitude,Longitude,Ward,Block Code 
20062863,30/12/2020 13:18,Day Shift (8AM - 4PM),"300 BROADWAY Somerville, MA",DAYLIGHT,CLEAR,DRY,NONE,NO CONTROLS,NOT AT INTERSECTION,"ONE-WAY, NOT DIVIDED",SINGLE VEHICLE CRASH,OTHER,ROADWAY,20,0,0,0,0,0,0,1,0,0,0,0,0,1,42.3921,-71.093,4,2.50174E+14
21030403,16/06/2021 13:59,Day Shift (8AM - 4PM),"300 BROADWAY Somerville, MA",DAYLIGHT,CLEAR,DRY,NONE,TRAFFIC CONTROL SIGNAL,T-INTERSECTION,"TWO-WAY, DIVIDED, UNPROTECTED MEDIAN",SINGLE VEHICLE CRASH,COLLISION WITH MOTOR VEHICLE IN TRAFFIC,ROADWAY,25,0,0,0,0,1,3,0,0,0,0,0,0,0,42.3921,-71.093,4,2.50174E+14
21010935,03/03/2021 09:30,Day Shift (8AM - 4PM),"292 BROADWAY Somerville, MA",DAYLIGHT,CLEAR,DRY,NONE,NO CONTROLS,NOT AT INTERSECTION,"TWO-WAY, DIVIDED, POSITIVE MEDIAN BARRIER",REAR-END,COLLISION WITH MOTOR VEHICLE IN TRAFFIC,ROADWAY,25,0,0,0,0,0,2,0,0,0,0,0,0,0,42.3919,-71.0926,4,2.50174E+14
18071139,02/12/2018 03:25,Last Half (Midnight - 8AM),"284 BROADWAY Somerville, MA",DARK - LIGHTED ROADWAY,RAIN,WET,NONE,NO CONTROLS,FOUR WAY INTERSECTION,"TWO-WAY, DIVIDED, POSITIVE MEDIAN BARRIER",SINGLE VEHICLE CRASH,COLLISION WITH MEDIAN BARRIER,MEDIAN,30,0,0,0,1,0,1,0,0,0,0,0,0,0,42.3917,-71.0922,4,2.50174E+14
22019034,09/04/2022 20:33,First Half (4PM - Midnight),"284 BROADWAY Somerville, MA",DARK - LIGHTED ROADWAY,CLEAR,DRY,NONE,NO CONTROLS,NOT AT INTERSECTION,"TWO-WAY, DIVIDED, UNPROTECTED MEDIAN",ANGLE,COLLISION WITH PARKED MOTOR VEHICLE,ROADWAY,25,0,0,0,0,0,2,0,0,0,0,0,0,0,42.3917,-71.0922,4,2.50174E+14
19055830,28/09/2019 08:28,Day Shift (8AM - 4PM),"284 BROADWAY Somerville, MA",DAYLIGHT,CLEAR,DRY,NONE,TRAFFIC CONTROL SIGNAL,NOT AT INTERSECTION,UNKNOWN,REAR-END,COLLISION WITH MOTOR VEHICLE IN TRAFFIC,UNKNOWN,30,0,0,0,0,0,3,0,0,0,0,0,0,0,42.3917,-71.0922,4,2.50174E+14
23025782,11/05/2023 11:07,Day Shift (8AM - 4PM),"300 BROADWAY Somerville, MA",DAYLIGHT,CLEAR,DRY,NONE,NO CONTROLS,NOT AT INTERSECTION,"TWO-WAY, NOT DIVIDED",REAR TO REAR,COLLISION WITH PARKED MOTOR VEHICLE,ROADWAY,25,0,0,0,0,0,4,0,0,0,0,0,0,0,42.3921,-71.093,4,2.50174E+14
22051970,13/09/2022 17:56,First Half (4PM - Midnight),"296 BROADWAY Somerville, MA",DAYLIGHT,CLEAR,DRY,NONE,NO CONTROLS,NOT AT INTERSECTION,"TWO-WAY, DIVIDED, POSITIVE MEDIAN BARRIER","SIDESWIPE, SAME DIRECTION",COLLISION WITH PEDALCYCLE,ROADWAY,25,0,0,0,0,0,1,0,0,0,0,0,0,0,42.3919,-71.0926,4,2.50174E+14
18043554,22/07/2018 16:19,First Half (4PM - Midnight),"294 BROADWAY Somerville, MA",DAYLIGHT,CLOUDY,WET,NONE,NO CONTROLS,NOT AT INTERSECTION,"TWO-WAY, DIVIDED, POSITIVE MEDIAN BARRIER",REAR-END,COLLISION WITH MOTOR VEHICLE IN TRAFFIC,ROADWAY,30,0,0,0,0,1,0,0,0,0,0,0,0,1,42.3919,-71.0926,4,2.50174E+14
21001017,08/01/2021 08:41,Day Shift (8AM - 4PM),"282 BROADWAY Somerville, MA",DAYLIGHT,CLEAR,DRY,NONE,NO CONTROLS,NOT AT INTERSECTION,"TWO-WAY, DIVIDED, UNPROTECTED MEDIAN",REAR-END,COLLISION WITH MOTOR VEHICLE IN TRAFFIC,ROADWAY,25,0,0,0,0,1,4,0,0,0,0,0,0,0,42.3915,-71.0919,4,2.50174E+14
23018837,09/04/2023 14:32,Day Shift (8AM - 4PM),"280 BROADWAY Somerville, MA",DAYLIGHT,CLEAR,DRY,NONE,NO CONTROLS,NOT AT INTERSECTION,"TWO-WAY, DIVIDED, UNPROTECTED MEDIAN",SINGLE VEHICLE CRASH,COLLISION WITH PEDESTRIAN,ROADWAY,25,0,0,0,1,0,2,0,0,1,1,0,0,0,42.3913,-71.0918,4,2.50174E+14
23054806,24/09/2023 00:53,Last Half (Midnight - 8AM),"SARGENT AV & NA Somerville, MA",DARK - LIGHTED ROADWAY,RAIN,WET,NONE,NO CONTROLS,NOT AT INTERSECTION,"TWO-WAY, NOT DIVIDED","SIDESWIPE, SAME DIRECTION",COLLISION WITH PARKED MOTOR VEHICLE,ROADWAY,25,0,0,0,0,0,4,0,0,0,0,0,0,1,42.3906,-71.0933,4,2.50174E+14
19034329,18/06/2019 16:46,First Half (4PM - Midnight),"282 BROADWAY Somerville, MA",DAYLIGHT,RAIN,WET,NONE,NO CONTROLS,NOT AT INTERSECTION,"TWO-WAY, DIVIDED, POSITIVE MEDIAN BARRIER",ANGLE,COLLISION WITH PARKED MOTOR VEHICLE,ROADWAY,30,0,0,0,0,0,6,1,0,0,0,0,0,0,42.3915,-71.0919,4,2.50174E+14
23012340,09/03/2023 15:18,Day Shift (8AM - 4PM),"266 BROADWAY Somerville, MA",DAYLIGHT,CLEAR,DRY,NONE,NO CONTROLS,NOT AT INTERSECTION,"TWO-WAY, DIVIDED, UNPROTECTED MEDIAN",REAR-END,COLLISION WITH MOTOR VEHICLE IN TRAFFIC,ROADWAY,25,0,0,0,0,0,4,0,0,0,0,0,0,0,42.3908,-71.0912,4,2.50174E+14
18065351,03/11/2018 10:50,Day Shift (8AM - 4PM),"266 BROADWAY Somerville, MA",DARK - LIGHTED ROADWAY,RAIN,WET,NONE,STOP SIGNS,T-INTERSECTION,"TWO-WAY, DIVIDED, POSITIVE MEDIAN BARRIER",ANGLE,COLLISION WITH MOTOR VEHICLE IN TRAFFIC,ROADWAY,30,0,0,0,0,0,3,0,0,0,0,0,0,0,42.3908,-71.0912,4,2.50174E+14
20010117,22/02/2020 23:10,First Half (4PM - Midnight),"98 KENNESON RD Somerville, MA",DARK - LIGHTED ROADWAY,CLEAR,DRY,NONE,NO CONTROLS,UNKNOWN,"TWO-WAY, NOT DIVIDED",SINGLE VEHICLE CRASH,COLLISION WITH PARKED MOTOR VEHICLE,ROADWAY,20,0,0,0,0,0,3,0,0,0,0,0,0,0,42.3904,-71.0922,4,2.50174E+14
21064732,16/12/2021 15:46,Day Shift (8AM - 4PM),"266 BROADWAY Somerville, MA",DAYLIGHT,CLEAR,DRY,NONE,FLASHING TRAFIC CONTROL SIGNAL,FOUR WAY INTERSECTION,"TWO-WAY, DIVIDED, POSITIVE MEDIAN BARRIER",ANGLE,COLLISION WITH MOTOR VEHICLE IN TRAFFIC,ROADWAY,25,0,0,0,0,0,3,0,0,0,0,0,0,0,42.3908,-71.0912,4,2.50174E+14
24008482,14/02/2024 19:37,First Half (4PM - Midnight),"266 BROADWAY Somerville, MA",DARK - LIGHTED ROADWAY,CLEAR,DRY,NONE,STOP SIGNS,T-INTERSECTION,"TWO-WAY, DIVIDED, POSITIVE MEDIAN BARRIER",ANGLE,COLLISION WITH MOTOR VEHICLE IN TRAFFIC,ROADWAY,25,0,0,0,0,0,2,0,0,0,0,0,0,0,42.3908,-71.0912,4,2.50174E+14
23039667,15/07/2023 16:15,First Half (4PM - Midnight),"266 BROADWAY Somerville, MA",DAYLIGHT,CLEAR,DRY,NONE,NO CONTROLS,NOT AT INTERSECTION,"ONE-WAY, NOT DIVIDED",REAR-END,COLLISION WITH MOTOR VEHICLE IN TRAFFIC,ROADWAY,20,0,0,0,0,0,4,0,0,1,0,1,0,0,42.3908,-71.0912,4,2.50174E+14
22031941,07/06/2022 15:02,Day Shift (8AM - 4PM),"266 BROADWAY Somerville, MA",DAYLIGHT,CLEAR,DRY,NONE,STOP SIGNS,T-INTERSECTION,"TWO-WAY, DIVIDED, POSITIVE MEDIAN BARRIER",ANGLE,COLLISION WITH MOTOR VEHICLE IN TRAFFIC,ROADWAY,25,0,0,0,1,0,1,1,0,0,0,0,0,0,42.3908,-71.0912,4,2.50174E+14
19051798,08/09/2019 19:52,First Half (4PM - Midnight),"266 BROADWAY Somerville, MA",DARK - LIGHTED ROADWAY,CLEAR,"SAND, MUD, DIRT, OIL, GRAVEL",ROAD SURFACE CONDITION,NO CONTROLS,NOT AT INTERSECTION,"TWO-WAY, NOT DIVIDED",SINGLE VEHICLE CRASH,OTHER NON-COLLISION,ROADWAY,30,0,0,0,1,0,0,0,0,0,0,0,0,0,42.3908,-71.0912,4,2.50174E+14
19055921,28/09/2019 18:04,First Half (4PM - Midnight),"168 WALNUT ST Somerville, MA",DAYLIGHT,CLEAR,DRY,NONE,NO CONTROLS,NOT AT INTERSECTION,"ONE-WAY, NOT DIVIDED",ANGLE,COLLISION WITH PARKED MOTOR VEHICLE,ROADSIDE,25,0,0,0,0,0,0,1,0,0,0,0,0,0,42.3903,-71.0915,4,2.50174E+14
20004608,26/01/2020 10:57,Day Shift (8AM - 4PM),"166 WALNUT ST Somerville, MA",DAYLIGHT,CLEAR,DRY,NONE,STOP SIGNS,T-INTERSECTION,"ONE-WAY, NOT DIVIDED",ANGLE,COLLISION WITH MOTOR VEHICLE IN TRAFFIC,ROADWAY,25,0,0,0,0,0,5,0,0,0,0,0,0,0,42.3902,-71.0916,4,2.50174E+14
22031825,07/06/2022 06:50,Last Half (Midnight - 8AM),"266 BROADWAY Somerville, MA",DAYLIGHT,CLEAR,DRY,UNKNOWN,FLASHING TRAFIC CONTROL SIGNAL,T-INTERSECTION,"TWO-WAY, DIVIDED, POSITIVE MEDIAN BARRIER",ANGLE,COLLISION WITH MOTOR VEHICLE IN TRAFFIC,ROADWAY,25,0,0,0,1,0,2,0,0,1,0,1,0,0,42.3908,-71.0912,4,2.50174E+14
20056063,18/11/2020 16:04,First Half (4PM - Midnight),"11 WALNUT RD Somerville, MA",DAYLIGHT,CLEAR,DRY,NONE,NO CONTROLS,NOT AT INTERSECTION,"ONE-WAY, NOT DIVIDED","SIDESWIPE, SAME DIRECTION",COLLISION WITH PARKED MOTOR VEHICLE,ROADWAY,25,0,0,0,0,0,3,0,0,0,0,0,0,0,42.3904,-71.0918,4,2.50174E+14
24006793,06/02/2024 12:20,Day Shift (8AM - 4PM),"266 BROADWAY Somerville, MA",DAYLIGHT,CLOUDY,DRY,NONE,FLASHING TRAFIC CONTROL SIGNAL,NOT AT INTERSECTION,"TWO-WAY, DIVIDED, POSITIVE MEDIAN BARRIER",REAR-END,COLLISION WITH MOTOR VEHICLE IN TRAFFIC,ROADWAY,25,0,0,0,0,0,2,0,0,0,0,0,0,0,42.3908,-71.0912,4,2.50174E+14
22043595,06/08/2022 08:48,Day Shift (8AM - 4PM),"171 WALNUT ST Somerville, MA",DAYLIGHT,CLEAR,DRY,NONE,NO CONTROLS,NOT AT INTERSECTION,"ONE-WAY, NOT DIVIDED","SIDESWIPE, SAME DIRECTION",COLLISION WITH MOTOR VEHICLE IN TRAFFIC,ROADWAY,25,0,0,0,0,0,2,0,0,0,0,0,0,0,42.3902,-71.091,1,2.50174E+14
23049788,31/08/2023 14:26,Day Shift (8AM - 4PM),"250 BROADWAY Somerville, MA",DAYLIGHT,CLEAR,DRY,NONE,FLASHING TRAFIC CONTROL SIGNAL,T-INTERSECTION,"TWO-WAY, DIVIDED, POSITIVE MEDIAN BARRIER",ANGLE,COLLISION WITH MOTOR VEHICLE IN TRAFFIC,ROADWAY,25,0,0,0,0,0,4,0,0,0,0,0,0,0,42.3904,-71.0904,1,2.50174E+14
18059138,04/10/2018 01:09,Last Half (Midnight - 8AM),"WALNUT ST & WELLINGTON AV Somerville, MA",DARK - LIGHTED ROADWAY,CLEAR,DRY,NONE,NO CONTROLS,T-INTERSECTION,"ONE-WAY, NOT DIVIDED",ANGLE,COLLISION WITH PARKED MOTOR VEHICLE,ROADWAY,25,0,0,0,0,0,2,0,0,0,0,0,0,0,42.3901,-71.0914,1,2.50174E+14
21062058,29/11/2021 13:48,Day Shift (8AM - 4PM),"258 BROADWAY Somerville, MA",DAYLIGHT,CLOUDY,DRY,NONE,NO CONTROLS,NOT AT INTERSECTION,"TWO-WAY, DIVIDED, POSITIVE MEDIAN BARRIER",REAR-END,COLLISION WITH MOTOR VEHICLE IN TRAFFIC,ROADWAY,25,0,0,0,0,0,4,0,0,0,0,0,0,0,42.3906,-71.0907,1,2.50174E+14
22055236,28/09/2022 07:12,Last Half (Midnight - 8AM),"19 WELLINGTON AV Somerville, MA",DAYLIGHT,CLEAR,DRY,NONE,NO CONTROLS,NOT AT INTERSECTION,"TWO-WAY, NOT DIVIDED",SINGLE VEHICLE CRASH,OTHER,OUTSIDE ROADWAY,25,0,0,0,0,0,2,0,0,0,0,0,0,0,42.3895,-71.0905,1,2.50174E+14
19014528,16/03/2019 09:23,Day Shift (8AM - 4PM),"244 BROADWAY Somerville, MA",DAYLIGHT,CLEAR,DRY,NONE,TRAFFIC CONTROL SIGNAL,T-INTERSECTION,"ONE-WAY, NOT DIVIDED",ANGLE,COLLISION WITH MOTOR VEHICLE IN TRAFFIC,ROADWAY,25,0,0,0,0,1,2,0,0,0,0,0,0,0,42.3902,-71.0899,1,2.50174E+14
22015418,23/03/2022 15:29,Day Shift (8AM - 4PM),"16 MONTGOMERY AV Somerville, MA",DAYLIGHT,CLOUDY,DRY,NONE,NO CONTROLS,T-INTERSECTION,"TWO-WAY, NOT DIVIDED","SIDESWIPE, SAME DIRECTION",COLLISION WITH PARKED MOTOR VEHICLE,ROADWAY,20,0,0,0,0,0,3,0,0,0,0,0,0,0,42.3898,-71.0905,1,2.50174E+14
21005973,01/02/2021 14:49,Day Shift (8AM - 4PM),"15 WELLINGTON AV Somerville, MA",DAYLIGHT,SNOW,SNOW,NONE,NO CONTROLS,NOT AT INTERSECTION,"TWO-WAY, NOT DIVIDED","SIDESWIPE, OPPOSITE DIRECTION",COLLISION WITH PARKED MOTOR VEHICLE,ROADWAY,25,0,0,0,0,0,3,0,0,0,0,0,0,0,42.3896,-71.0907,1,2.50174E+14
19057935,08/10/2019 19:46,First Half (4PM - Midnight),"159 WALNUT ST Somerville, MA",DARK - LIGHTED ROADWAY,CLOUDY,DRY,NONE,NO CONTROLS,NOT AT INTERSECTION,"ONE-WAY, NOT DIVIDED","SIDESWIPE, SAME DIRECTION",COLLISION WITH MOTOR VEHICLE IN TRAFFIC,ROADWAY,25,0,0,0,0,0,6,0,0,0,0,0,0,0,42.3897,-71.0915,1,2.50174E+14
23005662,01/02/2023 23:24,First Half (4PM - Midnight),"BONAIR ST & MELVIN ST Somerville, MA",DARK - LIGHTED ROADWAY,CLEAR,DRY,NONE,NO CONTROLS,T-INTERSECTION,"TWO-WAY, NOT DIVIDED",REAR-END,COLLISION WITH PARKED MOTOR VEHICLE,ROADWAY,25,0,0,0,0,0,3,0,0,0,0,0,0,0,42.3888,-71.0903,1,2.50174E+14
22013176,13/03/2022 08:31,Day Shift (8AM - 4PM),"248 BROADWAY Somerville, MA",DAYLIGHT,CLEAR,DRY,NONE,FLASHING TRAFIC CONTROL SIGNAL,T-INTERSECTION,"TWO-WAY, DIVIDED, POSITIVE MEDIAN BARRIER","SIDESWIPE, SAME DIRECTION",COLLISION WITH MOTOR VEHICLE IN TRAFFIC,ROADWAY,15,0,0,0,0,0,4,0,0,0,0,0,0,0,42.3903,-71.0901,1,2.50174E+14
23070435,07/12/2023 16:56,First Half (4PM - Midnight),"248 BROADWAY Somerville, MA",DARK - LIGHTED ROADWAY,CLEAR,DRY,NONE,NO CONTROLS,NOT AT INTERSECTION,"TWO-WAY, DIVIDED, POSITIVE MEDIAN BARRIER",SINGLE VEHICLE CRASH,OTHER,ROADWAY,25,0,0,0,0,0,3,0,0,0,0,0,0,0,42.3903,-71.0901,1,2.50174E+14
23047257,20/08/2023 01:54,Last Half (Midnight - 8AM),"163 WALNUT ST Somerville, MA",DARK - LIGHTED ROADWAY,CLEAR,DRY,NONE,NO CONTROLS,NOT AT INTERSECTION,"ONE-WAY, NOT DIVIDED","SIDESWIPE, SAME DIRECTION",COLLISION WITH PARKED MOTOR VEHICLE,ROADWAY,25,0,0,0,0,0,1,0,0,0,0,0,0,0,42.3898,-71.0914,1,2.50174E+14
21006126,02/02/2021 05:37,Last Half (Midnight - 8AM),"21 EDMANDS ST Somerville, MA",DARK - LIGHTED ROADWAY,SNOW,WET,ROAD SURFACE CONDITION,NO CONTROLS,NOT AT INTERSECTION,"TWO-WAY, DIVIDED, POSITIVE MEDIAN BARRIER",SINGLE VEHICLE CRASH,COLLISION WITH PARKED MOTOR VEHICLE,ROADWAY,35,0,0,0,1,0,1,2,0,0,0,0,0,0,42.3889,-71.0895,1,2.50174E+14
19008039,13/02/2019 15:24,Day Shift (8AM - 4PM),"8 MELVIN ST Somerville, MA",DAYLIGHT,CLOUDY,WET,NONE,NO CONTROLS,NOT AT INTERSECTION,"ONE-WAY, NOT DIVIDED",SINGLE VEHICLE CRASH,COLLISION WITH OTHER MOVABLE OBJECT,OUTSIDE ROADWAY,25,0,0,0,0,0,1,0,0,0,0,0,0,0,42.3897,-71.0893,1,2.50174E+14
21008523,17/02/2021 17:56,First Half (4PM - Midnight),"19 EDMANDS ST Somerville, MA",DUSK,CLEAR,DRY,NONE,NO CONTROLS,NOT AT INTERSECTION,"ONE-WAY, NOT DIVIDED",HEAD ON,COLLISION WITH PEDESTRIAN,ROADWAY,25,0,0,0,1,0,0,1,0,1,0,0,1,1,42.389,-71.0894,1,2.50174E+14
20001010,07/01/2020 09:50,Day Shift (8AM - 4PM),"220 BROADWAY Somerville, MA",DAYLIGHT,CLEAR,DRY,NONE,NO CONTROLS,NOT AT INTERSECTION,"TWO-WAY, NOT DIVIDED",REAR-END,COLLISION WITH MOTOR VEHICLE IN TRAFFIC,ROADWAY,15,0,0,0,0,0,2,0,0,0,0,0,0,0,42.3897,-71.0888,1,2.50174E+14
19041052,19/07/2019 14:20,Day Shift (8AM - 4PM),"220 BROADWAY Somerville, MA",DAYLIGHT,CLEAR,DRY,NONE,NO CONTROLS,NOT AT INTERSECTION,"TWO-WAY, DIVIDED, UNPROTECTED MEDIAN","SIDESWIPE, SAME DIRECTION",COLLISION WITH MOTOR VEHICLE IN TRAFFIC,UNKNOWN,25,0,0,0,0,0,2,0,0,0,0,0,0,0,42.3897,-71.0888,1,2.50174E+14
22031619,06/06/2022 10:19,Day Shift (8AM - 4PM),"220 BROADWAY Somerville, MA",DAYLIGHT,CLEAR,DRY,NONE,NO CONTROLS,NOT AT INTERSECTION,"TWO-WAY, NOT DIVIDED",REAR TO REAR,COLLISION WITH MOTOR VEHICLE IN TRAFFIC,OUTSIDE ROADWAY,10,0,0,0,0,0,2,0,0,0,0,0,0,0,42.3897,-71.0888,1,2.50174E+14
20008878,16/02/2020 11:55,Day Shift (8AM - 4PM),"448 BROADWAY Somerville, MA",DAYLIGHT,CLEAR,DRY,NONE,NO CONTROLS,NOT AT INTERSECTION,"TWO-WAY, NOT DIVIDED",REAR-END,COLLISION WITH MOTOR VEHICLE IN TRAFFIC,ROADWAY,25,0,0,0,0,2,3,0,0,0,0,0,0,0,42.3963,-71.1017,5,2.50174E+14
19028456,23/05/2019 09:13,Day Shift (8AM - 4PM),"MEDFORD ST & PARTRIDGE AV Somerville, MA",DAYLIGHT,CLEAR,DRY,NONE,STOP SIGNS,FOUR WAY INTERSECTION,"TWO-WAY, NOT DIVIDED",ANGLE,COLLISION WITH MOTOR VEHICLE IN TRAFFIC,ROADWAY,25,0,0,0,1,0,1,0,0,0,0,0,0,0,42.3952,-71.1027,5,2.50174E+14
19046247,13/08/2019 16:32,First Half (4PM - Midnight),"54 ADAMS ST Somerville, MA",DAYLIGHT,CLEAR,DRY,NONE,NO CONTROLS,NOT AT INTERSECTION,"TWO-WAY, NOT DIVIDED",SINGLE VEHICLE CRASH,COLLISION WITH TREE,ROADWAY,20,0,0,0,0,0,1,0,0,0,0,0,0,0,42.3951,-71.1002,5,2.50174E+14
19024472,04/05/2019 08:57,Day Shift (8AM - 4PM),"420 BROADWAY Somerville, MA",DAYLIGHT,CLOUDY,WET,NONE,NO CONTROLS,T-INTERSECTION,"TWO-WAY, NOT DIVIDED",HEAD ON,COLLISION WITH PARKED MOTOR VEHICLE,ROADSIDE,30,0,0,0,0,1,2,0,0,0,0,0,0,0,42.3955,-71.0999,5,2.50174E+14
20054145,07/11/2020 17:23,First Half (4PM - Midnight),"420 BROADWAY Somerville, MA",DARK - LIGHTED ROADWAY,CLEAR,DRY,NONE,NO CONTROLS,NOT AT INTERSECTION,"TWO-WAY, DIVIDED, UNPROTECTED MEDIAN",REAR-END,COLLISION WITH MOPED,UNKNOWN,30,0,0,0,1,0,1,0,0,0,0,0,0,0,42.3955,-71.0999,5,2.50174E+14
22053850,21/09/2022 21:04,First Half (4PM - Midnight),"420 BROADWAY Somerville, MA",DARK - LIGHTED ROADWAY,CLEAR,DRY,NONE,NO CONTROLS,NOT AT INTERSECTION,"TWO-WAY, DIVIDED, UNPROTECTED MEDIAN","SIDESWIPE, SAME DIRECTION",COLLISION WITH PARKED MOTOR VEHICLE,ROADWAY,25,0,0,0,0,1,3,0,0,0,0,0,0,0,42.3955,-71.0999,5,2.50174E+14
19011161,28/02/2019 23:34,First Half (4PM - Midnight),"192 CENTRAL ST Somerville, MA",DARK - LIGHTED ROADWAY,CLEAR,DRY,NONE,NO CONTROLS,NOT AT INTERSECTION,"TWO-WAY, NOT DIVIDED",ANGLE,COLLISION WITH PARKED MOTOR VEHICLE,ROADWAY,25,0,0,0,0,0,5,0,0,0,0,0,0,1,42.3947,-71.0993,5,2.50174E+14
24003811,22/01/2024 07:28,Last Half (Midnight - 8AM),"154 CENTRAL ST Somerville, MA",DAYLIGHT,CLEAR,DRY,NONE,NO CONTROLS,NOT AT INTERSECTION,"TWO-WAY, NOT DIVIDED","SIDESWIPE, SAME DIRECTION",COLLISION WITH PARKED MOTOR VEHICLE,ROADSIDE,25,0,0,0,0,0,2,0,0,0,0,0,0,0,42.3932,-71.1004,5,2.50174E+14
20000564,04/01/2020 11:03,Day Shift (8AM - 4PM),"166 CENTRAL ST Somerville, MA",DAYLIGHT,RAIN,WET,NONE,NO CONTROLS,NOT AT INTERSECTION,"TWO-WAY, NOT DIVIDED",ANGLE,COLLISION WITH MOTOR VEHICLE IN TRAFFIC,ROADWAY,25,0,0,0,0,0,3,0,0,0,0,0,0,0,42.3937,-71.1001,5,2.50174E+14
18062994,24/10/2018 01:21,Last Half (Midnight - 8AM),"154 CENTRAL ST Somerville, MA",DARK - LIGHTED ROADWAY,CLEAR,WET,NONE,STOP SIGNS,T-INTERSECTION,"TWO-WAY, NOT DIVIDED",REAR-END,COLLISION WITH PARKED MOTOR VEHICLE,ROADWAY,25,0,0,0,0,0,4,0,0,0,0,0,0,0,42.3932,-71.1004,5,2.50174E+14
22062318,30/10/2022 19:18,First Half (4PM - Midnight),"73 ADAMS ST Somerville, MA",DARK - LIGHTED ROADWAY,CLEAR,DRY,NONE,NO CONTROLS,T-INTERSECTION,"ONE-WAY, NOT DIVIDED",ANGLE,COLLISION WITH PEDESTRIAN,ROADWAY,25,0,0,0,1,0,2,0,0,1,1,0,0,0,42.3954,-71.0995,5,2.50174E+14
22039064,13/07/2022 17:24,First Half (4PM - Midnight),"CENTRAL ST & MEDFORD ST Somerville, MA",DAYLIGHT,CLEAR,DRY,UNKNOWN,TRAFFIC CONTROL SIGNAL,FOUR WAY INTERSECTION,"TWO-WAY, NOT DIVIDED",ANGLE,COLLISION WITH PEDESTRIAN,ROADWAY,25,0,0,0,1,0,2,0,0,1,1,0,0,0,42.3925,-71.1006,5,2.50174E+14
23063352,01/11/2023 13:24,Day Shift (8AM - 4PM),"454 MEDFORD ST Somerville, MA",DAYLIGHT,CLEAR,DRY,NONE,NO CONTROLS,NOT AT INTERSECTION,"TWO-WAY, DIVIDED, UNPROTECTED MEDIAN",REAR-END,COLLISION WITH PARKED MOTOR VEHICLE,UNKNOWN,20,0,0,0,0,2,3,0,0,0,0,0,0,0,42.3935,-71.1016,5,2.50174E+14
22014144,17/03/2022 17:15,First Half (4PM - Midnight),"ADAMS ST & MEDFORD ST Somerville, MA",DARK - LIGHTED ROADWAY,RAIN,WET,UNKNOWN,STOP SIGNS,T-INTERSECTION,"TWO-WAY, DIVIDED, UNPROTECTED MEDIAN",ANGLE,COLLISION WITH MOTOR VEHICLE IN TRAFFIC,ROADWAY,25,0,0,0,1,2,0,1,0,0,0,0,0,0,42.3932,-71.1012,5,2.50174E+14
18074402,18/12/2018 16:43,First Half (4PM - Midnight),"CENTRAL ST & MEDFORD ST Somerville, MA",DARK - LIGHTED ROADWAY,CLEAR,"SAND, MUD, DIRT, OIL, GRAVEL",NONE,TRAFFIC CONTROL SIGNAL,FOUR WAY INTERSECTION,"TWO-WAY, NOT DIVIDED",ANGLE,COLLISION WITH MOTOR VEHICLE IN TRAFFIC,ROADWAY,25,0,0,0,1,0,3,0,0,0,0,0,0,0,42.3925,-71.1006,5,2.50174E+14
19067734,27/11/2019 16:55,First Half (4PM - Midnight),"CENTRAL ST & MEDFORD ST Somerville, MA",DARK - LIGHTED ROADWAY,RAIN,WET,NONE,TRAFFIC CONTROL SIGNAL,FOUR WAY INTERSECTION,"TWO-WAY, NOT DIVIDED","SIDESWIPE, OPPOSITE DIRECTION",COLLISION WITH MOPED,ROADWAY,25,0,0,0,0,1,5,0,0,0,0,0,0,0,42.3925,-71.1006,5,2.50174E+14
21037586,21/07/2021 22:03,First Half (4PM - Midnight),"CENTRAL ST & MEDFORD ST Somerville, MA",DARK - LIGHTED ROADWAY,CLEAR,DRY,NONE,TRAFFIC CONTROL SIGNAL,T-INTERSECTION,"TWO-WAY, NOT DIVIDED","SIDESWIPE, OPPOSITE DIRECTION",COLLISION WITH OTHER MOVABLE OBJECT,ROADWAY,25,0,0,0,0,0,3,0,0,0,0,0,0,0,42.3925,-71.1006,5,2.50174E+14