Crash Number,Date and Time of Crash,Police Shift,Crash Location,Light Conditions,Weather Conditions,Road Surface,Road Contributing Circumstances,Traffic Control Device Type,Roadway Intersection Type,Trafficway Description,Manner of Collision,First Harmful Event,First Harmful Event Location,Speed Limit,Work Zone,Count Fatal Injury ,Count Suspected Serious Injury,Count Suspected Minor Injury ,Count Possible Injury,Count No Apparent Injury,Count Unknown Injury,Count Not Reported Injury,Total Non-Motorists,Pedestrian Involvement (Non-Motorist),Cyclist Involvement (Non-Motorist),Other Non-Motorist Involvement,Hit and Run Flag,Latitude,Longitude,Ward,Block Code 
20050245,17/10/2020 06:43,Last Half (Midnight - 8AM),"140 CENTRAL ST Somerville, MA",DAWN,RAIN,WET,NONE,NO CONTROLS,NOT AT INTERSECTION,"TWO-WAY, NOT DIVIDED","SIDESWIPE, SAME DIRECTION",COLLISION WITH MOTOR VEHICLE IN TRAFFIC,ROADWAY,25,0,0,0,0,0,2,0,0,0,0,0,0,1,42.3923,-71.1009,5,2.50174E+14
23021863,23/04/2023 03:05,Last Half (Midnight - 8AM),"CENTRAL ST & MEDFORD ST Somerville, MA",DARK - LIGHTED ROADWAY,RAIN,WET,NONE,TRAFFIC CONTROL SIGNAL,FOUR WAY INTERSECTION,"TWO-WAY, DIVIDED, UNPROTECTED MEDIAN","SIDESWIPE, OPPOSITE DIRECTION",COLLISION WITH MOTOR VEHICLE IN TRAFFIC,ROADWAY,20,0,0,0,0,1,1,0,0,0,0,0,0,0,42.3925,-71.1006,5,2.50174E+14
18057112,24/09/2018 15:09,Day Shift (8AM - 4PM),"CENTRAL ST & MEDFORD ST Somerville, MA",DAYLIGHT,CLEAR,DRY,NONE,TRAFFIC CONTROL SIGNAL,FOUR WAY INTERSECTION,"TWO-WAY, NOT DIVIDED",SINGLE VEHICLE CRASH,COLLISION WITH MOTOR VEHICLE IN TRAFFIC,ROADWAY,25,0,0,0,0,0,4,0,0,0,0,0,0,0,42.3925,-71.1006,5,2.50174E+14
18063864,27/10/2018 21:28,First Half (4PM - Midnight),"CENTRAL ST & MEDFORD ST Somerville, MA",DARK - LIGHTED ROADWAY,RAIN,WET,NONE,TRAFFIC CONTROL SIGNAL,FOUR WAY INTERSECTION,"TWO-WAY, DIVIDED, UNPROTECTED MEDIAN",HEAD ON,COLLISION WITH MOTOR VEHICLE IN TRAFFIC,ROADWAY,25,0,0,0,0,0,3,0,0,0,0,0,0,0,42.3925,-71.1006,5,2.50174E+14
18066129,07/11/2018 10:00,Day Shift (8AM - 4PM),"CENTRAL ST & MEDFORD Somerville, MA",DAYLIGHT,CLEAR,DRY,NONE,TRAFFIC CONTROL SIGNAL,FOUR WAY INTERSECTION,"TWO-WAY, NOT DIVIDED",REAR-END,COLLISION WITH MOTOR VEHICLE IN TRAFFIC,ROADWAY,30,0,0,0,0,1,1,0,0,0,0,0,0,0,42.3925,-71.1006,5,2.50174E+14
22008452,18/02/2022 20:51,First Half (4PM - Midnight),"ADAMS ST & MEDFORD ST Somerville, MA",DARK - LIGHTED ROADWAY,CLEAR,DRY,OTHER,STOP SIGNS,T-INTERSECTION,"TWO-WAY, DIVIDED, UNPROTECTED MEDIAN","SIDESWIPE, OPPOSITE DIRECTION",COLLISION WITH MOTOR VEHICLE IN TRAFFIC,ROADWAY,25,0,0,0,0,1,3,0,0,0,0,0,0,0,42.3932,-71.1012,5,2.50174E+14
19033138,13/06/2019 08:54,Day Shift (8AM - 4PM),"BARTLETT ST & MEDFORD ST Somerville, MA",OTHER,RAIN,WET,NONE,STOP SIGNS,FOUR WAY INTERSECTION,"TWO-WAY, NOT DIVIDED",ANGLE,COLLISION WITH PEDALCYCLE,ROADWAY,25,0,0,0,1,0,2,0,0,1,0,1,0,0,42.3941,-71.1019,5,2.50174E+14
23045063,09/08/2023 16:40,First Half (4PM - Midnight),"BARTLETT ST & MEDFORD ST Somerville, MA",DAYLIGHT,CLEAR,DRY,NONE,STOP SIGNS,FOUR WAY INTERSECTION,"TWO-WAY, DIVIDED, UNPROTECTED MEDIAN","SIDESWIPE, OPPOSITE DIRECTION",COLLISION WITH MOTOR VEHICLE IN TRAFFIC,ROADWAY,25,0,0,0,0,0,3,0,0,0,0,0,0,0,42.3941,-71.1019,5,2.50174E+14
22022534,26/04/2022 15:21,Day Shift (8AM - 4PM),"37 GLENWOOD RD Somerville, MA",DAYLIGHT,CLEAR,DRY,NONE,NO CONTROLS,NOT AT INTERSECTION,"ONE-WAY, NOT DIVIDED","SIDESWIPE, SAME DIRECTION",COLLISION WITH PARKED MOTOR VEHICLE,UNKNOWN,25,0,0,0,0,0,3,0,0,0,0,0,0,0,42.3935,-71.1029,5,2.50174E+14
19073232,29/12/2019 10:33,Day Shift (8AM - 4PM),"69 GLENWOOD RD Somerville, MA",DAYLIGHT,CLEAR,DRY,OBSTRUCTION IN ROADWAY,NO CONTROLS,NOT AT INTERSECTION,"ONE-WAY, NOT DIVIDED","SIDESWIPE, SAME DIRECTION",COLLISION WITH PARKED MOTOR VEHICLE,ROADWAY,30,0,0,0,0,0,3,0,0,0,0,0,0,0,42.3945,-71.1024,5,2.50174E+14
20031483,23/06/2020 18:11,First Half (4PM - Midnight),"BARTLETT ST & MEDFORD ST Somerville, MA",DAYLIGHT,CLEAR,DRY,OBSTRUCTION IN ROADWAY,STOP SIGNS,T-INTERSECTION,"TWO-WAY, NOT DIVIDED",HEAD ON,COLLISION WITH MOTOR VEHICLE IN TRAFFIC,ROADWAY,20,0,0,0,0,0,3,0,0,0,0,0,0,0,42.3941,-71.1019,5,2.50174E+14
19058529,11/10/2019 21:49,First Half (4PM - Midnight),"48 BARTLETT ST Somerville, MA",DARK - UNKNOWN ROADWAY LIGHTING,RAIN,WET,NONE,NO CONTROLS,NOT AT INTERSECTION,"ONE-WAY, NOT DIVIDED","SIDESWIPE, SAME DIRECTION",COLLISION WITH PARKED MOTOR VEHICLE,UNKNOWN,25,0,0,0,0,0,3,0,0,0,0,0,0,0,42.3936,-71.1025,5,2.50174E+14
23050499,03/09/2023 20:30,First Half (4PM - Midnight),"31 VERNON STREET Somerville, MA",DARK - LIGHTED ROADWAY,CLEAR,DRY,NONE,NO CONTROLS,NOT AT INTERSECTION,"TWO-WAY, NOT DIVIDED",ANGLE,COLLISION WITH MOTOR VEHICLE IN TRAFFIC,ROADWAY,20,0,0,0,0,0,3,0,0,0,0,0,0,0,42.3918,-71.1028,5,2.50174E+14
22032427,09/06/2022 18:35,First Half (4PM - Midnight),"7 VERNON ST Somerville, MA",DAYLIGHT,CLEAR,DRY,NONE,NO CONTROLS,NOT AT INTERSECTION,"TWO-WAY, NOT DIVIDED",SINGLE VEHICLE CRASH,COLLISION WITH OTHER MOVABLE OBJECT,ROADWAY,20,0,0,0,1,0,0,0,0,0,0,0,0,0,42.3914,-71.1018,5,2.50174E+14
18034922,11/06/2018 23:50,First Half (4PM - Midnight),"126 CENTRAL ST Somerville, MA",DARK - LIGHTED ROADWAY,CLEAR,DRY,NONE,NO CONTROLS,NOT AT INTERSECTION,"TWO-WAY, NOT DIVIDED",ANGLE,COLLISION WITH PARKED MOTOR VEHICLE,ROADWAY,20,0,0,0,0,0,2,0,0,0,0,0,0,0,42.3916,-71.1015,5,2.50174E+14
21024128,14/05/2021 18:14,First Half (4PM - Midnight),"MEDFORD ST & SYCAMORE ST Somerville, MA",DAYLIGHT,CLEAR,DRY,NONE,TRAFFIC CONTROL SIGNAL,FOUR WAY INTERSECTION,"ONE-WAY, NOT DIVIDED","SIDESWIPE, SAME DIRECTION",COLLISION WITH PEDALCYCLE,ROADWAY,25,0,0,0,1,0,3,0,0,1,0,1,0,0,42.3913,-71.0994,4,2.50174E+14
23012813,12/03/2023 11:17,Day Shift (8AM - 4PM),"421 MEDFORD STREET Somerville, MA",DAYLIGHT,CLEAR,DRY,NONE,NO CONTROLS,NOT AT INTERSECTION,"TWO-WAY, NOT DIVIDED","SIDESWIPE, SAME DIRECTION",COLLISION WITH OTHER MOVABLE OBJECT,ROADWAY,25,0,0,0,1,0,1,0,0,1,0,0,1,0,42.392,-71.0998,4,2.50174E+14
19017453,30/03/2019 16:58,First Half (4PM - Midnight),"100 SYCAMORE ST Somerville, MA",DAYLIGHT,CLEAR,DRY,NONE,NO CONTROLS,NOT AT INTERSECTION,"ONE-WAY, NOT DIVIDED","SIDESWIPE, SAME DIRECTION",COLLISION WITH PARKED MOTOR VEHICLE,ROADWAY,25,0,0,0,0,0,2,0,0,0,0,0,0,0,42.3918,-71.0993,4,2.50174E+14
18026964,07/05/2018 07:42,Last Half (Midnight - 8AM),"MEDFORD ST & SYCAMORE ST Somerville, MA",DAYLIGHT,CLEAR,DRY,NONE,TRAFFIC CONTROL SIGNAL,FOUR WAY INTERSECTION,"TWO-WAY, NOT DIVIDED",SINGLE VEHICLE CRASH,COLLISION WITH PEDESTRIAN,ROADWAY,20,0,0,0,0,1,3,0,0,1,1,0,0,0,42.3913,-71.0994,4,2.50174E+14
21021225,29/04/2021 11:21,Day Shift (8AM - 4PM),"MEDFORD ST & SYCAMORE ST Somerville, MA",DAYLIGHT,RAIN,WET,NONE,TRAFFIC CONTROL SIGNAL,FOUR WAY INTERSECTION,"TWO-WAY, NOT DIVIDED",ANGLE,COLLISION WITH MOTOR VEHICLE IN TRAFFIC,ROADWAY,25,0,0,0,0,0,3,0,0,0,0,0,0,0,42.3913,-71.0994,4,2.50174E+14
21010020,26/02/2021 21:17,First Half (4PM - Midnight),"121 CENTRAL Somerville, MA",DARK - LIGHTED ROADWAY,CLEAR,DRY,NONE,NO CONTROLS,FOUR WAY INTERSECTION,"TWO-WAY, NOT DIVIDED","SIDESWIPE, SAME DIRECTION",COLLISION WITH PARKED MOTOR VEHICLE,ROADWAY,25,0,0,0,1,0,3,0,0,0,0,0,0,0,42.3912,-71.1012,5,2.50174E+14
19046263,13/08/2019 17:37,First Half (4PM - Midnight),"127 CENTRAL ST Somerville, MA",DAYLIGHT,CLEAR,DRY,NONE,NO CONTROLS,NOT AT INTERSECTION,"TWO-WAY, NOT DIVIDED",ANGLE,COLLISION WITH MOTOR VEHICLE IN TRAFFIC,ROADWAY,25,0,0,0,1,0,1,0,0,1,0,1,0,0,42.3916,-71.1009,5,2.50174E+14
21010132,27/02/2021 11:42,Day Shift (8AM - 4PM),"121 CENTRAL ST Somerville, MA",DAYLIGHT,RAIN,DRY,NONE,NO CONTROLS,NOT AT INTERSECTION,"TWO-WAY, NOT DIVIDED","SIDESWIPE, SAME DIRECTION",COLLISION WITH PARKED MOTOR VEHICLE,ROADWAY,25,0,0,0,0,0,3,0,0,0,0,0,0,0,42.3912,-71.1012,5,2.50174E+14
23069672,04/12/2023 06:41,Last Half (Midnight - 8AM),"141 CENTRAL ST Somerville, MA",DAYLIGHT,CLEAR,DRY,NONE,NO CONTROLS,NOT AT INTERSECTION,"TWO-WAY, NOT DIVIDED","SIDESWIPE, SAME DIRECTION",COLLISION WITH PARKED MOTOR VEHICLE,ROADWAY,25,0,0,0,0,0,2,0,0,0,0,0,0,0,42.3922,-71.1006,5,2.50174E+14
21031585,23/06/2021 01:51,Last Half (Midnight - 8AM),"127 CENTRAL ST Somerville, MA",DARK - LIGHTED ROADWAY,CLEAR,DRY,NONE,NO CONTROLS,NOT AT INTERSECTION,"TWO-WAY, NOT DIVIDED",HEAD ON,COLLISION WITH PARKED MOTOR VEHICLE,ROADWAY,20,0,0,0,2,0,2,0,0,0,0,0,0,0,42.3916,-71.1009,5,2.50174E+14
21052337,04/10/2021 17:54,First Half (4PM - Midnight),"418 MEDFORD ST Somerville, MA",DUSK,RAIN,WET,NONE,NO CONTROLS,NOT AT INTERSECTION,"TWO-WAY, NOT DIVIDED",ANGLE,COLLISION WITH MOTOR VEHICLE IN TRAFFIC,ROADWAY,25,0,0,0,1,0,4,0,0,0,0,0,0,0,42.3916,-71.0999,4,2.50174E+14
21014850,23/03/2021 22:40,First Half (4PM - Midnight),"71 SYCAMORE ST Somerville, MA",DARK - LIGHTED ROADWAY,CLEAR,DRY,UNKNOWN,NO CONTROLS,T-INTERSECTION,"ONE-WAY, NOT DIVIDED","SIDESWIPE, SAME DIRECTION",COLLISION WITH PARKED MOTOR VEHICLE,ROADWAY,25,0,0,0,0,0,3,0,0,0,0,0,0,0,42.3905,-71.0998,4,2.50174E+14
21036371,16/07/2021 08:12,Day Shift (8AM - 4PM),"400 MEDFORD ST Somerville, MA",DAYLIGHT,CLEAR,DRY,NONE,TRAFFIC CONTROL SIGNAL,FOUR WAY INTERSECTION,"TWO-WAY, NOT DIVIDED",SINGLE VEHICLE CRASH,COLLISION WITH MOTOR VEHICLE IN TRAFFIC,ROADWAY,25,0,0,0,0,0,6,0,0,0,0,0,0,0,42.3909,-71.0993,4,2.50174E+14
20055136,13/11/2020 11:03,Day Shift (8AM - 4PM),"16 LEE ST Somerville, MA",OTHER,CLOUDY,WET,NONE,NO CONTROLS,NOT AT INTERSECTION,"TWO-WAY, NOT DIVIDED",SINGLE VEHICLE CRASH,COLLISION WITH TREE,ROADWAY,25,0,0,0,0,0,1,1,0,0,0,0,0,0,42.3905,-71.0995,4,2.50174E+14
23052775,14/09/2023 15:15,Day Shift (8AM - 4PM),"115 SYCAMORE ST Somerville, MA",DAYLIGHT,CLEAR,DRY,NONE,NO CONTROLS,NOT AT INTERSECTION,"ONE-WAY, NOT DIVIDED",ANGLE,COLLISION WITH PARKED MOTOR VEHICLE,ROADWAY,20,0,0,0,0,0,3,0,0,0,0,0,0,0,42.3917,-71.0988,4,2.50174E+14
18030351,22/05/2018 14:38,Day Shift (8AM - 4PM),"115 SYCAMORE ST Somerville, MA",DAYLIGHT,"SLEET, HAIL, FREEZING RAIN OR DRIZZLE",OTHER,NONE,SCHOOL ZONE SIGNS,NOT AT INTERSECTION,"ONE-WAY, NOT DIVIDED",ANGLE,COLLISION WITH PARKED MOTOR VEHICLE,ROADWAY,25,0,0,0,0,0,2,0,0,0,0,0,0,0,42.3917,-71.0988,4,2.50174E+14
21044750,27/08/2021 20:19,First Half (4PM - Midnight),"401 MEDFORD ST Somerville, MA",DARK - LIGHTED ROADWAY,CLEAR,DRY,NONE,NO CONTROLS,NOT AT INTERSECTION,"TWO-WAY, NOT DIVIDED","SIDESWIPE, SAME DIRECTION",COLLISION WITH PARKED MOTOR VEHICLE,OUTSIDE ROADWAY,25,0,0,0,0,0,3,0,0,0,0,0,0,0,42.391,-71.0987,4,2.50174E+14
21050092,23/09/2021 11:10,Day Shift (8AM - 4PM),"115 SYCAMORE ST Somerville, MA",DAYLIGHT,CLOUDY,DRY,NONE,NO CONTROLS,NOT AT INTERSECTION,"TWO-WAY, NOT DIVIDED",ANGLE,COLLISION WITH PARKED MOTOR VEHICLE,ROADSIDE,25,0,0,0,0,0,2,0,0,0,0,0,0,0,42.3917,-71.0988,4,2.50174E+14
19048013,22/08/2019 10:07,Day Shift (8AM - 4PM),"MEDFORD ST & THURSTON ST Somerville, MA",DAYLIGHT,CLEAR,DRY,NONE,STOP SIGNS,FOUR WAY INTERSECTION,"ONE-WAY, NOT DIVIDED","SIDESWIPE, SAME DIRECTION",COLLISION WITH PARKED MOTOR VEHICLE,ROADWAY,25,0,0,0,0,0,4,0,0,0,0,0,0,0,42.3904,-71.0985,4,2.50174E+14
20062544,28/12/2020 12:50,Day Shift (8AM - 4PM),"MEDFORD ST & SCHOOL ST Somerville, MA",DAYLIGHT,CLEAR,DRY,NONE,TRAFFIC CONTROL SIGNAL,T-INTERSECTION,"TWO-WAY, NOT DIVIDED",ANGLE,COLLISION WITH MOTOR VEHICLE IN TRAFFIC,ROADWAY,25,1,0,0,0,0,2,0,0,0,0,0,0,0,42.3891,-71.0972,4,2.50174E+14
18052163,01/09/2018 04:02,Last Half (Midnight - 8AM),"367 MEDFORD ST & NA Somerville, MA",DARK - LIGHTED ROADWAY,CLEAR,DRY,NONE,TRAFFIC CONTROL SIGNAL,FOUR WAY INTERSECTION,"TWO-WAY, NOT DIVIDED",SINGLE VEHICLE CRASH,COLLISION WITH PARKED MOTOR VEHICLE,ROADWAY,25,0,0,0,0,2,2,0,0,0,0,0,0,0,42.3895,-71.0972,4,2.50174E+14
22053940,22/09/2022 08:54,Day Shift (8AM - 4PM),"DARTMOUTH ST & MEDFORD ST Somerville, MA",DAYLIGHT,RAIN,WET,NONE,NO CONTROLS,T-INTERSECTION,"TWO-WAY, NOT DIVIDED",HEAD ON,COLLISION WITH PEDESTRIAN,ROADWAY,25,1,0,0,1,0,1,0,0,1,0,1,0,0,42.3898,-71.0978,4,2.50174E+14
20054417,09/11/2020 08:28,Day Shift (8AM - 4PM),"HOWE ST & SCHOOL ST Somerville, MA",DAYLIGHT,CLEAR,DRY,NONE,STOP SIGNS,T-INTERSECTION,"TWO-WAY, NOT DIVIDED",ANGLE,COLLISION WITH MOTOR VEHICLE IN TRAFFIC,ROADWAY,25,0,0,0,0,1,2,0,0,0,0,0,0,0,42.3901,-71.0965,4,2.50174E+14
21043392,20/08/2021 13:56,Day Shift (8AM - 4PM),"5 DARTMOUTH ST Somerville, MA",DAYLIGHT,CLOUDY,WET,NONE,NO CONTROLS,NOT AT INTERSECTION,"ONE-WAY, NOT DIVIDED","SIDESWIPE, SAME DIRECTION",COLLISION WITH PARKED MOTOR VEHICLE,ROADWAY,20,0,0,0,0,0,3,0,0,0,0,0,0,0,42.3901,-71.0974,4,2.50174E+14
22014456,19/03/2022 01:04,Last Half (Midnight - 8AM),"5 DARTMOUTH ST Somerville, MA",DARK - LIGHTED ROADWAY,CLEAR,DRY,NONE,NO CONTROLS,NOT AT INTERSECTION,"ONE-WAY, NOT DIVIDED",SINGLE VEHICLE CRASH,COLLISION WITH PARKED MOTOR VEHICLE,SHOULDER - TRAVEL LANE,25,0,0,2,0,0,1,0,0,0,0,0,0,0,42.3901,-71.0974,4,2.50174E+14
21034596,07/07/2021 15:25,Day Shift (8AM - 4PM),"MEDFORD ST & SCHOOL ST Somerville, MA",DAYLIGHT,CLEAR,DRY,UNKNOWN,TRAFFIC CONTROL SIGNAL,FOUR WAY INTERSECTION,"TWO-WAY, DIVIDED, UNPROTECTED MEDIAN",REAR-END,COLLISION WITH MOTOR VEHICLE IN TRAFFIC,ROADWAY,25,0,0,0,0,0,3,0,0,0,0,0,0,0,42.3891,-71.0972,4,2.50174E+14
23044962,09/08/2023 07:39,Last Half (Midnight - 8AM),"377 MEDFORD ST Somerville, MA",DAYLIGHT,CLEAR,DRY,NONE,NO CONTROLS,NOT AT INTERSECTION,"TWO-WAY, NOT DIVIDED","SIDESWIPE, SAME DIRECTION",COLLISION WITH PEDALCYCLE,ROADWAY,25,0,0,0,0,1,2,0,0,1,0,1,0,0,42.3899,-71.0976,4,2.50174E+14
22071256,19/12/2022 08:21,Day Shift (8AM - 4PM),"MEDFORD ST & SCHOOL ST Somerville, MA",DAYLIGHT,CLEAR,DRY,TRAFFIC CONTROL DEVICE,FLASHING TRAFIC CONTROL SIGNAL,FOUR WAY INTERSECTION,"TWO-WAY, DIVIDED, UNPROTECTED MEDIAN",SINGLE VEHICLE CRASH,COLLISION WITH PEDESTRIAN,ROADWAY,25,0,0,0,1,0,1,0,0,1,1,0,0,0,42.3891,-71.0972,4,2.50174E+14
18026389,04/05/2018 14:01,Day Shift (8AM - 4PM),"EVERGREEN AV & SCHOOL ST Somerville, MA",DAYLIGHT,CLEAR,DRY,NONE,NO CONTROLS,FOUR WAY INTERSECTION,"ONE-WAY, NOT DIVIDED",REAR-END,COLLISION WITH LIGHT POLE OR OTHER POST/SUPPORT,OUTSIDE ROADWAY,25,0,0,0,0,0,1,0,0,0,0,0,0,0,42.3914,-71.0957,4,2.50174E+14
19001660,10/01/2019 09:19,Day Shift (8AM - 4PM),"367 MEDFORD ST Somerville, MA",DAYLIGHT,CLOUDY,DRY,NONE,NO CONTROLS,NOT AT INTERSECTION,"TWO-WAY, NOT DIVIDED",SINGLE VEHICLE CRASH,COLLISION WITH PARKED MOTOR VEHICLE,OUTSIDE ROADWAY,25,0,0,0,0,0,2,0,0,0,0,0,0,0,42.3895,-71.0972,4,2.50174E+14
21004980,26/01/2021 05:42,Last Half (Midnight - 8AM),"MEDFORD ST & SCHOOL ST Somerville, MA",DARK - LIGHTED ROADWAY,CLEAR,DRY,NONE,TRAFFIC CONTROL SIGNAL,FOUR WAY INTERSECTION,"TWO-WAY, NOT DIVIDED","SIDESWIPE, SAME DIRECTION",COLLISION WITH PARKED MOTOR VEHICLE,ROADWAY,25,0,0,0,0,0,2,1,0,0,0,0,0,0,42.3891,-71.0972,4,2.50174E+14
23022979,28/04/2023 07:13,Last Half (Midnight - 8AM),"HOWE ST & SCHOOL ST Somerville, MA",DAYLIGHT,CLEAR,DRY,NONE,STOP SIGNS,T-INTERSECTION,"TWO-WAY, NOT DIVIDED",ANGLE,COLLISION WITH MOTOR VEHICLE IN TRAFFIC,ROADWAY,25,0,0,0,0,0,4,0,0,0,0,0,0,0,42.3901,-71.0965,4,2.50174E+14
19021017,17/04/2019 13:17,Day Shift (8AM - 4PM),"226 SCHOOL ST Somerville, MA",DAYLIGHT,CLEAR,DRY,NONE,NO CONTROLS,T-INTERSECTION,"TWO-WAY, NOT DIVIDED",ANGLE,COLLISION WITH PARKED MOTOR VEHICLE,ROADWAY,20,0,0,0,0,0,4,0,0,0,0,0,0,0,42.3914,-71.0959,4,2.50174E+14
20055023,12/11/2020 15:46,Day Shift (8AM - 4PM),"CENTRAL ST & VERNON ST Somerville, MA",DAYLIGHT,RAIN,WET,NONE,STOP SIGNS,T-INTERSECTION,"TWO-WAY, DIVIDED, UNPROTECTED MEDIAN","SIDESWIPE, SAME DIRECTION",COLLISION WITH MOTOR VEHICLE IN TRAFFIC,ROADWAY,25,0,0,0,0,0,2,0,0,0,0,0,0,0,42.3911,-71.1015,5,2.50174E+14
19019253,08/04/2019 15:40,Day Shift (8AM - 4PM),"CENTRAL STREET & VERNON STEET Somerville, MA",DAYLIGHT,CLOUDY,WET,NONE,NO CONTROLS,FOUR WAY INTERSECTION,"TWO-WAY, NOT DIVIDED",REAR-END,COLLISION WITH MOTOR VEHICLE IN TRAFFIC,ROADWAY,25,0,0,0,0,0,2,0,0,0,0,0,0,0,42.3911,-71.1015,5,2.50174E+14
19013804,13/03/2019 12:31,Day Shift (8AM - 4PM),"CENTRAL ST & VERNON ST Somerville, MA",DAYLIGHT,CLEAR,DRY,NONE,NO CONTROLS,FOUR WAY INTERSECTION,"TWO-WAY, NOT DIVIDED",SINGLE VEHICLE CRASH,COLLISION WITH LIGHT POLE OR OTHER POST/SUPPORT,ROADSIDE,25,0,0,0,0,0,1,0,0,0,0,0,0,0,42.3911,-71.1015,5,2.50174E+14
19065976,18/11/2019 16:54,First Half (4PM - Midnight),"CENTRAL ST & VERNON ST Somerville, MA",DARK - ROADWAY NOT LIGHTED,RAIN,WET,UNKNOWN,NO CONTROLS,FOUR WAY INTERSECTION,"TWO-WAY, NOT DIVIDED",REAR-END,COLLISION WITH PEDALCYCLE,ROADWAY,20,0,0,0,0,1,5,0,0,1,0,1,0,0,42.3911,-71.1015,5,2.50174E+14
21007325,09/02/2021 15:18,Day Shift (8AM - 4PM),"24 PEMBROKE ST Somerville, MA",DAYLIGHT,SNOW,SLUSH,OTHER,NO CONTROLS,NOT AT INTERSECTION,"ONE-WAY, NOT DIVIDED","SIDESWIPE, SAME DIRECTION",COLLISION WITH PARKED MOTOR VEHICLE,ROADWAY,25,0,0,0,0,0,4,0,0,0,0,0,0,0,42.3908,-71.1011,5,2.50174E+14
23034618,21/06/2023 09:13,Day Shift (8AM - 4PM),"396 MEDFORD ST Somerville, MA",DAYLIGHT,CLEAR,DRY,NONE,NO CONTROLS,NOT AT INTERSECTION,"TWO-WAY, NOT DIVIDED",SINGLE VEHICLE CRASH,OTHER,OUTSIDE ROADWAY,20,0,0,0,0,0,1,0,0,0,0,0,0,0,42.3906,-71.099,4,2.50174E+14
20010262,23/02/2020 17:42,First Half (4PM - Midnight),"7 LEE ST Somerville, MA",DARK - LIGHTED ROADWAY,CLEAR,DRY,NONE,NO CONTROLS,NOT AT INTERSECTION,"TWO-WAY, DIVIDED, UNPROTECTED MEDIAN",SINGLE VEHICLE CRASH,COLLISION WITH PARKED MOTOR VEHICLE,ROADWAY,25,0,0,0,0,0,3,0,0,0,0,0,0,0,42.3901,-71.0993,4,2.50174E+14
18025687,01/05/2018 12:37,Day Shift (8AM - 4PM),"LEE ST & RICHDALE AV Somerville, MA",DAYLIGHT,CLEAR,DRY,NONE,NO CONTROLS,T-INTERSECTION,"TWO-WAY, NOT DIVIDED",ANGLE,COLLISION WITH PARKED MOTOR VEHICLE,ROADWAY,25,0,0,0,0,0,2,0,0,0,0,0,0,0,42.3898,-71.0997,4,2.50174E+14
20062738,29/12/2020 17:39,First Half (4PM - Midnight),"370 MEDFORD ST Somerville, MA",DARK - LIGHTED ROADWAY,CLEAR,DRY,NONE,NO CONTROLS,NOT AT INTERSECTION,"TWO-WAY, DIVIDED, UNPROTECTED MEDIAN","SIDESWIPE, OPPOSITE DIRECTION",COLLISION WITH PARKED MOTOR VEHICLE,UNKNOWN,25,0,0,0,0,0,4,1,0,0,0,0,0,0,42.3893,-71.0976,4,2.50174E+14
20036905,29/07/2020 11:28,Day Shift (8AM - 4PM),"MEDFORD ST & PEARL ST Somerville, MA",DAYLIGHT,CLEAR,DRY,NONE,NO CONTROLS,Y-INTERSECTION,"TWO-WAY, NOT DIVIDED",SINGLE VEHICLE CRASH,OTHER,OUTSIDE ROADWAY,25,1,0,0,0,0,2,0,0,0,0,0,0,0,42.3882,-71.0963,3,2.50174E+14
21047492,10/09/2021 23:17,First Half (4PM - Midnight),"MEDFORD ST & PEARL ST Somerville, MA",DARK - UNKNOWN ROADWAY LIGHTING,CLEAR,DRY,NONE,WARNING SIGNS,Y-INTERSECTION,UNKNOWN,HEAD ON,COLLISION WITH PARKED MOTOR VEHICLE,ROADWAY,25,1,0,0,0,0,1,1,0,0,0,0,0,0,42.3882,-71.0963,3,2.50174E+14
18034192,08/06/2018 19:42,First Half (4PM - Midnight),"MEDFORD ST & PEARL ST Somerville, MA",DUSK,CLEAR,DRY,NONE,STOP SIGNS,Y-INTERSECTION,"TWO-WAY, NOT DIVIDED",REAR-END,COLLISION WITH MOTOR VEHICLE IN TRAFFIC,ROADWAY,25,0,0,0,0,2,2,0,0,0,0,0,0,0,42.3882,-71.0963,3,2.50174E+14
23061781,25/10/2023 08:43,Day Shift (8AM - 4PM),"MEDFORD ST & PEARL ST Somerville, MA",DAYLIGHT,CLEAR,DRY,NONE,STOP SIGNS,T-INTERSECTION,"TWO-WAY, DIVIDED, UNPROTECTED MEDIAN",SINGLE VEHICLE CRASH,OTHER,ROADWAY,20,0,0,0,0,0,2,0,0,0,0,0,0,0,42.3882,-71.0963,3,2.50174E+14