Crash Number,Date and Time of Crash,Police Shift,Crash Location,Light Conditions,Weather Conditions,Road Surface,Road Contributing Circumstances,Traffic Control Device Type,Roadway Intersection Type,Trafficway Description,Manner of Collision,First Harmful Event,First Harmful Event Location,Speed Limit,Work Zone,Count Fatal Injury ,Count Suspected Serious Injury,Count Suspected Minor Injury ,Count Possible Injury,Count No Apparent Injury,Count Unknown Injury,Count Not Reported Injury,Total Non-Motorists,Pedestrian Involvement (Non-Motorist),Cyclist Involvement (Non-Motorist),Other Non-Motorist Involvement,Hit and Run Flag,Latitude,Longitude,Ward,Block Code 
20008103,12/02/2020 14:38,Day Shift (8AM - 4PM),"MARSHALL ST & PEARL ST Somerville, MA",DAYLIGHT,CLEAR,DRY,NONE,STOP SIGNS,T-INTERSECTION,"TWO-WAY, NOT DIVIDED","SIDESWIPE, SAME DIRECTION",COLLISION WITH PARKED MOTOR VEHICLE,ROADWAY,25,0,0,0,0,0,2,0,0,0,0,0,0,0,42.3882,-71.0958,4,2.50174E+14
21013393,15/03/2021 21:03,First Half (4PM - Midnight),"87 MARSHALL ST Somerville, MA",DARK - LIGHTED ROADWAY,CLEAR,DRY,NONE,NO CONTROLS,NOT AT INTERSECTION,"ONE-WAY, NOT DIVIDED",REAR-END,COLLISION WITH PARKED MOTOR VEHICLE,ROADWAY,25,0,0,0,0,0,4,0,0,0,0,0,0,0,42.3887,-71.0957,4,2.50174E+14
22031281,04/06/2022 19:37,First Half (4PM - Midnight),"197 CENTRAL ST Somerville, MA",DAYLIGHT,CLEAR,DRY,NONE,NO CONTROLS,NOT AT INTERSECTION,"TWO-WAY, NOT DIVIDED","SIDESWIPE, SAME DIRECTION",COLLISION WITH PARKED MOTOR VEHICLE,UNKNOWN,25,0,0,0,0,0,4,0,0,0,0,0,0,0,42.3942,-71.0993,4,2.50174E+14
18055917,18/09/2018 21:15,First Half (4PM - Midnight),"BROADWAY & SYCAMORE ST Somerville, MA",DARK - LIGHTED ROADWAY,CLEAR,DRY,NONE,NO CONTROLS,T-INTERSECTION,"ONE-WAY, NOT DIVIDED",HEAD ON,COLLISION WITH PEDESTRIAN,ROADWAY,20,0,0,0,0,0,2,0,0,1,1,0,0,0,42.3944,-71.0971,4,2.50174E+14
24001316,08/01/2024 11:20,Day Shift (8AM - 4PM),"374 BROADWAY Somerville, MA",DAYLIGHT,CLEAR,WET,NONE,TRAFFIC CONTROL SIGNAL,FOUR WAY INTERSECTION,"TWO-WAY, DIVIDED, POSITIVE MEDIAN BARRIER",REAR-END,COLLISION WITH MOTOR VEHICLE IN TRAFFIC,ROADWAY,25,0,0,0,0,0,3,0,0,0,0,0,0,0,42.3941,-71.097,4,2.50174E+14
20047011,30/09/2020 11:27,Day Shift (8AM - 4PM),"145 SYCAMORE ST Somerville, MA",DAYLIGHT,CLEAR,WET,NONE,NO CONTROLS,NOT AT INTERSECTION,"ONE-WAY, NOT DIVIDED",SINGLE VEHICLE CRASH,OTHER,ROADWAY,20,0,0,0,0,0,2,0,0,0,0,0,0,0,42.3931,-71.0978,4,2.50174E+14
20018753,09/04/2020 03:48,Last Half (Midnight - 8AM),"30 BROWNING RD Somerville, MA",DARK - LIGHTED ROADWAY,CLEAR,DRY,NONE,NO CONTROLS,NOT AT INTERSECTION,"ONE-WAY, NOT DIVIDED",SINGLE VEHICLE CRASH,COLLISION WITH PARKED MOTOR VEHICLE,ROADWAY,25,0,0,0,0,0,5,0,0,0,0,0,0,0,42.394,-71.0985,4,2.50174E+14
23026969,16/05/2023 17:12,First Half (4PM - Midnight),"358 BROADWAY Somerville, MA",DAYLIGHT,CLEAR,DRY,NONE,NO CONTROLS,NOT AT INTERSECTION,"TWO-WAY, DIVIDED, POSITIVE MEDIAN BARRIER",REAR-END,COLLISION WITH MOTOR VEHICLE IN TRAFFIC,ROADWAY,30,0,0,0,0,0,2,0,0,0,0,0,0,0,42.3937,-71.096,4,2.50174E+14
20047598,03/10/2020 13:24,Day Shift (8AM - 4PM),"350 BROADWAY Somerville, MA",DAYLIGHT,CLEAR,DRY,NONE,NO CONTROLS,NOT AT INTERSECTION,"TWO-WAY, DIVIDED, POSITIVE MEDIAN BARRIER",REAR-END,COLLISION WITH MOTOR VEHICLE IN TRAFFIC,ROADWAY,25,0,0,0,4,0,0,0,0,0,0,0,0,0,42.3933,-71.0952,4,2.50174E+14
21033582,02/07/2021 15:32,Day Shift (8AM - 4PM),"350 BROADWAY Somerville, MA",DAYLIGHT,RAIN,WET,NONE,TRAFFIC CONTROL SIGNAL,NOT AT INTERSECTION,"TWO-WAY, DIVIDED, UNPROTECTED MEDIAN",REAR TO REAR,COLLISION WITH MOTOR VEHICLE IN TRAFFIC,ROADWAY,30,0,0,0,0,0,6,0,0,0,0,0,0,0,42.3933,-71.0952,4,2.50174E+14
20061430,20/12/2020 20:18,First Half (4PM - Midnight),"350 BROADWAY Somerville, MA",DARK - LIGHTED ROADWAY,OTHER,WET,NONE,TRAFFIC CONTROL SIGNAL,NOT AT INTERSECTION,"TWO-WAY, DIVIDED, POSITIVE MEDIAN BARRIER",REAR-END,COLLISION WITH MOTOR VEHICLE IN TRAFFIC,UNKNOWN,30,0,0,0,0,0,3,0,0,0,0,0,0,0,42.3933,-71.0952,4,2.50174E+14
20030571,18/06/2020 06:03,Last Half (Midnight - 8AM),"OAKLAND AV & SCHOOL ST Somerville, MA",DAYLIGHT,CLEAR,DRY,NONE,NO CONTROLS,T-INTERSECTION,"TWO-WAY, NOT DIVIDED",HEAD ON,COLLISION WITH PARKED MOTOR VEHICLE,ROADWAY,25,0,0,0,0,0,2,2,0,0,0,0,0,1,42.392,-71.0953,4,2.50174E+14
19060586,21/10/2019 19:18,First Half (4PM - Midnight),"350 BROADWAY Somerville, MA",DARK - LIGHTED ROADWAY,CLEAR,DRY,UNKNOWN,TRAFFIC CONTROL SIGNAL,NOT AT INTERSECTION,"TWO-WAY, DIVIDED, POSITIVE MEDIAN BARRIER",REAR-END,COLLISION WITH MOTOR VEHICLE IN TRAFFIC,ROADWAY,30,0,0,0,0,0,5,0,0,0,0,0,0,0,42.3933,-71.0952,4,2.50174E+14
20053345,03/11/2020 07:42,Last Half (Midnight - 8AM),"350 BROADWAY Somerville, MA",DAYLIGHT,CLEAR,DRY,NONE,NO CONTROLS,NOT AT INTERSECTION,"TWO-WAY, DIVIDED, POSITIVE MEDIAN BARRIER",REAR-END,COLLISION WITH MOTOR VEHICLE IN TRAFFIC,ROADWAY,25,0,0,0,0,0,2,0,0,0,0,0,0,0,42.3933,-71.0952,4,2.50174E+14
20029248,10/06/2020 01:17,Last Half (Midnight - 8AM),"242 SCHOOL ST Somerville, MA",DARK - LIGHTED ROADWAY,CLEAR,DRY,NONE,NO CONTROLS,NOT AT INTERSECTION,"TWO-WAY, DIVIDED, UNPROTECTED MEDIAN","SIDESWIPE, SAME DIRECTION",COLLISION WITH PARKED MOTOR VEHICLE,ROADWAY,25,0,0,0,0,0,2,0,0,0,0,0,0,0,42.3923,-71.0955,4,2.50174E+14
20008292,13/02/2020 11:36,Day Shift (8AM - 4PM),"350 BROADWAY Somerville, MA",DAYLIGHT,RAIN,WET,NONE,NO CONTROLS,NOT AT INTERSECTION,"TWO-WAY, DIVIDED, POSITIVE MEDIAN BARRIER",REAR-END,COLLISION WITH MOTOR VEHICLE IN TRAFFIC,ROADWAY,30,0,0,0,0,1,1,1,0,0,0,0,0,0,42.3933,-71.0952,4,2.50174E+14
19006713,06/02/2019 11:28,Day Shift (8AM - 4PM),"318 BROADWAY Somerville, MA",DAYLIGHT,CLEAR,DRY,NONE,NO CONTROLS,NOT AT INTERSECTION,"TWO-WAY, DIVIDED, UNPROTECTED MEDIAN",UNKNOWN,COLLISION WITH PARKED MOTOR VEHICLE,ROADSIDE,30,0,0,0,0,0,2,0,0,0,0,0,0,0,42.3923,-71.0934,4,2.50174E+14
23045967,14/08/2023 10:16,Day Shift (8AM - 4PM),"324 BROADWAY Somerville, MA",DAYLIGHT,CLOUDY,DRY,NONE,NO CONTROLS,NOT AT INTERSECTION,"TWO-WAY, DIVIDED, UNPROTECTED MEDIAN",REAR-END,COLLISION WITH PEDALCYCLE,ROADWAY,25,0,0,0,0,0,3,0,0,1,0,1,0,0,42.3924,-71.0936,4,2.50174E+14
20032738,01/07/2020 12:11,Day Shift (8AM - 4PM),"338 BROADWAY Somerville, MA",DAYLIGHT,CLOUDY,DRY,NONE,NO CONTROLS,NOT AT INTERSECTION,"TWO-WAY, DIVIDED, UNPROTECTED MEDIAN","SIDESWIPE, SAME DIRECTION",COLLISION WITH PARKED MOTOR VEHICLE,ROADSIDE,25,0,0,0,0,0,3,0,0,0,0,0,0,0,42.3929,-71.0944,4,2.50174E+14
21020529,25/04/2021 14:35,Day Shift (8AM - 4PM),"338 BROADWAY Somerville, MA",DAYLIGHT,CLEAR,DRY,NONE,TRAFFIC CONTROL SIGNAL,T-INTERSECTION,"TWO-WAY, DIVIDED, POSITIVE MEDIAN BARRIER",ANGLE,COLLISION WITH MOTOR VEHICLE IN TRAFFIC,ROADWAY,25,0,0,0,0,0,3,0,0,0,0,0,0,0,42.3929,-71.0944,4,2.50174E+14
19002478,14/01/2019 21:03,First Half (4PM - Midnight),"9 MARSHALL ST Somerville, MA",DARK - LIGHTED ROADWAY,CLEAR,DRY,NONE,NO CONTROLS,NOT AT INTERSECTION,"ONE-WAY, NOT DIVIDED",ANGLE,COLLISION WITH MOTOR VEHICLE IN TRAFFIC,ROADWAY,25,0,0,0,0,0,4,0,0,0,0,0,0,0,42.3921,-71.0935,4,2.50174E+14
20036509,26/07/2020 16:13,First Half (4PM - Midnight),"249 SCHOOL ST Somerville, MA",DAYLIGHT,CLEAR,DRY,OBSTRUCTION IN ROADWAY,NO CONTROLS,NOT AT INTERSECTION,"TWO-WAY, NOT DIVIDED",ANGLE,COLLISION WITH OTHER MOVABLE OBJECT,ROADWAY,25,0,0,1,0,0,1,0,0,1,0,0,1,0,42.3923,-71.0948,4,2.50174E+14
21056724,28/10/2021 13:21,Day Shift (8AM - 4PM),"328 BROADWAY Somerville, MA",DAYLIGHT,CLEAR,DRY,NONE,TRAFFIC CONTROL SIGNAL,T-INTERSECTION,"TWO-WAY, DIVIDED, POSITIVE MEDIAN BARRIER","SIDESWIPE, SAME DIRECTION",COLLISION WITH MOTOR VEHICLE IN TRAFFIC,ROADWAY,30,1,0,0,0,0,5,0,0,0,0,0,0,0,42.3927,-71.094,4,2.50174E+14
19049342,28/08/2019 12:19,Day Shift (8AM - 4PM),"338 BROADWAY Somerville, MA",DAYLIGHT,CLEAR,DRY,NONE,TRAFFIC CONTROL SIGNAL,T-INTERSECTION,"TWO-WAY, DIVIDED, POSITIVE MEDIAN BARRIER",REAR-END,COLLISION WITH MOTOR VEHICLE IN TRAFFIC,ROADWAY,30,0,0,0,0,0,3,0,0,0,0,0,0,0,42.3929,-71.0944,4,2.50174E+14
18034967,12/06/2018 12:00,Day Shift (8AM - 4PM),"5 MARSHALL ST Somerville, MA",DAYLIGHT,CLEAR,DRY,NONE,NO CONTROLS,NOT AT INTERSECTION,"ONE-WAY, NOT DIVIDED",HEAD ON,COLLISION WITH PARKED MOTOR VEHICLE,ROADWAY,25,0,0,0,0,1,0,0,0,0,0,0,0,0,42.3923,-71.0934,4,2.50174E+14
20008987,17/02/2020 02:48,Last Half (Midnight - 8AM),"461 BROADWAY Somerville, MA",DARK - LIGHTED ROADWAY,CLEAR,DRY,NONE,NO CONTROLS,NOT AT INTERSECTION,"TWO-WAY, NOT DIVIDED","SIDESWIPE, SAME DIRECTION",COLLISION WITH PARKED MOTOR VEHICLE,ROADWAY,25,0,0,0,0,0,1,0,0,0,0,0,0,0,42.3968,-71.1021,5,2.50174E+14
21019021,16/04/2021 13:47,Day Shift (8AM - 4PM),"BROADWAY & NORWOOD AV Somerville, MA",DAYLIGHT,RAIN,SLUSH,NONE,STOP SIGNS,T-INTERSECTION,"TWO-WAY, NOT DIVIDED",ANGLE,COLLISION WITH MOTOR VEHICLE IN TRAFFIC,ROADWAY,25,0,0,0,0,1,2,0,0,0,0,0,0,0,42.3967,-71.1024,5,2.50174E+14
19033228,13/06/2019 17:26,First Half (4PM - Midnight),"BROADWAY & NORWOOD AV Somerville, MA",DAYLIGHT,RAIN,WET,NONE,STOP SIGNS,T-INTERSECTION,"TWO-WAY, NOT DIVIDED",SINGLE VEHICLE CRASH,COLLISION WITH PEDESTRIAN,ROADWAY,30,0,0,1,0,0,1,0,0,1,1,0,0,0,42.3967,-71.1024,5,2.50174E+14
23008670,16/02/2023 13:10,Day Shift (8AM - 4PM),"MEDFORD ST & TRULL ST Somerville, MA",DAYLIGHT,CLOUDY,DRY,NONE,STOP SIGNS,FOUR WAY INTERSECTION,"TWO-WAY, NOT DIVIDED",ANGLE,COLLISION WITH MOTOR VEHICLE IN TRAFFIC,ROADWAY,25,0,0,0,0,0,3,0,0,0,0,0,0,0,42.3957,-71.1031,5,2.50174E+14
21005076,26/01/2021 16:36,First Half (4PM - Midnight),"MEDFORD ST & NORWOOD AV Somerville, MA",DUSK,SNOW,WET,NONE,NO CONTROLS,T-INTERSECTION,"ONE-WAY, NOT DIVIDED",SINGLE VEHICLE CRASH,COLLISION WITH PEDESTRIAN,ROADWAY,25,0,0,0,1,0,3,0,0,1,1,0,0,0,42.3957,-71.1031,5,2.50174E+14
23042594,28/07/2023 17:21,First Half (4PM - Midnight),"BROADWAY & NORWOOD AVE Somerville, MA",DAYLIGHT,CLEAR,DRY,NONE,STOP SIGNS,T-INTERSECTION,"TWO-WAY, DIVIDED, UNPROTECTED MEDIAN",ANGLE,COLLISION WITH MOTOR VEHICLE IN TRAFFIC,ROADWAY,25,0,0,0,0,0,2,0,0,0,0,0,0,0,42.3967,-71.1024,5,2.50174E+14
19045194,08/08/2019 14:23,Day Shift (8AM - 4PM),"5 NORWOOD AV Somerville, MA",DAYLIGHT,CLEAR,DRY,UNKNOWN,NO CONTROLS,FOUR WAY INTERSECTION,"ONE-WAY, NOT DIVIDED","SIDESWIPE, SAME DIRECTION",COLLISION WITH PARKED MOTOR VEHICLE,ROADWAY,25,0,0,0,0,0,1,0,0,0,0,0,0,0,42.3958,-71.1028,5,2.50174E+14
22051720,12/09/2022 15:15,Day Shift (8AM - 4PM),"MEDFORD ST & TRULL ST Somerville, MA",DAYLIGHT,CLEAR,DRY,NONE,NO CONTROLS,T-INTERSECTION,"TWO-WAY, NOT DIVIDED",ANGLE,COLLISION WITH MOTOR VEHICLE IN TRAFFIC,ROADWAY,25,0,0,0,1,0,1,0,0,0,0,0,0,0,42.3957,-71.1031,5,2.50174E+14
19019189,08/04/2019 08:33,Day Shift (8AM - 4PM),"464 BROADWAY Somerville, MA",DAYLIGHT,CLOUDY,WET,NONE,NO CONTROLS,NOT AT INTERSECTION,"TWO-WAY, NOT DIVIDED",ANGLE,COLLISION WITH MOTOR VEHICLE IN TRAFFIC,ROADWAY,25,0,0,0,0,0,7,0,0,0,0,0,0,0,42.3966,-71.1027,5,2.50174E+14
22045430,15/08/2022 13:18,Day Shift (8AM - 4PM),"16 NORWOOD AV Somerville, MA",DAYLIGHT,CLEAR,DRY,NONE,NO CONTROLS,NOT AT INTERSECTION,"ONE-WAY, NOT DIVIDED","SIDESWIPE, OPPOSITE DIRECTION",COLLISION WITH PARKED MOTOR VEHICLE,ROADWAY,25,0,0,0,0,0,3,0,0,0,0,0,0,0,42.3963,-71.1029,5,2.50174E+14
21026522,26/05/2021 19:52,First Half (4PM - Midnight),"505 MEDFORD ST Somerville, MA",DUSK,CLEAR,DRY,NONE,NO CONTROLS,NOT AT INTERSECTION,"TWO-WAY, DIVIDED, UNPROTECTED MEDIAN",SINGLE VEHICLE CRASH,OTHER,OUTSIDE ROADWAY,25,0,0,0,0,0,3,0,0,0,0,0,0,0,42.3963,-71.1034,5,2.50174E+14
18065168,02/11/2018 15:06,Day Shift (8AM - 4PM),"503 MEDFORD ST Somerville, MA",DAYLIGHT,CLEAR,DRY,NONE,NO CONTROLS,NOT AT INTERSECTION,"TWO-WAY, NOT DIVIDED","SIDESWIPE, SAME DIRECTION",COLLISION WITH MOTOR VEHICLE IN TRAFFIC,ROADWAY,25,0,0,0,0,0,2,0,0,0,0,0,0,0,42.3963,-71.1034,5,2.50174E+14
22025242,08/05/2022 11:35,Day Shift (8AM - 4PM),"LOWELL ST & MEDFORD ST Somerville, MA",DAYLIGHT,CLEAR,DRY,NONE,TRAFFIC CONTROL SIGNAL,T-INTERSECTION,"TWO-WAY, NOT DIVIDED","SIDESWIPE, OPPOSITE DIRECTION",COLLISION WITH MOTOR VEHICLE IN TRAFFIC,ROADWAY,30,0,0,0,0,0,3,0,0,0,0,0,0,0,42.3964,-71.1037,5,2.50174E+14
20056595,21/11/2020 15:51,Day Shift (8AM - 4PM),"525 MEDFORD ST Somerville, MA",DAYLIGHT,CLEAR,DRY,NONE,NO CONTROLS,NOT AT INTERSECTION,"TWO-WAY, NOT DIVIDED",ANGLE,COLLISION WITH PEDALCYCLE,ROADWAY,25,0,0,0,1,0,1,0,0,1,0,1,0,0,42.3969,-71.1038,5,2.50174E+14
19072962,27/12/2019 09:43,Day Shift (8AM - 4PM),"507 MEDFORD ST Somerville, MA",DAYLIGHT,CLOUDY,DRY,NONE,TRAFFIC CONTROL SIGNAL,T-INTERSECTION,"TWO-WAY, NOT DIVIDED",REAR-END,COLLISION WITH MOTOR VEHICLE IN TRAFFIC,ROADWAY,25,0,0,0,0,0,3,0,0,0,0,0,0,0,42.3965,-71.1034,5,2.50174E+14
23047549,21/08/2023 15:48,Day Shift (8AM - 4PM),"LOWELL ST & MEDFORD ST Somerville, MA",DAYLIGHT,CLEAR,DRY,TRAFFIC CONTROL DEVICE,TRAFFIC CONTROL SIGNAL,T-INTERSECTION,"TWO-WAY, NOT DIVIDED",SINGLE VEHICLE CRASH,OVERTURN/ROLLOVER,ROADWAY,20,0,0,0,1,0,2,0,0,0,0,0,0,0,42.3964,-71.1037,5,2.50174E+14
19002751,16/01/2019 10:09,Day Shift (8AM - 4PM),"493 BROADWAY Somerville, MA",DAYLIGHT,CLEAR,DRY,NONE,TRAFFIC CONTROL SIGNAL,FIVE-POINT OR MORE,"TWO-WAY, NOT DIVIDED",SINGLE VEHICLE CRASH,COLLISION WITH PEDESTRIAN,ROADWAY,30,0,0,1,0,0,1,0,0,1,1,0,0,0,42.3974,-71.104,5,2.50174E+14
19018958,07/04/2019 02:30,Last Half (Midnight - 8AM),"BROADWAY & MEDFORD ST Somerville, MA",DARK - LIGHTED ROADWAY,CLEAR,DRY,NONE,TRAFFIC CONTROL SIGNAL,FOUR WAY INTERSECTION,"TWO-WAY, NOT DIVIDED",SINGLE VEHICLE CRASH,COLLISION WITH UTILITY POLE,ROADWAY,25,0,0,0,0,0,1,0,0,0,0,0,0,0,42.3973,-71.1043,5,2.50174E+14
21020145,23/04/2021 13:47,Day Shift (8AM - 4PM),"MEDFORD ST & DEXTER ST / (MEDFORD) Somerville, MA",DAYLIGHT,CLEAR,DRY,NONE,TRAFFIC CONTROL SIGNAL,FIVE-POINT OR MORE,"TWO-WAY, NOT DIVIDED","SIDESWIPE, SAME DIRECTION",COLLISION WITH MOTOR VEHICLE IN TRAFFIC,ROADWAY,25,0,0,0,0,0,6,0,0,0,0,0,0,0,42.3973,-71.1043,5,2.50174E+14
22072070,23/12/2022 13:26,Day Shift (8AM - 4PM),"BROADWAY & MEDFORD ST Somerville, MA",DAYLIGHT,CLOUDY,WET,NONE,TRAFFIC CONTROL SIGNAL,FIVE-POINT OR MORE,"TWO-WAY, NOT DIVIDED",ANGLE,COLLISION WITH MOTOR VEHICLE IN TRAFFIC,ROADWAY,25,0,0,0,0,1,2,0,0,0,0,0,0,0,42.3973,-71.1043,5,2.50174E+14
22063512,05/11/2022 15:04,Day Shift (8AM - 4PM),"BROADWAY & MEFORD STREET Somerville, MA",DAYLIGHT,CLEAR,DRY,NONE,TRAFFIC CONTROL SIGNAL,FOUR WAY INTERSECTION,"TWO-WAY, DIVIDED, POSITIVE MEDIAN BARRIER",REAR-END,COLLISION WITH MOTOR VEHICLE IN TRAFFIC,ROADWAY,25,0,0,0,1,0,1,0,0,0,0,0,0,0,42.3973,-71.1043,5,2.50174E+14
21065786,23/12/2021 10:44,Day Shift (8AM - 4PM),"BROADWAY & MEDFORD ST Somerville, MA",DAYLIGHT,CLEAR,DRY,NONE,TRAFFIC CONTROL SIGNAL,Y-INTERSECTION,"TWO-WAY, NOT DIVIDED",ANGLE,COLLISION WITH MOTOR VEHICLE IN TRAFFIC,ROADWAY,25,0,0,0,0,0,2,0,0,0,0,0,0,0,42.3973,-71.1043,5,2.50174E+14
18033671,06/06/2018 08:03,Day Shift (8AM - 4PM),"483 BROADWAY Somerville, MA",DAYLIGHT,CLOUDY,DRY,NONE,TRAFFIC CONTROL SIGNAL,NOT AT INTERSECTION,"TWO-WAY, NOT DIVIDED",REAR-END,COLLISION WITH MOTOR VEHICLE IN TRAFFIC,ROADWAY,30,0,0,0,0,0,4,0,0,0,0,0,0,0,42.3972,-71.1033,5,2.50174E+14
18066550,09/11/2018 06:49,Last Half (Midnight - 8AM),"493 BROADWAY Somerville, MA",DAYLIGHT,CLEAR,DRY,UNKNOWN,NO CONTROLS,NOT AT INTERSECTION,"TWO-WAY, NOT DIVIDED","SIDESWIPE, SAME DIRECTION",COLLISION WITH MOTOR VEHICLE IN TRAFFIC,ROADWAY,25,0,0,0,0,0,2,0,0,0,0,0,0,0,42.3974,-71.104,5,2.50174E+14
23056268,01/10/2023 15:31,Day Shift (8AM - 4PM),"BROADWAY & DEXTER ST / (MEDFORD) Somerville, MA",DAYLIGHT,CLEAR,DRY,NONE,TRAFFIC CONTROL SIGNAL,FIVE-POINT OR MORE,"TWO-WAY, NOT DIVIDED",ANGLE,COLLISION WITH MOTOR VEHICLE IN TRAFFIC,ROADWAY,30,0,0,0,0,0,3,0,0,0,0,0,0,0,42.3973,-71.1043,5,2.50174E+14
22051766,12/09/2022 19:41,First Half (4PM - Midnight),"34 PARTRIDGE AV Somerville, MA",DARK - LIGHTED ROADWAY,CLEAR,DRY,NONE,NO CONTROLS,NOT AT INTERSECTION,"ONE-WAY, NOT DIVIDED","SIDESWIPE, SAME DIRECTION",COLLISION WITH PARKED MOTOR VEHICLE,ROADWAY,25,0,0,0,0,0,3,0,0,0,0,0,0,0,42.3941,-71.1037,5,2.50174E+14
20012467,04/03/2020 07:19,Last Half (Midnight - 8AM),"9 TRULL ST Somerville, MA",DARK - LIGHTED ROADWAY,RAIN,UNKNOWN,UNKNOWN,NO CONTROLS,NOT AT INTERSECTION,"ONE-WAY, NOT DIVIDED","SIDESWIPE, SAME DIRECTION",COLLISION WITH PARKED MOTOR VEHICLE,ROADWAY,25,0,0,0,0,0,2,1,0,0,0,0,0,1,42.3934,-71.1046,5,2.50174E+14
21006983,07/02/2021 15:47,Day Shift (8AM - 4PM),"6 PARTRIDGE AV Somerville, MA",DAYLIGHT,SNOW,SNOW,ROAD SURFACE CONDITION,NO CONTROLS,NOT AT INTERSECTION,"ONE-WAY, NOT DIVIDED","SIDESWIPE, SAME DIRECTION",COLLISION WITH PARKED MOTOR VEHICLE,ROADWAY,10,0,0,0,0,0,1,0,0,0,0,0,0,0,42.3931,-71.1044,5,2.50174E+14
19057911,08/10/2019 17:56,First Half (4PM - Midnight),"10 TRULL ST Somerville, MA",DAYLIGHT,CLOUDY,DRY,NONE,NO CONTROLS,NOT AT INTERSECTION,"ONE-WAY, NOT DIVIDED",REAR-END,COLLISION WITH PARKED MOTOR VEHICLE,ROADWAY,25,0,0,0,0,0,3,0,0,0,0,0,0,0,42.3934,-71.1049,5,2.50174E+14
22016504,28/03/2022 17:58,First Half (4PM - Midnight),"508 MEDFORD ST Somerville, MA",DUSK,CLEAR,DRY,NONE,NO CONTROLS,NOT AT INTERSECTION,"TWO-WAY, NOT DIVIDED","SIDESWIPE, SAME DIRECTION",COLLISION WITH PARKED MOTOR VEHICLE,ROADWAY,25,0,0,0,0,0,3,0,0,0,0,0,0,0,42.3962,-71.1037,5,2.50174E+14
20032386,29/06/2020 12:15,Day Shift (8AM - 4PM),"359 LOWELL ST Somerville, MA",DAYLIGHT,RAIN,WET,NONE,NO CONTROLS,NOT AT INTERSECTION,"TWO-WAY, NOT DIVIDED",SINGLE VEHICLE CRASH,OTHER,ROADSIDE,25,0,0,0,0,0,2,0,0,0,0,0,0,0,42.3959,-71.1037,5,2.50174E+14
19003060,17/01/2019 22:32,First Half (4PM - Midnight),"26 TRULL ST Somerville, MA",DARK - LIGHTED ROADWAY,CLEAR,DRY,NONE,NO CONTROLS,NOT AT INTERSECTION,"ONE-WAY, NOT DIVIDED",ANGLE,COLLISION WITH PARKED MOTOR VEHICLE,ROADWAY,25,0,0,0,0,0,3,0,0,0,0,0,0,0,42.394,-71.1046,5,2.50174E+14
20044178,14/09/2020 12:56,Day Shift (8AM - 4PM),"333 LOWELL ST Somerville, MA",DAYLIGHT,CLEAR,DRY,NONE,NO CONTROLS,NOT AT INTERSECTION,"TWO-WAY, DIVIDED, UNPROTECTED MEDIAN","SIDESWIPE, SAME DIRECTION",COLLISION WITH PARKED MOTOR VEHICLE,ROADWAY,25,0,0,0,0,0,3,0,0,0,0,0,0,0,42.3952,-71.1043,5,2.50174E+14
23012978,13/03/2023 09:49,Day Shift (8AM - 4PM),"303 LOWELL ST Somerville, MA",DAYLIGHT,CLEAR,DRY,NONE,NO CONTROLS,DRIVEWAY,"TWO-WAY, NOT DIVIDED",SINGLE VEHICLE CRASH,OTHER,ROADWAY,25,0,0,0,0,0,2,0,0,0,0,0,0,0,42.3946,-71.1047,5,2.50174E+14
23046238,15/08/2023 13:56,Day Shift (8AM - 4PM),"114 CENTRAL ST Somerville, MA",DAYLIGHT,CLEAR,DRY,UNKNOWN,STOP SIGNS,NOT AT INTERSECTION,"TWO-WAY, NOT DIVIDED",SINGLE VEHICLE CRASH,COLLISION WITH PEDALCYCLE,ROADWAY,20,0,0,0,0,1,1,0,0,1,0,1,0,0,42.3905,-71.102,5,2.50174E+14
20012249,03/03/2020 08:08,Day Shift (8AM - 4PM),"20 VERNON ST Somerville, MA",DAYLIGHT,CLEAR,DRY,NONE,TRAFFIC CONTROL SIGNAL,FOUR WAY INTERSECTION,"TWO-WAY, NOT DIVIDED",SINGLE VEHICLE CRASH,COLLISION WITH LIGHT POLE OR OTHER POST/SUPPORT,ROADSIDE,30,0,0,0,0,0,1,0,0,0,0,0,0,0,42.3911,-71.1024,5,2.50174E+14
20052322,28/10/2020 15:32,Day Shift (8AM - 4PM),"6 VERNON ST Somerville, MA",DAYLIGHT,RAIN,WET,NONE,NO CONTROLS,NOT AT INTERSECTION,UNKNOWN,ANGLE,COLLISION WITH MOTOR VEHICLE IN TRAFFIC,ROADWAY,20,0,0,0,0,0,2,0,0,0,0,0,0,0,42.391,-71.1019,5,2.50174E+14
20011020,26/02/2020 19:13,First Half (4PM - Midnight),"482 MEDFORD ST Somerville, MA",DARK - LIGHTED ROADWAY,OTHER,DRY,NONE,NO CONTROLS,NOT AT INTERSECTION,"TWO-WAY, NOT DIVIDED","SIDESWIPE, SAME DIRECTION",COLLISION WITH MOTOR VEHICLE IN TRAFFIC,ROADWAY,20,0,0,0,0,0,3,0,0,0,0,0,0,0,42.3949,-71.1027,5,2.50174E+14