Crash Number,Date and Time of Crash,Police Shift,Crash Location,Light Conditions,Weather Conditions,Road Surface,Road Contributing Circumstances,Traffic Control Device Type,Roadway Intersection Type,Trafficway Description,Manner of Collision,First Harmful Event,First Harmful Event Location,Speed Limit,Work Zone,Count Fatal Injury ,Count Suspected Serious Injury,Count Suspected Minor Injury ,Count Possible Injury,Count No Apparent Injury,Count Unknown Injury,Count Not Reported Injury,Total Non-Motorists,Pedestrian Involvement (Non-Motorist),Cyclist Involvement (Non-Motorist),Other Non-Motorist Involvement,Hit and Run Flag,Latitude,Longitude,Ward,Block Code 
22045834,17/08/2022 06:22,Last Half (Midnight - 8AM),"476 MEDFORD ST Somerville, MA",DAYLIGHT,CLEAR,DRY,NONE,NO CONTROLS,NOT AT INTERSECTION,"TWO-WAY, NOT DIVIDED",ANGLE,COLLISION WITH PEDALCYCLE,ROADWAY,25,0,0,0,1,0,2,0,0,1,0,1,0,0,42.3947,-71.1025,5,2.50174E+14
19002784,16/01/2019 12:58,Day Shift (8AM - 4PM),"GLENWOOD RD & MEDFORD ST Somerville, MA",DAYLIGHT,CLOUDY,DRY,NONE,STOP SIGNS,FOUR WAY INTERSECTION,"TWO-WAY, NOT DIVIDED",ANGLE,COLLISION WITH MOTOR VEHICLE IN TRAFFIC,ROADWAY,25,0,0,0,0,0,4,0,0,0,0,0,0,0,42.3947,-71.1023,5,2.50174E+14
22044937,12/08/2022 17:26,First Half (4PM - Midnight),"249 CEDAR ST Somerville, MA",DAYLIGHT,CLEAR,DRY,NONE,NO CONTROLS,NOT AT INTERSECTION,"TWO-WAY, NOT DIVIDED",REAR-END,COLLISION WITH MOTOR VEHICLE IN TRAFFIC,ROADWAY,25,0,0,0,0,0,2,0,0,0,0,0,0,0,42.3966,-71.1091,5,2.50174E+14
21061369,24/11/2021 10:15,Day Shift (8AM - 4PM),"36 CLYDE ST Somerville, MA",DAYLIGHT,CLEAR,DRY,NONE,NO CONTROLS,NOT AT INTERSECTION,"ONE-WAY, NOT DIVIDED",ANGLE,COLLISION WITH MOTOR VEHICLE IN TRAFFIC,ROADWAY,25,0,0,0,0,0,3,0,0,0,0,0,0,0,42.3946,-71.1086,5,2.50174E+14
19067197,25/11/2019 07:47,Last Half (Midnight - 8AM),"235 CEDAR ST Somerville, MA",DAYLIGHT,CLEAR,DRY,NONE,NO CONTROLS,NOT AT INTERSECTION,"TWO-WAY, NOT DIVIDED","SIDESWIPE, OPPOSITE DIRECTION",COLLISION WITH MOTOR VEHICLE IN TRAFFIC,ROADWAY,25,0,0,0,0,0,4,0,0,0,0,0,0,0,42.3963,-71.1093,5,2.50174E+14
18060658,11/10/2018 18:09,First Half (4PM - Midnight),"237 CEDAR ST Somerville, MA",DARK - LIGHTED ROADWAY,RAIN,"WATER, STANDING, MOVING","RUT, HOLES, BUMPS",NO CONTROLS,NOT AT INTERSECTION,"TWO-WAY, NOT DIVIDED",ANGLE,COLLISION WITH MOTOR VEHICLE IN TRAFFIC,ROADSIDE,25,1,0,0,0,0,2,0,0,0,0,0,0,0,42.3963,-71.1093,5,2.50174E+14
21063678,09/12/2021 17:55,First Half (4PM - Midnight),"CEDAR ST & NEWMAN PL Somerville, MA",DARK - LIGHTED ROADWAY,CLEAR,DRY,OBSTRUCTION IN ROADWAY,NO CONTROLS,T-INTERSECTION,"TWO-WAY, DIVIDED, UNPROTECTED MEDIAN",ANGLE,COLLISION WITH MOTOR VEHICLE IN TRAFFIC,ROADWAY,20,0,0,0,0,1,2,0,0,0,0,0,0,0,42.3958,-71.1098,5,2.50174E+14
21062728,03/12/2021 18:40,First Half (4PM - Midnight),"15 MURDOCK ST Somerville, MA",DARK - LIGHTED ROADWAY,CLEAR,DRY,NONE,NO CONTROLS,NOT AT INTERSECTION,"TWO-WAY, NOT DIVIDED","SIDESWIPE, OPPOSITE DIRECTION",COLLISION WITH PARKED MOTOR VEHICLE,ROADWAY,20,0,0,0,0,0,1,0,0,0,0,0,0,0,42.396,-71.1092,5,2.50174E+14
22003400,22/01/2022 14:48,Day Shift (8AM - 4PM),"233 CEDAR ST Somerville, MA",DAYLIGHT,CLEAR,DRY,NONE,NO CONTROLS,NOT AT INTERSECTION,"TWO-WAY, NOT DIVIDED",ANGLE,COLLISION WITH MOTOR VEHICLE IN TRAFFIC,ROADWAY,25,0,0,0,0,0,5,0,0,0,0,0,0,0,42.3962,-71.1094,5,2.50174E+14
21042716,17/08/2021 07:30,Last Half (Midnight - 8AM),"CEDAR ST & NEWMAN PL Somerville, MA",DAYLIGHT,CLEAR,DRY,NONE,NO CONTROLS,NOT AT INTERSECTION,"TWO-WAY, DIVIDED, UNPROTECTED MEDIAN","SIDESWIPE, OPPOSITE DIRECTION",COLLISION WITH MOTOR VEHICLE IN TRAFFIC,ROADWAY,25,0,0,0,0,0,4,0,0,0,0,0,0,0,42.3958,-71.1098,5,2.50174E+14
20001426,09/01/2020 19:01,First Half (4PM - Midnight),"CEDAR ST & WARWICK ST Somerville, MA",DARK - LIGHTED ROADWAY,CLEAR,DRY,NONE,NO CONTROLS,T-INTERSECTION,"TWO-WAY, NOT DIVIDED",REAR-END,COLLISION WITH MOTOR VEHICLE IN TRAFFIC,ROADWAY,30,0,0,0,0,1,2,0,0,0,0,0,0,0,42.3945,-71.1107,5,2.50174E+14
21046121,03/09/2021 13:57,Day Shift (8AM - 4PM),"197 CEDAR ST Somerville, MA",DAYLIGHT,CLEAR,DRY,NONE,NO CONTROLS,NOT AT INTERSECTION,"TWO-WAY, NOT DIVIDED","SIDESWIPE, SAME DIRECTION",COLLISION WITH PARKED MOTOR VEHICLE,ROADSIDE,25,0,0,0,0,0,3,0,0,0,0,0,0,0,42.3951,-71.1102,5,2.50174E+14
18038577,28/06/2018 18:01,First Half (4PM - Midnight),"3 MAXWELLS GREEN Somerville, MA",DAYLIGHT,CLOUDY,WET,UNKNOWN,NO CONTROLS,NOT AT INTERSECTION,"TWO-WAY, NOT DIVIDED",UNKNOWN,COLLISION WITH PEDESTRIAN,ROADWAY,5,0,0,0,0,1,1,0,0,1,1,0,0,0,42.3932,-71.1068,5,2.50174E+14
21032058,25/06/2021 12:15,Day Shift (8AM - 4PM),"LOWELL ST & WILTON ST Somerville, MA",DAYLIGHT,CLOUDY,DRY,NONE,NO CONTROLS,T-INTERSECTION,"ONE-WAY, NOT DIVIDED","SIDESWIPE, SAME DIRECTION",COLLISION WITH PARKED MOTOR VEHICLE,ROADWAY,20,0,0,0,0,0,3,0,0,0,0,0,0,0,42.3943,-71.1051,5,2.50174E+14
18061858,17/10/2018 18:36,First Half (4PM - Midnight),"294 LOWELL ST Somerville, MA",DARK - LIGHTED ROADWAY,CLEAR,DRY,NONE,NO CONTROLS,NOT AT INTERSECTION,"TWO-WAY, NOT DIVIDED",ANGLE,COLLISION WITH PARKED MOTOR VEHICLE,ROADWAY,25,0,0,0,1,0,6,0,0,0,0,0,0,0,42.3941,-71.1056,5,2.50174E+14
19009589,21/02/2019 10:45,Day Shift (8AM - 4PM),"31 NASHUA ST Somerville, MA",DAYLIGHT,SNOW,ICE,ROAD SURFACE CONDITION,NO CONTROLS,NOT AT INTERSECTION,"TWO-WAY, NOT DIVIDED",ANGLE,COLLISION WITH PARKED MOTOR VEHICLE,ROADWAY,30,0,0,0,0,0,3,0,0,0,0,0,0,0,42.3946,-71.1062,5,2.50174E+14
20057205,25/11/2020 10:52,Day Shift (8AM - 4PM),"LOWELL ST & VERNON ST Somerville, MA",DAYLIGHT,CLOUDY,DRY,NONE,NO CONTROLS,T-INTERSECTION,"TWO-WAY, NOT DIVIDED","SIDESWIPE, OPPOSITE DIRECTION",COLLISION WITH MOTOR VEHICLE IN TRAFFIC,ROADWAY,25,0,0,0,0,0,4,0,0,0,0,0,0,0,42.3935,-71.1057,5,2.50174E+14
19057264,05/10/2019 11:42,Day Shift (8AM - 4PM),"14 WILTON STREET Somerville, MA",DAYLIGHT,CLEAR,DRY,NONE,NO CONTROLS,NOT AT INTERSECTION,"ONE-WAY, NOT DIVIDED",SINGLE VEHICLE CRASH,COLLISION WITH PARKED MOTOR VEHICLE,ROADWAY,25,0,0,0,0,0,2,0,0,0,0,0,0,0,42.3945,-71.1058,5,2.50174E+14
19023403,29/04/2019 06:54,Last Half (Midnight - 8AM),"2 ALPINE ST. Somerville, MA",DAYLIGHT,CLEAR,DRY,NONE,NO CONTROLS,NOT AT INTERSECTION,"TWO-WAY, NOT DIVIDED",ANGLE,COLLISION WITH PARKED MOTOR VEHICLE,OUTSIDE ROADWAY,30,0,0,0,0,0,3,0,0,0,0,0,0,0,42.3938,-71.1108,5,2.50174E+14
23060785,20/10/2023 14:12,Day Shift (8AM - 4PM),"24 PRINCETON ST Somerville, MA",DAYLIGHT,CLOUDY,DRY,NONE,NO CONTROLS,NOT AT INTERSECTION,"TWO-WAY, NOT DIVIDED",SINGLE VEHICLE CRASH,OTHER,OUTSIDE ROADWAY,20,0,0,0,0,0,2,0,0,0,0,0,0,0,42.393,-71.1076,5,2.50174E+14
21056192,25/10/2021 17:23,First Half (4PM - Midnight),"LOWELL ST & PRINCETON ST Somerville, MA",DAYLIGHT,RAIN,WET,OBSTRUCTION IN ROADWAY,NO CONTROLS,T-INTERSECTION,"TWO-WAY, DIVIDED, UNPROTECTED MEDIAN","SIDESWIPE, SAME DIRECTION",COLLISION WITH PARKED MOTOR VEHICLE,ROADWAY,25,0,0,0,1,1,4,0,0,0,0,0,0,0,42.3925,-71.1064,5,2.50174E+14
21045232,30/08/2021 14:40,Day Shift (8AM - 4PM),"24 PRINCETON ST Somerville, MA",DAYLIGHT,CLEAR,DRY,NONE,NO CONTROLS,NOT AT INTERSECTION,"TWO-WAY, NOT DIVIDED","SIDESWIPE, SAME DIRECTION",COLLISION WITH PARKED MOTOR VEHICLE,ROADWAY,10,0,0,0,0,0,3,0,0,0,0,0,0,0,42.393,-71.1076,5,2.50174E+14
22061770,28/10/2022 07:54,Last Half (Midnight - 8AM),"2 ALPINE ST Somerville, MA",DAYLIGHT,CLEAR,DRY,NONE,YIELD SIGNS,NOT AT INTERSECTION,"TWO-WAY, DIVIDED, UNPROTECTED MEDIAN",HEAD ON,COLLISION WITH PEDALCYCLE,ROADWAY,20,0,0,0,1,0,2,0,0,1,0,1,0,0,42.3938,-71.1108,5,2.50174E+14
24000529,04/01/2024 07:49,Last Half (Midnight - 8AM),"9 COMMUNITY PATH Somerville, MA",DAYLIGHT,CLOUDY,DRY,NONE,NO CONTROLS,NOT AT INTERSECTION,"TWO-WAY, NOT DIVIDED",SINGLE VEHICLE CRASH,COLLISION WITH PEDALCYCLE,ROADWAY,25,0,0,0,0,1,1,0,0,1,0,1,0,0,42.3934,-71.1086,5,2.50174E+14
19071733,19/12/2019 14:47,Day Shift (8AM - 4PM),"CEDAR ST & MORRISON AV Somerville, MA",DAYLIGHT,CLEAR,DRY,NONE,NO CONTROLS,NOT AT INTERSECTION,"TWO-WAY, NOT DIVIDED",HEAD ON,COLLISION WITH MOTOR VEHICLE IN TRAFFIC,ROADWAY,20,0,0,0,0,0,3,0,0,0,0,0,0,0,42.3944,-71.1108,5,2.50174E+14
24008425,14/02/2024 13:48,Day Shift (8AM - 4PM),"165 CEDAR ST Somerville, MA",DAYLIGHT,CLEAR,DRY,UNKNOWN,NO CONTROLS,NOT AT INTERSECTION,"TWO-WAY, NOT DIVIDED",ANGLE,COLLISION WITH PEDALCYCLE,ROADWAY,25,0,0,0,0,0,2,0,0,1,0,1,0,0,42.3941,-71.1107,5,2.50174E+14
21030464,16/06/2021 21:47,First Half (4PM - Midnight),"171 CEDAR STREET Somerville, MA",DARK - LIGHTED ROADWAY,CLEAR,DRY,NONE,NO CONTROLS,NOT AT INTERSECTION,"TWO-WAY, NOT DIVIDED",SINGLE VEHICLE CRASH,COLLISION WITH PEDESTRIAN,ROADWAY,25,0,0,0,1,0,0,0,0,1,1,0,0,1,42.3943,-71.1107,5,2.50174E+14
18024216,24/04/2018 17:24,First Half (4PM - Midnight),"CEDAR ST & MORRISON AV Somerville, MA",DAYLIGHT,CLEAR,DRY,NONE,STOP SIGNS,T-INTERSECTION,"TWO-WAY, NOT DIVIDED",ANGLE,COLLISION WITH MOTOR VEHICLE IN TRAFFIC,ROADWAY,25,0,0,0,0,0,2,0,0,0,0,0,0,0,42.3944,-71.1108,5,2.50174E+14
23035906,27/06/2023 15:53,Day Shift (8AM - 4PM),"CEDAR ST & MORRISON AV Somerville, MA",DAYLIGHT,CLEAR,DRY,NONE,STOP SIGNS,NOT AT INTERSECTION,"TWO-WAY, NOT DIVIDED","SIDESWIPE, OPPOSITE DIRECTION",COLLISION WITH PEDALCYCLE,ROADWAY,20,0,0,0,1,0,3,0,0,1,0,1,0,0,42.3944,-71.1108,5,2.50174E+14
19012320,06/03/2019 10:16,Day Shift (8AM - 4PM),"165 CEDAR ST Somerville, MA",DAYLIGHT,CLEAR,WET,ROAD SURFACE CONDITION,NO CONTROLS,NOT AT INTERSECTION,"TWO-WAY, NOT DIVIDED",REAR-END,COLLISION WITH MOTOR VEHICLE IN TRAFFIC,ROADWAY,25,0,0,0,0,0,2,0,0,0,0,0,0,0,42.3941,-71.1107,5,2.50174E+14
23003197,19/01/2023 14:19,Day Shift (8AM - 4PM),"68 ALPINE ST Somerville, MA",DAYLIGHT,CLOUDY,WET,NONE,NO CONTROLS,NOT AT INTERSECTION,"TWO-WAY, NOT DIVIDED",SINGLE VEHICLE CRASH,COLLISION WITH TREE,ROADSIDE,25,0,0,0,0,0,3,0,0,0,0,0,0,0,42.3928,-71.1082,5,2.50174E+14
19003884,22/01/2019 09:57,Day Shift (8AM - 4PM),"BROADWAY & CHARLES RYAN RD Somerville, MA",DAYLIGHT,CLEAR,SLUSH,NONE,STOP SIGNS,T-INTERSECTION,"TWO-WAY, NOT DIVIDED",ANGLE,COLLISION WITH MOTOR VEHICLE IN TRAFFIC,ROADWAY,30,0,0,0,0,1,4,0,0,0,0,0,0,0,42.3978,-71.1057,5,2.50174E+14
19021877,21/04/2019 15:43,Day Shift (8AM - 4PM),"523 BROADWAY Somerville, MA",DAYLIGHT,CLEAR,DRY,NONE,NO CONTROLS,NOT AT INTERSECTION,"TWO-WAY, DIVIDED, POSITIVE MEDIAN BARRIER",ANGLE,COLLISION WITH MOTOR VEHICLE IN TRAFFIC,ROADWAY,30,0,0,0,0,1,2,0,0,0,0,0,0,0,42.3978,-71.1053,5,2.50174E+14
20034600,13/07/2020 15:28,Day Shift (8AM - 4PM),"499 BROADWAY Somerville, MA",DAYLIGHT,CLEAR,DRY,NONE,TRAFFIC CONTROL SIGNAL,FIVE-POINT OR MORE,"TWO-WAY, DIVIDED, UNPROTECTED MEDIAN","SIDESWIPE, SAME DIRECTION",COLLISION WITH MOTOR VEHICLE IN TRAFFIC,ROADWAY,25,0,0,0,0,0,2,0,0,0,0,0,0,0,42.3977,-71.1048,5,2.50174E+14
23048229,24/08/2023 13:29,Day Shift (8AM - 4PM),"499 BROADWAY Somerville, MA",DAYLIGHT,CLEAR,DRY,NONE,TRAFFIC CONTROL SIGNAL,FIVE-POINT OR MORE,"TWO-WAY, DIVIDED, UNPROTECTED MEDIAN",SINGLE VEHICLE CRASH,COLLISION WITH LIGHT POLE OR OTHER POST/SUPPORT,ROADSIDE,25,0,0,0,0,0,2,0,0,0,0,0,0,0,42.3977,-71.1048,5,2.50174E+14
18034282,09/06/2018 09:45,Day Shift (8AM - 4PM),"523 BROADWAY Somerville, MA",DAYLIGHT,CLEAR,DRY,NONE,NO CONTROLS,NOT AT INTERSECTION,"TWO-WAY, DIVIDED, UNPROTECTED MEDIAN",REAR-END,COLLISION WITH MOTOR VEHICLE IN TRAFFIC,ROADWAY,25,0,0,0,0,0,3,0,0,0,0,0,0,0,42.3978,-71.1053,5,2.50174E+14
21047004,08/09/2021 11:01,Day Shift (8AM - 4PM),"541 BROADWAY Somerville, MA",DAYLIGHT,CLEAR,DRY,NONE,NO CONTROLS,NOT AT INTERSECTION,UNKNOWN,SINGLE VEHICLE CRASH,OTHER,OUTSIDE ROADWAY,25,0,0,0,0,0,2,0,0,0,0,0,0,0,42.3982,-71.1064,5,2.50174E+14
23008261,14/02/2023 16:16,First Half (4PM - Midnight),"BROADWAY & CEDAR ST Somerville, MA",DAYLIGHT,CLEAR,DRY,TRAFFIC CONTROL DEVICE,TRAFFIC CONTROL SIGNAL,FOUR WAY INTERSECTION,"TWO-WAY, NOT DIVIDED",SINGLE VEHICLE CRASH,COLLISION WITH PEDESTRIAN,ROADWAY,30,0,0,0,1,0,3,0,0,1,1,0,0,0,42.3985,-71.108,5,2.50174E+14
18066276,07/11/2018 23:29,First Half (4PM - Midnight),"BROADWAY & CEDAR ST Somerville, MA",DARK - LIGHTED ROADWAY,CLEAR,DRY,NONE,TRAFFIC CONTROL SIGNAL,T-INTERSECTION,"TWO-WAY, DIVIDED, UNPROTECTED MEDIAN",REAR-END,COLLISION WITH MOTOR VEHICLE IN TRAFFIC,ROADWAY,25,0,0,0,1,0,4,0,0,0,0,0,0,0,42.3985,-71.108,5,2.50174E+14
21035152,09/07/2021 22:22,First Half (4PM - Midnight),"BROADWAY & CEDAR ST Somerville, MA",DARK - LIGHTED ROADWAY,CLEAR,DRY,NONE,TRAFFIC CONTROL SIGNAL,T-INTERSECTION,"TWO-WAY, NOT DIVIDED",ANGLE,COLLISION WITH MOTOR VEHICLE IN TRAFFIC,ROADWAY,25,0,0,0,2,0,0,0,0,0,0,0,0,0,42.3985,-71.108,5,2.50174E+14
19005496,30/01/2019 15:58,Day Shift (8AM - 4PM),"583 BROADWAY Somerville, MA",DAYLIGHT,CLEAR,DRY,NONE,TRAFFIC CONTROL SIGNAL,NOT AT INTERSECTION,"TWO-WAY, DIVIDED, UNPROTECTED MEDIAN",SINGLE VEHICLE CRASH,COLLISION WITH PEDESTRIAN,ROADWAY,25,0,0,0,1,0,1,0,0,1,1,0,0,0,42.3987,-71.108,5,2.50174E+14
19050922,04/09/2019 15:11,Day Shift (8AM - 4PM),"643 BROADWAY Somerville, MA",DAYLIGHT,CLEAR,DRY,NONE,NO CONTROLS,NOT AT INTERSECTION,UNKNOWN,UNKNOWN,OTHER,ROADWAY,30,0,0,0,1,0,3,0,0,0,0,0,0,0,42.3995,-71.1102,5,2.50174E+14
23030951,04/06/2023 00:18,Last Half (Midnight - 8AM),"582 BROADWAY Somerville, MA",DARK - LIGHTED ROADWAY,CLEAR,WET,NONE,TRAFFIC CONTROL SIGNAL,FOUR WAY INTERSECTION,"TWO-WAY, DIVIDED, UNPROTECTED MEDIAN",SINGLE VEHICLE CRASH,COLLISION WITH CURB,OUTSIDE ROADWAY,25,0,0,0,0,1,1,0,0,0,0,0,0,0,42.3983,-71.1084,5,2.50174E+14
23040379,18/07/2023 21:30,First Half (4PM - Midnight),"582 BROADWAY Somerville, MA",DARK - LIGHTED ROADWAY,CLOUDY,DRY,NONE,TRAFFIC CONTROL SIGNAL,DRIVEWAY,"TWO-WAY, DIVIDED, UNPROTECTED MEDIAN",SINGLE VEHICLE CRASH,COLLISION WITH MOTOR VEHICLE IN TRAFFIC,MEDIAN,25,0,0,0,1,0,1,0,0,1,1,0,0,0,42.3983,-71.1084,5,2.50174E+14
21040149,03/08/2021 19:31,First Half (4PM - Midnight),"594 BROADWAY Somerville, MA",DAYLIGHT,CLEAR,DRY,NONE,TRAFFIC CONTROL SIGNAL,NOT AT INTERSECTION,"TWO-WAY, DIVIDED, UNPROTECTED MEDIAN",ANGLE,COLLISION WITH MOTOR VEHICLE IN TRAFFIC,ROADWAY,25,0,0,0,1,0,2,0,0,1,0,1,0,0,42.3985,-71.1087,5,2.50174E+14
19055217,25/09/2019 13:33,Day Shift (8AM - 4PM),"616 BROADWAY Somerville, MA",DAYLIGHT,CLEAR,DRY,NONE,NO CONTROLS,NOT AT INTERSECTION,"TWO-WAY, NOT DIVIDED",REAR-END,COLLISION WITH PARKED MOTOR VEHICLE,ROADWAY,20,1,0,0,0,0,2,0,0,0,0,0,0,1,42.3987,-71.1094,5,2.50174E+14
18047038,08/08/2018 13:28,Day Shift (8AM - 4PM),"582 BROADWAY Somerville, MA",DAYLIGHT,CLOUDY,DRY,NONE,TRAFFIC CONTROL SIGNAL,NOT AT INTERSECTION,"TWO-WAY, NOT DIVIDED",SINGLE VEHICLE CRASH,OTHER,OUTSIDE ROADWAY,30,0,0,0,1,0,0,0,0,0,0,0,0,0,42.3983,-71.1084,5,2.50174E+14
21005595,29/01/2021 21:08,First Half (4PM - Midnight),"582 BROADWAY Somerville, MA",DARK - LIGHTED ROADWAY,CLEAR,DRY,NONE,NO CONTROLS,NOT AT INTERSECTION,"TWO-WAY, DIVIDED, UNPROTECTED MEDIAN",ANGLE,COLLISION WITH MOTOR VEHICLE IN TRAFFIC,ROADWAY,25,0,0,0,0,0,5,0,0,0,0,0,0,0,42.3983,-71.1084,5,2.50174E+14
20030671,18/06/2020 17:32,First Half (4PM - Midnight),"292 CEDAR ST Somerville, MA",DAYLIGHT,CLEAR,DRY,NONE,NO CONTROLS,NOT AT INTERSECTION,"TWO-WAY, NOT DIVIDED","SIDESWIPE, SAME DIRECTION",COLLISION WITH PARKED MOTOR VEHICLE,ROADWAY,25,0,0,0,0,0,2,0,0,0,0,0,0,0,42.3981,-71.1085,5,2.50174E+14
19069563,08/12/2019 00:37,Last Half (Midnight - 8AM),"288 CEDAR ST Somerville, MA",DARK - LIGHTED ROADWAY,CLEAR,DRY,NONE,NO CONTROLS,NOT AT INTERSECTION,"TWO-WAY, NOT DIVIDED","SIDESWIPE, OPPOSITE DIRECTION",COLLISION WITH PARKED MOTOR VEHICLE,ROADWAY,25,0,0,0,0,0,2,0,0,0,0,0,0,0,42.398,-71.1085,5,2.50174E+14
19003468,19/01/2019 18:25,First Half (4PM - Midnight),"620 BROADWAY Somerville, MA",DARK - LIGHTED ROADWAY,SNOW,SNOW,ROAD SURFACE CONDITION,NO CONTROLS,NOT AT INTERSECTION,"TWO-WAY, NOT DIVIDED","SIDESWIPE, SAME DIRECTION",COLLISION WITH PARKED MOTOR VEHICLE,ROADSIDE,30,0,0,0,0,0,2,0,0,0,0,0,0,0,42.3987,-71.1097,5,2.50174E+14
23027321,18/05/2023 07:31,Last Half (Midnight - 8AM),"620 BROADWAY Somerville, MA",DAYLIGHT,CLEAR,DRY,NONE,STOP SIGNS,T-INTERSECTION,"TWO-WAY, DIVIDED, UNPROTECTED MEDIAN",ANGLE,COLLISION WITH MOTOR VEHICLE IN TRAFFIC,ROADWAY,25,0,0,0,0,0,3,0,0,0,0,0,0,0,42.3987,-71.1097,5,2.50174E+14
18022528,16/04/2018 23:38,First Half (4PM - Midnight),"532 BROADWAY Somerville, MA",DARK - LIGHTED ROADWAY,CLEAR,WET,UNKNOWN,TRAFFIC CONTROL SIGNAL,DRIVEWAY,"TWO-WAY, NOT DIVIDED",SINGLE VEHICLE CRASH,COLLISION WITH PEDESTRIAN,ROADWAY,30,0,0,1,0,0,1,0,0,1,1,0,0,0,42.3979,-71.1064,5,2.50174E+14
20003809,22/01/2020 13:00,Day Shift (8AM - 4PM),"FRANEY RD & RYAN RD Somerville, MA",DAYLIGHT,CLEAR,DRY,NONE,STOP SIGNS,T-INTERSECTION,"TWO-WAY, NOT DIVIDED",ANGLE,COLLISION WITH PARKED MOTOR VEHICLE,ROADSIDE,25,0,0,0,0,0,2,1,0,0,0,0,0,1,42.3972,-71.1075,5,2.50174E+14
22030343,31/05/2022 15:17,Day Shift (8AM - 4PM),"546 BROADWAY Somerville, MA",DAYLIGHT,CLEAR,DRY,NONE,NO CONTROLS,NOT AT INTERSECTION,"TWO-WAY, NOT DIVIDED",ANGLE,COLLISION WITH MOTOR VEHICLE IN TRAFFIC,ROADWAY,25,0,0,0,0,0,3,0,0,0,0,0,0,0,42.398,-71.1069,5,2.50174E+14
23064221,05/11/2023 14:54,Day Shift (8AM - 4PM),"506 BROADWAY Somerville, MA",DAYLIGHT,CLOUDY,DRY,NONE,TRAFFIC CONTROL SIGNAL,FOUR WAY INTERSECTION,"TWO-WAY, DIVIDED, UNPROTECTED MEDIAN",ANGLE,COLLISION WITH MOTOR VEHICLE IN TRAFFIC,ROADWAY,25,0,0,0,0,1,2,0,0,0,0,0,0,0,42.3974,-71.1053,5,2.50174E+14
22044929,12/08/2022 16:31,First Half (4PM - Midnight),"16 CHARLES E RYAN RD Somerville, MA",DAYLIGHT,CLEAR,DRY,NONE,NO CONTROLS,NOT AT INTERSECTION,"TWO-WAY, NOT DIVIDED",ANGLE,COLLISION WITH PARKED MOTOR VEHICLE,ROADWAY,25,0,0,0,1,0,1,0,0,0,0,0,0,0,42.3972,-71.1059,5,2.50174E+14
21058949,09/11/2021 09:52,Day Shift (8AM - 4PM),"CHARLES E. RYAN RD & FRANEY RD Somerville, MA",DAYLIGHT,CLEAR,DRY,NONE,STOP SIGNS,T-INTERSECTION,"TWO-WAY, NOT DIVIDED",ANGLE,COLLISION WITH PARKED MOTOR VEHICLE,ROADWAY,25,0,0,0,0,0,3,0,0,0,0,0,0,0,42.3967,-71.1064,5,2.50174E+14
19010497,25/02/2019 17:52,First Half (4PM - Midnight),"BROADWAY & HINCKLEY ST Somerville, MA",DARK - LIGHTED ROADWAY,CLEAR,DRY,TRAFFIC CONGESTION RELATED,NO CONTROLS,T-INTERSECTION,"TWO-WAY, NOT DIVIDED",ANGLE,COLLISION WITH MOTOR VEHICLE IN TRAFFIC,ROADWAY,30,0,0,0,0,0,3,0,0,0,0,0,0,0,42.3976,-71.105,5,2.50174E+14
18066402,08/11/2018 13:00,Day Shift (8AM - 4PM),"514 MEDFORD ST Somerville, MA",DAYLIGHT,CLEAR,DRY,OBSTRUCTION IN ROADWAY,NO CONTROLS,NOT AT INTERSECTION,"TWO-WAY, NOT DIVIDED","SIDESWIPE, SAME DIRECTION",COLLISION WITH MOTOR VEHICLE IN TRAFFIC,ROADWAY,25,0,0,0,0,0,2,0,0,0,0,0,0,0,42.3965,-71.104,5,2.50174E+14
18056080,19/09/2018 17:05,First Half (4PM - Midnight),"LOWELL ST & FISKE AVE Somerville, MA",DAYLIGHT,CLOUDY,DRY,NONE,NO CONTROLS,T-INTERSECTION,"TWO-WAY, NOT DIVIDED",SINGLE VEHICLE CRASH,COLLISION WITH UNKNOWN FIXED OBJECT,OUTSIDE ROADWAY,20,0,0,0,0,0,1,0,0,0,0,0,0,0,42.3961,-71.1039,5,2.50174E+14
19027627,19/05/2019 22:13,First Half (4PM - Midnight),"532 MEDFORD ST Somerville, MA",DARK - LIGHTED ROADWAY,CLEAR,DRY,NONE,NO CONTROLS,NOT AT INTERSECTION,"TWO-WAY, NOT DIVIDED",REAR-END,COLLISION WITH PARKED MOTOR VEHICLE,ROADWAY,30,0,0,0,0,0,1,0,0,0,0,0,0,0,42.3969,-71.1043,5,2.50174E+14