Crash Number,Date and Time of Crash,Police Shift,Crash Location,Light Conditions,Weather Conditions,Road Surface,Road Contributing Circumstances,Traffic Control Device Type,Roadway Intersection Type,Trafficway Description,Manner of Collision,First Harmful Event,First Harmful Event Location,Speed Limit,Work Zone,Count Fatal Injury ,Count Suspected Serious Injury,Count Suspected Minor Injury ,Count Possible Injury,Count No Apparent Injury,Count Unknown Injury,Count Not Reported Injury,Total Non-Motorists,Pedestrian Involvement (Non-Motorist),Cyclist Involvement (Non-Motorist),Other Non-Motorist Involvement,Hit and Run Flag,Latitude,Longitude,Ward,Block Code 
18070397,28/11/2018 17:34,First Half (4PM - Midnight),"516 MEDFORD ST Somerville, MA",DARK - LIGHTED ROADWAY,CLEAR,DRY,NONE,TRAFFIC CONTROL SIGNAL,NOT AT INTERSECTION,"TWO-WAY, NOT DIVIDED",REAR-END,COLLISION WITH MOTOR VEHICLE IN TRAFFIC,ROADWAY,25,0,0,0,0,0,4,0,0,0,0,0,0,0,42.3965,-71.104,5,2.50174E+14
22010191,27/02/2022 13:12,Day Shift (8AM - 4PM),"504 BROADWAY Somerville, MA",DAYLIGHT,CLEAR,DRY,NONE,NO CONTROLS,NOT AT INTERSECTION,UNKNOWN,REAR TO REAR,COLLISION WITH PARKED MOTOR VEHICLE,ROADWAY,20,0,0,0,0,0,3,0,0,0,0,0,0,0,42.3972,-71.1049,5,2.50174E+14
22011231,04/03/2022 10:47,Day Shift (8AM - 4PM),"514 MEDFORD ST Somerville, MA",DAYLIGHT,CLEAR,DRY,NONE,TRAFFIC CONTROL SIGNAL,NOT AT INTERSECTION,"TWO-WAY, NOT DIVIDED","SIDESWIPE, SAME DIRECTION",COLLISION WITH MOTOR VEHICLE IN TRAFFIC,ROADWAY,25,0,0,0,0,0,5,0,0,0,0,0,0,0,42.3965,-71.104,5,2.50174E+14
20048338,07/10/2020 08:59,Day Shift (8AM - 4PM),"532 MEDFORD ST Somerville, MA",DAYLIGHT,CLEAR,DRY,NONE,NO CONTROLS,NOT AT INTERSECTION,UNKNOWN,REAR-END,COLLISION WITH PARKED MOTOR VEHICLE,OUTSIDE ROADWAY,30,0,0,0,0,0,4,0,0,0,0,0,0,0,42.3969,-71.1043,5,2.50174E+14
23071759,14/12/2023 07:10,Last Half (Midnight - 8AM),"BROADWAY & HINCKLEY ST Somerville, MA",DAYLIGHT,CLEAR,DRY,NONE,STOP SIGNS,T-INTERSECTION,"TWO-WAY, NOT DIVIDED",ANGLE,COLLISION WITH MOTOR VEHICLE IN TRAFFIC,ROADWAY,25,0,0,0,0,2,3,0,0,0,0,0,0,0,42.3976,-71.105,5,2.50174E+14
22034506,19/06/2022 20:31,First Half (4PM - Midnight),"516 MEDFORD ST Somerville, MA",DARK - LIGHTED ROADWAY,CLEAR,DRY,NONE,NO CONTROLS,NOT AT INTERSECTION,"TWO-WAY, NOT DIVIDED","SIDESWIPE, SAME DIRECTION",COLLISION WITH MOTOR VEHICLE IN TRAFFIC,ROADWAY,25,0,0,0,0,0,3,0,0,0,0,0,0,0,42.3965,-71.104,5,2.50174E+14
18073581,14/12/2018 15:58,Day Shift (8AM - 4PM),"532 MEDFORD ST Somerville, MA",DAYLIGHT,CLOUDY,DRY,NONE,NO CONTROLS,NOT AT INTERSECTION,"TWO-WAY, NOT DIVIDED",SINGLE VEHICLE CRASH,COLLISION WITH LIGHT POLE OR OTHER POST/SUPPORT,OUTSIDE ROADWAY,15,0,0,0,1,1,0,0,0,0,0,0,0,0,42.3969,-71.1043,5,2.50174E+14
23058437,11/10/2023 07:22,Last Half (Midnight - 8AM),"BROADWAY & HINCKLEY ST Somerville, MA",DAYLIGHT,CLEAR,DRY,NONE,STOP SIGNS,T-INTERSECTION,"TWO-WAY, NOT DIVIDED",ANGLE,COLLISION WITH MOTOR VEHICLE IN TRAFFIC,ROADWAY,25,0,0,0,0,1,1,0,0,0,0,0,0,0,42.3976,-71.105,5,2.50174E+14
19021199,18/04/2019 11:06,Day Shift (8AM - 4PM),"518 MEDFORD ST Somerville, MA",DAYLIGHT,CLOUDY,DRY,NONE,NO CONTROLS,NOT AT INTERSECTION,"TWO-WAY, NOT DIVIDED",SINGLE VEHICLE CRASH,COLLISION WITH LIGHT POLE OR OTHER POST/SUPPORT,ROADWAY,25,0,0,0,0,0,2,0,0,0,0,0,0,0,42.3966,-71.1041,5,2.50174E+14
22054896,26/09/2022 16:53,First Half (4PM - Midnight),"532 MEDFORD ST Somerville, MA",DAYLIGHT,CLEAR,DRY,NONE,NO CONTROLS,UNKNOWN,UNKNOWN,SINGLE VEHICLE CRASH,COLLISION WITH CURB,OUTSIDE ROADWAY,10,0,0,0,1,0,1,0,0,0,0,0,0,0,42.3969,-71.1043,5,2.50174E+14
18033381,04/06/2018 22:16,First Half (4PM - Midnight),"BROADWAY & HINCKLEY ST Somerville, MA",DARK - LIGHTED ROADWAY,CLOUDY,WET,NONE,NO CONTROLS,T-INTERSECTION,"TWO-WAY, DIVIDED, POSITIVE MEDIAN BARRIER",ANGLE,COLLISION WITH MOTOR VEHICLE IN TRAFFIC,ROADWAY,30,0,0,0,0,0,2,0,0,0,0,0,0,0,42.3976,-71.105,5,2.50174E+14
22007888,16/02/2022 10:34,Day Shift (8AM - 4PM),"504 BROADWAY Somerville, MA",DAYLIGHT,CLEAR,DRY,NONE,NO CONTROLS,NOT AT INTERSECTION,"TWO-WAY, NOT DIVIDED",REAR-END,COLLISION WITH MOTOR VEHICLE IN TRAFFIC,ROADWAY,25,0,0,0,0,0,3,0,0,0,0,0,0,0,42.3972,-71.1049,5,2.50174E+14
22004311,27/01/2022 23:49,First Half (4PM - Midnight),"504 BROADWAY Somerville, MA",DARK - LIGHTED ROADWAY,CLEAR,DRY,UNKNOWN,TRAFFIC CONTROL SIGNAL,FIVE-POINT OR MORE,"TWO-WAY, DIVIDED, UNPROTECTED MEDIAN",ANGLE,COLLISION WITH MOTOR VEHICLE IN TRAFFIC,ROADWAY,25,0,0,0,0,0,4,0,0,0,0,0,0,0,42.3972,-71.1049,5,2.50174E+14
22001090,08/01/2022 07:36,Last Half (Midnight - 8AM),"26 HINCKLEY ST Somerville, MA",DARK - LIGHTED ROADWAY,OTHER,SNOW,OTHER,NO CONTROLS,NOT AT INTERSECTION,"TWO-WAY, NOT DIVIDED","SIDESWIPE, OPPOSITE DIRECTION",COLLISION WITH PARKED MOTOR VEHICLE,ROADWAY,25,0,0,0,0,0,2,0,0,0,0,0,0,0,42.3966,-71.1056,5,2.50174E+14
21014617,22/03/2021 19:28,First Half (4PM - Midnight),"21 RICHARDSON ST Somerville, MA",DUSK,CLEAR,DRY,NONE,NO CONTROLS,T-INTERSECTION,"TWO-WAY, NOT DIVIDED",SINGLE VEHICLE CRASH,COLLISION WITH LIGHT POLE OR OTHER POST/SUPPORT,ROADWAY,5,0,0,0,0,0,1,0,0,0,0,0,0,0,42.3959,-71.1052,5,2.50174E+14
23048691,26/08/2023 16:48,First Half (4PM - Midnight),"7 LOWELL TER Somerville, MA",DAYLIGHT,CLEAR,DRY,NONE,NO CONTROLS,NOT AT INTERSECTION,UNKNOWN,UNKNOWN,COLLISION WITH MOTOR VEHICLE IN TRAFFIC,OUTSIDE ROADWAY,25,0,0,0,0,0,5,0,0,0,0,0,0,0,42.396,-71.1045,5,2.50174E+14
22009504,24/02/2022 09:21,Day Shift (8AM - 4PM),"19 RICHARDSON ST Somerville, MA",DAYLIGHT,CLEAR,DRY,NONE,STOP SIGNS,T-INTERSECTION,"TWO-WAY, NOT DIVIDED",ANGLE,COLLISION WITH MOTOR VEHICLE IN TRAFFIC,ROADWAY,20,0,0,0,0,0,3,0,0,0,0,0,0,0,42.3959,-71.1052,5,2.50174E+14
23039396,14/07/2023 13:02,Day Shift (8AM - 4PM),"VINAL ST & RICHARDSON ST Somerville, MA",DAYLIGHT,CLOUDY,DRY,NONE,NO CONTROLS,T-INTERSECTION,"TWO-WAY, NOT DIVIDED",ANGLE,COLLISION WITH MOTOR VEHICLE IN TRAFFIC,ROADWAY,25,0,0,0,0,0,2,0,0,0,0,0,0,0,42.3958,-71.1054,5,2.50174E+14
20013637,09/03/2020 18:18,First Half (4PM - Midnight),"NASHUA ST & RICHARDSON ST Somerville, MA",DAYLIGHT,CLEAR,DRY,NONE,STOP SIGNS,T-INTERSECTION,"TWO-WAY, NOT DIVIDED",ANGLE,COLLISION WITH MOTOR VEHICLE IN TRAFFIC,ROADWAY,25,0,0,0,0,0,4,0,0,0,0,0,0,0,42.3957,-71.1052,5,2.50174E+14
23032593,11/06/2023 23:57,First Half (4PM - Midnight),"49 HINCKLEY ST Somerville, MA",DARK - LIGHTED ROADWAY,CLEAR,DRY,NONE,NO CONTROLS,NOT AT INTERSECTION,"ONE-WAY, NOT DIVIDED","SIDESWIPE, SAME DIRECTION",COLLISION WITH MOTOR VEHICLE IN TRAFFIC,ROADWAY,25,0,0,0,0,0,3,0,0,0,0,0,0,0,42.396,-71.1063,5,2.50174E+14
24004411,25/01/2024 08:44,Day Shift (8AM - 4PM),"HINCKLEY ST & WILTON ST Somerville, MA",DAYLIGHT,CLOUDY,DRY,NONE,STOP SIGNS,T-INTERSECTION,"ONE-WAY, NOT DIVIDED",REAR-END,COLLISION WITH LIGHT POLE OR OTHER POST/SUPPORT,ROADWAY,20,1,0,0,0,0,1,0,0,0,0,0,0,0,42.395,-71.1067,5,2.50174E+14
23018569,08/04/2023 03:14,Last Half (Midnight - 8AM),"1 FRANEY RD Somerville, MA",DARK - LIGHTED ROADWAY,CLEAR,DRY,NONE,NO CONTROLS,NOT AT INTERSECTION,"TWO-WAY, NOT DIVIDED",REAR-END,COLLISION WITH PARKED MOTOR VEHICLE,ROADWAY,25,0,0,0,0,0,3,0,0,0,0,0,0,0,42.3965,-71.1076,5,2.50174E+14
22007400,13/02/2022 21:19,First Half (4PM - Midnight),"75 HINCKLEY ST Somerville, MA",DARK - LIGHTED ROADWAY,SNOW,ICE,ROAD SURFACE CONDITION,NO CONTROLS,FOUR WAY INTERSECTION,"ONE-WAY, NOT DIVIDED","SIDESWIPE, SAME DIRECTION",COLLISION WITH MOTOR VEHICLE IN TRAFFIC,ROADWAY,25,0,0,0,0,0,3,0,0,0,0,0,0,0,42.3952,-71.1068,5,2.50174E+14
19007825,12/02/2019 11:48,Day Shift (8AM - 4PM),"1 FRANEY RD Somerville, MA",DAYLIGHT,CLOUDY,DRY,NONE,NO CONTROLS,NOT AT INTERSECTION,"TWO-WAY, NOT DIVIDED",ANGLE,COLLISION WITH MOTOR VEHICLE IN TRAFFIC,OUTSIDE ROADWAY,30,0,0,0,0,0,2,0,0,0,0,0,0,0,42.3965,-71.1076,5,2.50174E+14
20055818,17/11/2020 08:19,Day Shift (8AM - 4PM),"1 FRANEY RD Somerville, MA",DAYLIGHT,CLEAR,DRY,NONE,NO CONTROLS,NOT AT INTERSECTION,"TWO-WAY, NOT DIVIDED",ANGLE,COLLISION WITH MOTOR VEHICLE IN TRAFFIC,OUTSIDE ROADWAY,5,0,0,0,0,0,2,0,0,0,0,0,0,0,42.3965,-71.1076,5,2.50174E+14
23043319,01/08/2023 09:55,Day Shift (8AM - 4PM),"1 FRANEY RD Somerville, MA",DAYLIGHT,CLEAR,DRY,UNKNOWN,STOP SIGNS,NOT AT INTERSECTION,"ONE-WAY, NOT DIVIDED","SIDESWIPE, SAME DIRECTION",COLLISION WITH PARKED MOTOR VEHICLE,ROADWAY,20,0,0,0,0,0,3,0,0,0,0,0,0,0,42.3965,-71.1076,5,2.50174E+14
22010542,01/03/2022 09:37,Day Shift (8AM - 4PM),"66 HINCKLEY ST Somerville, MA",DAYLIGHT,CLOUDY,SNOW,OTHER,NO CONTROLS,NOT AT INTERSECTION,"ONE-WAY, NOT DIVIDED","SIDESWIPE, SAME DIRECTION",COLLISION WITH PARKED MOTOR VEHICLE,ROADWAY,20,0,0,0,0,0,3,0,0,0,0,0,0,0,42.3954,-71.1064,5,2.50174E+14
21062678,03/12/2021 13:56,Day Shift (8AM - 4PM),"320 LOWELL ST Somerville, MA",DAYLIGHT,CLEAR,DRY,NONE,NO CONTROLS,NOT AT INTERSECTION,"TWO-WAY, NOT DIVIDED","SIDESWIPE, OPPOSITE DIRECTION",COLLISION WITH MOTOR VEHICLE IN TRAFFIC,ROADWAY,20,0,0,0,0,0,5,0,0,0,0,0,0,0,42.3949,-71.105,5,2.50174E+14
21031513,22/06/2021 16:37,First Half (4PM - Midnight),"308 LOWELL ST Somerville, MA",DAYLIGHT,RAIN,WET,OTHER,NO CONTROLS,NOT AT INTERSECTION,"TWO-WAY, DIVIDED, UNPROTECTED MEDIAN",REAR-END,COLLISION WITH MOTOR VEHICLE IN TRAFFIC,UNKNOWN,20,0,0,0,2,1,1,0,0,0,0,0,0,0,42.3945,-71.1052,5,2.50174E+14
18050300,23/08/2018 13:42,Day Shift (8AM - 4PM),"23 WILTON ST Somerville, MA",DAYLIGHT,CLEAR,DRY,NONE,STOP SIGNS,T-INTERSECTION,"ONE-WAY, NOT DIVIDED","SIDESWIPE, SAME DIRECTION",COLLISION WITH PARKED MOTOR VEHICLE,ROADWAY,25,0,0,0,0,0,1,0,0,0,0,0,0,0,42.3948,-71.1061,5,2.50174E+14
19054161,20/09/2019 15:38,Day Shift (8AM - 4PM),"DEARBORN RD & PEARSON RD Somerville, MA",DAYLIGHT,CLEAR,DRY,NONE,NO CONTROLS,NOT AT INTERSECTION,"TWO-WAY, NOT DIVIDED","SIDESWIPE, SAME DIRECTION",COLLISION WITH MOTOR VEHICLE IN TRAFFIC,ROADWAY,20,0,0,0,0,1,3,0,0,0,0,0,0,0,42.4051,-71.1158,6,2.50174E+14
18026688,05/05/2018 22:47,First Half (4PM - Midnight),"32 DEARBORN RD Somerville, MA",DARK - LIGHTED ROADWAY,CLEAR,DRY,NONE,NO CONTROLS,NOT AT INTERSECTION,"TWO-WAY, NOT DIVIDED",SINGLE VEHICLE CRASH,COLLISION WITH LIGHT POLE OR OTHER POST/SUPPORT,ROADSIDE,25,0,0,0,0,0,1,0,0,0,0,0,0,0,42.405,-71.1171,6,2.50174E+14
20050391,17/10/2020 23:44,First Half (4PM - Midnight),"157 COLLEGE AV Somerville, MA",DARK - LIGHTED ROADWAY,CLEAR,DRY,NONE,NO CONTROLS,NOT AT INTERSECTION,"TWO-WAY, NOT DIVIDED",ANGLE,COLLISION WITH PARKED MOTOR VEHICLE,ROADSIDE,25,0,0,0,0,0,2,0,0,0,0,0,0,0,42.4023,-71.1167,6,2.50174E+14
19026786,16/05/2019 01:32,Last Half (Midnight - 8AM),"185 COLLEGE AV Somerville, MA",DARK - LIGHTED ROADWAY,CLEAR,WET,NONE,NO CONTROLS,NOT AT INTERSECTION,"TWO-WAY, NOT DIVIDED",REAR-END,COLLISION WITH PARKED MOTOR VEHICLE,ROADSIDE,25,0,0,0,0,0,2,0,0,0,0,0,0,0,42.4036,-71.1169,6,2.50174E+14
22045635,16/08/2022 12:03,Day Shift (8AM - 4PM),"173 COLLEGE AV Somerville, MA",DAYLIGHT,CLEAR,DRY,NONE,NO CONTROLS,NOT AT INTERSECTION,"TWO-WAY, NOT DIVIDED","SIDESWIPE, SAME DIRECTION",COLLISION WITH PARKED MOTOR VEHICLE,ROADWAY,20,0,0,0,0,0,3,0,0,0,0,0,0,0,42.4031,-71.1168,6,2.50174E+14
23033793,16/06/2023 22:15,First Half (4PM - Midnight),"179 COLLEGE AV Somerville, MA",DARK - UNKNOWN ROADWAY LIGHTING,CLEAR,WET,NONE,NO CONTROLS,NOT AT INTERSECTION,"TWO-WAY, DIVIDED, UNPROTECTED MEDIAN",HEAD ON,COLLISION WITH PARKED MOTOR VEHICLE,ROADWAY,25,0,0,0,0,0,2,1,0,0,0,0,0,1,42.4034,-71.1169,6,2.50174E+14
21026974,29/05/2021 03:14,Last Half (Midnight - 8AM),"185 COLLEGE AV Somerville, MA",DARK - LIGHTED ROADWAY,RAIN,WET,UNKNOWN,NO CONTROLS,NOT AT INTERSECTION,"TWO-WAY, DIVIDED, UNPROTECTED MEDIAN",ANGLE,COLLISION WITH PARKED MOTOR VEHICLE,SHOULDER - PAVED,25,0,0,0,0,0,3,1,0,0,0,0,0,1,42.4036,-71.1169,6,2.50174E+14
23027203,17/05/2023 17:11,First Half (4PM - Midnight),"28 DEARBORN RD Somerville, MA",DAYLIGHT,CLEAR,DRY,NONE,NO CONTROLS,NOT AT INTERSECTION,"TWO-WAY, NOT DIVIDED","SIDESWIPE, SAME DIRECTION",COLLISION WITH MOTOR VEHICLE IN TRAFFIC,ROADWAY,25,0,0,0,0,0,3,0,0,0,0,0,0,0,42.405,-71.117,6,2.50174E+14
20017221,31/03/2020 12:39,Day Shift (8AM - 4PM),"143 COLLEGE AV Somerville, MA",DAYLIGHT,CLEAR,DRY,NONE,TRAFFIC CONTROL SIGNAL,TRAFFIC CIRCLE,"ONE-WAY, NOT DIVIDED",REAR-END,COLLISION WITH MOTOR VEHICLE IN TRAFFIC,ROADWAY,25,0,0,0,0,0,4,0,0,0,0,0,0,0,42.4016,-71.1165,6,2.50174E+14
20049652,14/10/2020 00:59,Last Half (Midnight - 8AM),"4 WARNER ST Somerville, MA",DARK - LIGHTED ROADWAY,CLEAR,WET,UNKNOWN,STOP SIGNS,TRAFFIC CIRCLE,"TWO-WAY, NOT DIVIDED","SIDESWIPE, OPPOSITE DIRECTION",COLLISION WITH PARKED MOTOR VEHICLE,SHOULDER - TRAVEL LANE,25,0,0,1,0,0,0,2,0,0,0,0,0,1,42.4015,-71.1164,6,2.50174E+14
22054055,22/09/2022 16:55,First Half (4PM - Midnight),"217 COLLEGE AV Somerville, MA",DAYLIGHT,CLEAR,DRY,NONE,STOP SIGNS,T-INTERSECTION,"TWO-WAY, NOT DIVIDED",ANGLE,COLLISION WITH MOTOR VEHICLE IN TRAFFIC,ROADWAY,25,0,0,0,0,0,3,0,0,0,0,0,0,0,42.4048,-71.1171,6,2.50174E+14
21044969,29/08/2021 00:51,Last Half (Midnight - 8AM),"179 COLLEGE AV Somerville, MA",DARK - LIGHTED ROADWAY,CLOUDY,WET,UNKNOWN,NO CONTROLS,NOT AT INTERSECTION,"TWO-WAY, DIVIDED, UNPROTECTED MEDIAN",SINGLE VEHICLE CRASH,COLLISION WITH PARKED MOTOR VEHICLE,ROADSIDE,25,0,0,0,0,1,1,0,0,0,0,0,0,0,42.4034,-71.1169,6,2.50174E+14
24006158,02/02/2024 18:37,First Half (4PM - Midnight),"195 COLLEGE AV Somerville, MA",DARK - LIGHTED ROADWAY,CLEAR,DRY,NONE,NO CONTROLS,T-INTERSECTION,"TWO-WAY, NOT DIVIDED",ANGLE,COLLISION WITH PARKED MOTOR VEHICLE,ROADWAY,20,0,0,0,0,0,1,0,0,0,0,0,0,0,42.404,-71.117,6,2.50174E+14
18066037,06/11/2018 22:25,First Half (4PM - Midnight),"215 COLLEGE AV Somerville, MA",DARK - LIGHTED ROADWAY,CLEAR,WET,NONE,NO CONTROLS,NOT AT INTERSECTION,"TWO-WAY, DIVIDED, UNPROTECTED MEDIAN","SIDESWIPE, SAME DIRECTION",COLLISION WITH MOTOR VEHICLE IN TRAFFIC,ROADWAY,25,0,0,0,0,0,2,0,0,0,0,0,0,0,42.4047,-71.1171,6,2.50174E+14
20034847,15/07/2020 00:18,Last Half (Midnight - 8AM),"205 COLLEGE AV Somerville, MA",DARK - LIGHTED ROADWAY,CLEAR,DRY,NONE,NO CONTROLS,NOT AT INTERSECTION,"TWO-WAY, DIVIDED, UNPROTECTED MEDIAN","SIDESWIPE, SAME DIRECTION",COLLISION WITH PARKED MOTOR VEHICLE,ROADWAY,25,0,0,0,0,0,2,0,0,0,0,0,0,0,42.4044,-71.117,6,2.50174E+14
22002214,15/01/2022 13:51,Day Shift (8AM - 4PM),"143 COLLEGE AV Somerville, MA",DAYLIGHT,CLEAR,DRY,NONE,YIELD SIGNS,TRAFFIC CIRCLE,"ONE-WAY, NOT DIVIDED",SINGLE VEHICLE CRASH,OTHER,ROADWAY,25,0,0,0,0,0,1,0,0,0,0,0,0,0,42.4016,-71.1165,6,2.50174E+14
21057374,31/10/2021 15:19,Day Shift (8AM - 4PM),"185 COLLEGE AV Somerville, MA",DAYLIGHT,CLOUDY,UNKNOWN,UNKNOWN,NO CONTROLS,NOT AT INTERSECTION,"TWO-WAY, NOT DIVIDED","SIDESWIPE, SAME DIRECTION",COLLISION WITH PARKED MOTOR VEHICLE,ROADWAY,20,0,0,0,0,0,4,0,0,0,0,0,0,0,42.4036,-71.1169,6,2.50174E+14
19024845,06/05/2019 08:17,Day Shift (8AM - 4PM),"PEARSON RD & WARNER ST Somerville, MA",DAYLIGHT,CLOUDY,DRY,NONE,STOP SIGNS,FOUR WAY INTERSECTION,"TWO-WAY, NOT DIVIDED",ANGLE,COLLISION WITH MOTOR VEHICLE IN TRAFFIC,ROADWAY,25,0,0,0,0,0,3,0,0,0,0,0,0,0,42.4021,-71.1151,6,2.50174E+14
19066013,18/11/2019 21:31,First Half (4PM - Midnight),"PEARSON RD & WARNER ST Somerville, MA",DARK - LIGHTED ROADWAY,RAIN,WET,NONE,STOP SIGNS,T-INTERSECTION,"TWO-WAY, DIVIDED, UNPROTECTED MEDIAN",ANGLE,COLLISION WITH MOTOR VEHICLE IN TRAFFIC,ROADWAY,25,0,0,0,0,0,2,0,0,0,0,0,0,0,42.4021,-71.1151,6,2.50174E+14
19054681,22/09/2019 21:11,First Half (4PM - Midnight),"PEARSON RD & WARNER ST Somerville, MA",DARK - LIGHTED ROADWAY,CLEAR,DRY,NONE,STOP SIGNS,T-INTERSECTION,"TWO-WAY, NOT DIVIDED",ANGLE,COLLISION WITH MOTOR VEHICLE IN TRAFFIC,ROADWAY,25,0,0,0,0,0,2,0,0,0,0,0,0,0,42.4021,-71.1151,6,2.50174E+14
21045253,30/08/2021 15:56,Day Shift (8AM - 4PM),"789 BROADWAY Somerville, MA",DAYLIGHT,CLEAR,DRY,NONE,FLASHING TRAFIC CONTROL SIGNAL,TRAFFIC CIRCLE,"ONE-WAY, NOT DIVIDED","SIDESWIPE, SAME DIRECTION",COLLISION WITH MOTOR VEHICLE IN TRAFFIC,ROADWAY,25,0,0,0,1,0,1,0,0,1,0,1,0,0,42.4011,-71.1161,6,2.50174E+14
19002602,15/01/2019 14:23,Day Shift (8AM - 4PM),"787 BROADWAY Somerville, MA",DAYLIGHT,CLEAR,DRY,NONE,FLASHING TRAFIC CONTROL SIGNAL,TRAFFIC CIRCLE,"TWO-WAY, NOT DIVIDED",ANGLE,COLLISION WITH MOTOR VEHICLE IN TRAFFIC,ROADWAY,25,0,0,0,0,0,3,0,0,0,0,0,0,0,42.4013,-71.116,6,2.50174E+14
21053187,09/10/2021 09:02,Day Shift (8AM - 4PM),"787 BROADWAY Somerville, MA",DAYLIGHT,CLEAR,DRY,NONE,NO CONTROLS,NOT AT INTERSECTION,"TWO-WAY, DIVIDED, UNPROTECTED MEDIAN",ANGLE,COLLISION WITH MOTOR VEHICLE IN TRAFFIC,ROADWAY,25,0,0,0,1,0,3,0,0,0,0,0,0,0,42.4013,-71.116,6,2.50174E+14
20012393,03/03/2020 18:38,First Half (4PM - Midnight),"BROADWAY & NA Somerville, MA",DARK - LIGHTED ROADWAY,CLEAR,DRY,NONE,NO CONTROLS,NOT AT INTERSECTION,"TWO-WAY, DIVIDED, POSITIVE MEDIAN BARRIER",REAR-END,COLLISION WITH MOTOR VEHICLE IN TRAFFIC,ROADWAY,25,0,0,0,0,0,1,1,0,0,0,0,0,0,42.4003,-71.1134,6,2.50174E+14
20039628,15/08/2020 14:50,Day Shift (8AM - 4PM),"739 BROADWAY Somerville, MA",DAYLIGHT,CLEAR,DRY,NONE,NO CONTROLS,NOT AT INTERSECTION,"TWO-WAY, DIVIDED, UNPROTECTED MEDIAN","SIDESWIPE, SAME DIRECTION",COLLISION WITH MOTOR VEHICLE IN TRAFFIC,ROADWAY,25,0,0,0,0,0,5,0,0,0,0,0,0,0,42.4005,-71.1135,6,2.50174E+14
22002892,19/01/2022 13:04,Day Shift (8AM - 4PM),"BROADWAY & WILLOW AV Somerville, MA",DAYLIGHT,CLEAR,DRY,NONE,TRAFFIC CONTROL SIGNAL,Y-INTERSECTION,"TWO-WAY, NOT DIVIDED",ANGLE,COLLISION WITH MOTOR VEHICLE IN TRAFFIC,ROADWAY,25,0,0,0,0,1,1,0,0,0,0,0,0,0,42.4001,-71.1127,6,2.50174E+14
19022276,23/04/2019 18:34,First Half (4PM - Midnight),"BROADWAY & NA Somerville, MA",DUSK,CLEAR,DRY,NONE,TRAFFIC CONTROL SIGNAL,NOT AT INTERSECTION,"TWO-WAY, DIVIDED, POSITIVE MEDIAN BARRIER",HEAD ON,COLLISION WITH PEDALCYCLE,ROADWAY,30,0,0,0,0,1,0,0,0,1,0,1,0,1,42.4003,-71.1134,6,2.50174E+14
18060093,09/10/2018 06:43,Last Half (Midnight - 8AM),"BROADWAY & NA Somerville, MA",DAYLIGHT,CLOUDY,DRY,NONE,TRAFFIC CONTROL SIGNAL,FOUR WAY INTERSECTION,"TWO-WAY, NOT DIVIDED",ANGLE,COLLISION WITH MOTOR VEHICLE IN TRAFFIC,ROADWAY,30,0,0,0,0,1,0,0,0,0,0,0,0,0,42.4003,-71.1134,6,2.50174E+14
21055431,21/10/2021 09:08,Day Shift (8AM - 4PM),"BRISTOL RD & BROADWAY Somerville, MA",DAYLIGHT,CLEAR,DRY,NONE,TRAFFIC CONTROL SIGNAL,FOUR WAY INTERSECTION,"TWO-WAY, NOT DIVIDED",ANGLE,COLLISION WITH MOTOR VEHICLE IN TRAFFIC,ROADWAY,25,0,0,0,0,0,2,0,0,0,0,0,0,0,42.4001,-71.1128,6,2.50174E+14
18052942,04/09/2018 19:17,First Half (4PM - Midnight),"BROADWAY & WILLOW AV Somerville, MA",DAYLIGHT,CLEAR,DRY,NONE,TRAFFIC CONTROL SIGNAL,FOUR WAY INTERSECTION,"TWO-WAY, NOT DIVIDED",HEAD ON,COLLISION WITH MOTOR VEHICLE IN TRAFFIC,ROADWAY,20,0,0,0,0,0,3,0,0,0,0,0,0,0,42.4001,-71.1127,6,2.50174E+14
21061894,28/11/2021 17:55,First Half (4PM - Midnight),"NA & BROADWAY Somerville, MA",DARK - LIGHTED ROADWAY,CLEAR,DRY,NONE,TRAFFIC CONTROL SIGNAL,FOUR WAY INTERSECTION,"TWO-WAY, DIVIDED, POSITIVE MEDIAN BARRIER",ANGLE,COLLISION WITH MOTOR VEHICLE IN TRAFFIC,ROADWAY,25,0,0,0,0,1,1,0,0,0,0,0,0,1,42.4003,-71.1134,6,2.50174E+14
18053925,09/09/2018 10:11,Day Shift (8AM - 4PM),"BROADWAY & WILLOW AV Somerville, MA",DAYLIGHT,CLEAR,DRY,NONE,TRAFFIC CONTROL SIGNAL,FOUR WAY INTERSECTION,"TWO-WAY, NOT DIVIDED",HEAD ON,COLLISION WITH MOTOR VEHICLE IN TRAFFIC,ROADWAY,30,0,0,0,0,0,3,0,0,0,0,0,0,0,42.4001,-71.1127,6,2.50174E+14