Crash Number,Date and Time of Crash,Police Shift,Crash Location,Light Conditions,Weather Conditions,Road Surface,Road Contributing Circumstances,Traffic Control Device Type,Roadway Intersection Type,Trafficway Description,Manner of Collision,First Harmful Event,First Harmful Event Location,Speed Limit,Work Zone,Count Fatal Injury ,Count Suspected Serious Injury,Count Suspected Minor Injury ,Count Possible Injury,Count No Apparent Injury,Count Unknown Injury,Count Not Reported Injury,Total Non-Motorists,Pedestrian Involvement (Non-Motorist),Cyclist Involvement (Non-Motorist),Other Non-Motorist Involvement,Hit and Run Flag,Latitude,Longitude,Ward,Block Code 
19003444,19/01/2019 14:28,Day Shift (8AM - 4PM),"0 BROADWAY Somerville, MA",DAYLIGHT,CLEAR,DRY,NONE,FLASHING TRAFIC CONTROL SIGNAL,FOUR WAY INTERSECTION,UNKNOWN,ANGLE,COLLISION WITH MOTOR VEHICLE IN TRAFFIC,ROADWAY,20,0,0,0,0,0,3,0,0,0,0,0,0,0,42.4003,-71.1134,6,2.50174E+14
18051037,27/08/2018 10:36,Day Shift (8AM - 4PM),"BROADWAY & NA Somerville, MA",DAYLIGHT,CLEAR,DRY,NONE,NO CONTROLS,NOT AT INTERSECTION,"ONE-WAY, NOT DIVIDED",SINGLE VEHICLE CRASH,COLLISION WITH PARKED MOTOR VEHICLE,ROADWAY,20,0,0,0,0,0,2,0,0,0,0,0,0,0,42.4003,-71.1134,6,2.50174E+14
19069671,08/12/2019 17:49,First Half (4PM - Midnight),"BROADWAY & WILLOW AV Somerville, MA",DARK - LIGHTED ROADWAY,CLEAR,DRY,NONE,TRAFFIC CONTROL SIGNAL,FOUR WAY INTERSECTION,"TWO-WAY, NOT DIVIDED",ANGLE,COLLISION WITH MOTOR VEHICLE IN TRAFFIC,ROADWAY,30,0,0,0,0,0,2,0,0,0,0,0,0,0,42.4001,-71.1127,6,2.50174E+14
23017433,03/04/2023 09:49,Day Shift (8AM - 4PM),"BROADWAY & RYAN RD Somerville, MA",DAYLIGHT,CLEAR,DRY,NONE,STOP SIGNS,T-INTERSECTION,"TWO-WAY, DIVIDED, POSITIVE MEDIAN BARRIER","SIDESWIPE, OPPOSITE DIRECTION",COLLISION WITH PARKED MOTOR VEHICLE,ROADWAY,25,0,0,0,0,0,3,0,0,0,0,0,0,0,42.4003,-71.1134,6,2.50174E+14
19004102,23/01/2019 10:29,Day Shift (8AM - 4PM),"BROADWAY & WILLOW AV Somerville, MA",DAYLIGHT,CLOUDY,WET,UNKNOWN,TRAFFIC CONTROL SIGNAL,FOUR WAY INTERSECTION,"TWO-WAY, DIVIDED, UNPROTECTED MEDIAN",UNKNOWN,COLLISION WITH MOTOR VEHICLE IN TRAFFIC,ROADWAY,25,0,0,0,0,0,3,0,0,0,0,0,0,0,42.4001,-71.1127,6,2.50174E+14
24002273,13/01/2024 09:43,Day Shift (8AM - 4PM),"BROADWAY & WILLOW AV Somerville, MA",DAYLIGHT,RAIN,WET,UNKNOWN,TRAFFIC CONTROL SIGNAL,FOUR WAY INTERSECTION,"TWO-WAY, NOT DIVIDED",HEAD ON,COLLISION WITH MOTOR VEHICLE IN TRAFFIC,ROADWAY,25,0,0,0,0,0,3,0,0,0,0,0,0,0,42.4001,-71.1127,6,2.50174E+14
21055681,22/10/2021 19:00,First Half (4PM - Midnight),"U BROADWAY Somerville, MA",DARK - LIGHTED ROADWAY,CLEAR,DRY,NONE,NO CONTROLS,NOT AT INTERSECTION,"TWO-WAY, DIVIDED, UNPROTECTED MEDIAN",SINGLE VEHICLE CRASH,COLLISION WITH PEDESTRIAN,ROADWAY,25,0,0,0,0,1,1,0,0,1,1,0,0,0,42.4003,-71.1134,6,2.50174E+14
23011184,02/03/2023 20:02,First Half (4PM - Midnight),"BROADWAY & WILLOW AV Somerville, MA",DARK - LIGHTED ROADWAY,CLEAR,DRY,NONE,TRAFFIC CONTROL SIGNAL,FOUR WAY INTERSECTION,"TWO-WAY, NOT DIVIDED",ANGLE,COLLISION WITH MOTOR VEHICLE IN TRAFFIC,ROADWAY,20,0,0,0,0,0,3,0,0,0,0,0,0,0,42.4001,-71.1127,6,2.50174E+14
22031179,04/06/2022 10:01,Day Shift (8AM - 4PM),"BROADWAY & BRISTOL RD. Somerville, MA",DAYLIGHT,CLEAR,DRY,NONE,TRAFFIC CONTROL SIGNAL,FOUR WAY INTERSECTION,"TWO-WAY, NOT DIVIDED","SIDESWIPE, OPPOSITE DIRECTION",COLLISION WITH MOTOR VEHICLE IN TRAFFIC,ROADWAY,20,0,0,0,0,0,2,0,0,0,0,0,0,0,42.4001,-71.1128,6,2.50174E+14
21015192,25/03/2021 14:50,Day Shift (8AM - 4PM),"BROADWAY & WILLOW AV Somerville, MA",DAYLIGHT,CLOUDY,DRY,NONE,TRAFFIC CONTROL SIGNAL,T-INTERSECTION,"ONE-WAY, NOT DIVIDED",REAR-END,COLLISION WITH MOTOR VEHICLE IN TRAFFIC,ROADWAY,25,0,0,0,0,0,4,0,0,0,0,0,0,0,42.4001,-71.1127,6,2.50174E+14
23053410,17/09/2023 09:32,Day Shift (8AM - 4PM),"BROADWAY & WILLOW AV Somerville, MA",DAYLIGHT,CLEAR,DRY,NONE,TRAFFIC CONTROL SIGNAL,FOUR WAY INTERSECTION,"TWO-WAY, DIVIDED, UNPROTECTED MEDIAN",ANGLE,COLLISION WITH MOTOR VEHICLE IN TRAFFIC,ROADWAY,25,0,0,0,0,0,2,0,0,0,0,0,0,0,42.4001,-71.1127,6,2.50174E+14
21054691,17/10/2021 11:04,Day Shift (8AM - 4PM),"BROADWAY & WILLOW AV Somerville, MA",DAYLIGHT,CLEAR,DRY,NONE,TRAFFIC CONTROL SIGNAL,FOUR WAY INTERSECTION,"TWO-WAY, NOT DIVIDED",ANGLE,COLLISION WITH MOTOR VEHICLE IN TRAFFIC,ROADWAY,25,0,0,0,0,0,2,0,0,0,0,0,0,0,42.4001,-71.1127,6,2.50174E+14
24014539,14/03/2024 21:54,First Half (4PM - Midnight),"BROADWAY & NA Somerville, MA",DARK - LIGHTED ROADWAY,CLEAR,DRY,NONE,NO CONTROLS,FIVE-POINT OR MORE,"TWO-WAY, NOT DIVIDED",HEAD ON,COLLISION WITH MOTOR VEHICLE IN TRAFFIC,ROADWAY,20,0,0,0,0,0,2,0,0,0,0,0,0,0,42.4003,-71.1134,6,2.50174E+14
21018171,11/04/2021 15:04,Day Shift (8AM - 4PM),"BROADWAY & WILLOW AV Somerville, MA",DAYLIGHT,CLEAR,DRY,TRAFFIC CONTROL DEVICE,TRAFFIC CONTROL SIGNAL,T-INTERSECTION,"TWO-WAY, DIVIDED, UNPROTECTED MEDIAN",HEAD ON,COLLISION WITH MOTOR VEHICLE IN TRAFFIC,ROADWAY,25,0,0,0,1,0,1,0,0,0,0,0,0,0,42.4001,-71.1127,6,2.50174E+14
22007682,15/02/2022 11:01,Day Shift (8AM - 4PM),"BROADWAY & WILLOW AV Somerville, MA",DAYLIGHT,CLEAR,DRY,NONE,TRAFFIC CONTROL SIGNAL,Y-INTERSECTION,"TWO-WAY, NOT DIVIDED",ANGLE,COLLISION WITH MOTOR VEHICLE IN TRAFFIC,ROADWAY,25,0,0,0,0,0,2,0,0,0,0,0,0,0,42.4001,-71.1127,6,2.50174E+14
18060961,13/10/2018 13:01,Day Shift (8AM - 4PM),"BROADWAY & NA Somerville, MA",DAYLIGHT,RAIN,WET,NONE,TRAFFIC CONTROL SIGNAL,UNKNOWN,"TWO-WAY, DIVIDED, UNPROTECTED MEDIAN",HEAD ON,COLLISION WITH MOTOR VEHICLE IN TRAFFIC,ROADWAY,25,0,0,0,0,0,2,0,0,0,0,0,0,0,42.4003,-71.1134,6,2.50174E+14
22068051,01/12/2022 17:57,First Half (4PM - Midnight),"BROADWAY & WILLOW AV Somerville, MA",DARK - LIGHTED ROADWAY,CLEAR,DRY,NONE,TRAFFIC CONTROL SIGNAL,FOUR WAY INTERSECTION,"TWO-WAY, NOT DIVIDED","SIDESWIPE, OPPOSITE DIRECTION",COLLISION WITH MOTOR VEHICLE IN TRAFFIC,ROADWAY,20,0,0,0,0,0,3,0,0,0,0,0,0,0,42.4001,-71.1127,6,2.50174E+14
20046208,26/09/2020 17:32,First Half (4PM - Midnight),"BROADWAY & WILLOW AV Somerville, MA",DUSK,CLEAR,DRY,NONE,TRAFFIC CONTROL SIGNAL,FOUR WAY INTERSECTION,UNKNOWN,HEAD ON,COLLISION WITH MOTOR VEHICLE IN TRAFFIC,ROADWAY,25,0,0,0,2,0,2,0,0,0,0,0,0,0,42.4001,-71.1127,6,2.50174E+14
21037929,23/07/2021 11:38,Day Shift (8AM - 4PM),"BROADWAY & WILLOW AV Somerville, MA",DAYLIGHT,CLEAR,DRY,NONE,TRAFFIC CONTROL SIGNAL,FOUR WAY INTERSECTION,"TWO-WAY, NOT DIVIDED",HEAD ON,COLLISION WITH MOTOR VEHICLE IN TRAFFIC,ROADWAY,25,0,0,0,0,0,2,0,0,0,0,0,0,0,42.4001,-71.1127,6,2.50174E+14
21006829,06/02/2021 10:24,Day Shift (8AM - 4PM),"711 BROADWAY Somerville, MA",DAYLIGHT,CLEAR,DRY,NONE,TRAFFIC CONTROL SIGNAL,NOT AT INTERSECTION,"TWO-WAY, NOT DIVIDED",REAR-END,COLLISION WITH MOTOR VEHICLE IN TRAFFIC,ROADWAY,25,0,0,0,0,0,3,0,0,0,0,0,0,0,42.4001,-71.1123,6,2.50174E+14
21029556,11/06/2021 23:54,First Half (4PM - Midnight),"BROADWAY & POWDER HOUSE BLVD Somerville, MA",DARK - LIGHTED ROADWAY,RAIN,WET,NONE,STOP SIGNS,TRAFFIC CIRCLE,UNKNOWN,ANGLE,COLLISION WITH MOTOR VEHICLE IN TRAFFIC,ROADWAY,25,0,0,0,0,0,2,0,0,0,0,0,0,0,42.401,-71.1171,6,2.50174E+14
21064260,13/12/2021 14:16,Day Shift (8AM - 4PM),"BROADWAY & WARNER ST Somerville, MA",DAYLIGHT,CLEAR,DRY,NONE,FLASHING TRAFIC CONTROL SIGNAL,TRAFFIC CIRCLE,"TWO-WAY, NOT DIVIDED",ANGLE,COLLISION WITH MOTOR VEHICLE IN TRAFFIC,ROADWAY,25,0,0,0,0,0,4,0,0,0,0,0,0,0,42.4012,-71.1164,6,2.50174E+14
23048523,25/08/2023 21:26,First Half (4PM - Midnight),"BROADWAY & WARNER ST Somerville, MA",DARK - LIGHTED ROADWAY,UNKNOWN,DRY,NONE,YIELD SIGNS,T-INTERSECTION,"ONE-WAY, NOT DIVIDED",REAR-END,COLLISION WITH MOTOR VEHICLE IN TRAFFIC,ROADWAY,20,0,0,0,2,0,5,0,0,0,0,0,0,0,42.4012,-71.1164,6,2.50174E+14
22070336,14/12/2022 06:15,Last Half (Midnight - 8AM),"BROADWAY & WARNER ST Somerville, MA",DARK - LIGHTED ROADWAY,CLEAR,DRY,NONE,YIELD SIGNS,FIVE-POINT OR MORE,"ONE-WAY, NOT DIVIDED",ANGLE,COLLISION WITH MOTOR VEHICLE IN TRAFFIC,ROADWAY,20,0,0,0,0,0,3,0,0,0,0,0,0,0,42.4012,-71.1164,6,2.50174E+14
18028136,12/05/2018 14:35,Day Shift (8AM - 4PM),"BROADWAY & WARNER ST Somerville, MA",DAYLIGHT,CLOUDY,WET,NONE,TRAFFIC CONTROL SIGNAL,TRAFFIC CIRCLE,"ONE-WAY, NOT DIVIDED",ANGLE,COLLISION WITH MOTOR VEHICLE IN TRAFFIC,ROADWAY,30,0,0,0,0,0,5,0,0,0,0,0,0,0,42.4012,-71.1164,6,2.50174E+14
22056163,02/10/2022 02:04,Last Half (Midnight - 8AM),"BROADWAY & POWDER HOUSE ROTARY Somerville, MA",DARK - LIGHTED ROADWAY,CLEAR,DRY,NONE,YIELD SIGNS,TRAFFIC CIRCLE,"TWO-WAY, DIVIDED, POSITIVE MEDIAN BARRIER",SINGLE VEHICLE CRASH,COLLISION WITH CURB,MEDIAN,20,0,0,0,0,0,1,0,0,0,0,0,0,1,42.401,-71.1166,6,2.50174E+14
20060428,15/12/2020 09:59,Day Shift (8AM - 4PM),"BOSTON AVE & BROADWAY Somerville, MA",DAYLIGHT,CLEAR,DRY,NONE,TRAFFIC CONTROL SIGNAL,FOUR WAY INTERSECTION,"TWO-WAY, NOT DIVIDED",REAR-END,COLLISION WITH MOTOR VEHICLE IN TRAFFIC,ROADWAY,25,0,0,0,0,0,3,0,0,0,0,0,0,0,42.3996,-71.1114,5,2.50174E+14
22005920,06/02/2022 16:12,First Half (4PM - Midnight),"15 BOSTON AV Somerville, MA",DAYLIGHT,CLEAR,ICE,ROAD SURFACE CONDITION,NO CONTROLS,NOT AT INTERSECTION,"ONE-WAY, NOT DIVIDED","SIDESWIPE, SAME DIRECTION",COLLISION WITH PARKED MOTOR VEHICLE,ROADWAY,25,0,0,0,0,0,5,0,0,0,0,0,0,1,42.395,-71.1109,5,2.50174E+14
19006801,06/02/2019 22:37,First Half (4PM - Midnight),"27 BOSTON AV Somerville, MA",DARK - LIGHTED ROADWAY,RAIN,WET,OBSTRUCTION IN ROADWAY,NO CONTROLS,NOT AT INTERSECTION,"ONE-WAY, NOT DIVIDED",SINGLE VEHICLE CRASH,COLLISION WITH OTHER MOVABLE OBJECT,ROADWAY,25,0,0,0,0,0,1,0,0,0,0,0,0,0,42.3955,-71.1106,5,2.50174E+14
18033538,05/06/2018 15:11,Day Shift (8AM - 4PM),"BOSTON AV & BROADWAY Somerville, MA",DAYLIGHT,RAIN,WET,NONE,TRAFFIC CONTROL SIGNAL,FOUR WAY INTERSECTION,"TWO-WAY, NOT DIVIDED",REAR-END,COLLISION WITH MOTOR VEHICLE IN TRAFFIC,ROADWAY,30,0,0,1,0,0,1,0,0,0,0,0,0,0,42.3996,-71.1114,5,2.50174E+14
22023349,30/04/2022 02:39,Last Half (Midnight - 8AM),"BOSTON AV & KIDDER AV Somerville, MA",DARK - LIGHTED ROADWAY,CLEAR,DRY,NONE,STOP SIGNS,T-INTERSECTION,"ONE-WAY, NOT DIVIDED",REAR-END,COLLISION WITH CURB,OUTSIDE ROADWAY,25,0,0,0,0,1,0,0,0,0,0,0,0,0,42.3962,-71.1103,5,2.50174E+14
20039813,16/08/2020 20:36,First Half (4PM - Midnight),"BOSTON AV & BROADWAY Somerville, MA",DARK - LIGHTED ROADWAY,RAIN,WET,WORK ZONE,TRAFFIC CONTROL SIGNAL,T-INTERSECTION,"TWO-WAY, NOT DIVIDED",SINGLE VEHICLE CRASH,COLLISION WITH DITCH,ROADWAY,25,1,0,0,0,0,2,0,0,0,0,0,0,0,42.3996,-71.1114,5,2.50174E+14
1800000059,09/07/2018 08:53,Day Shift (8AM - 4PM),"BOSTON AV & BROADWAY Somerville, MA",DAYLIGHT,CLEAR,DRY,NONE,TRAFFIC CONTROL SIGNAL,FOUR WAY INTERSECTION,"TWO-WAY, NOT DIVIDED",ANGLE,COLLISION WITH MOTOR VEHICLE IN TRAFFIC,ROADWAY,30,0,0,0,0,1,1,0,0,0,0,0,0,0,42.3996,-71.1114,5,2.50174E+14
23001179,08/01/2023 02:15,Last Half (Midnight - 8AM),"57 BOSTON AVE Somerville, MA",DARK - LIGHTED ROADWAY,CLEAR,DRY,OTHER,NO CONTROLS,NOT AT INTERSECTION,"ONE-WAY, NOT DIVIDED","SIDESWIPE, SAME DIRECTION",COLLISION WITH PARKED MOTOR VEHICLE,ROADWAY,25,0,0,0,0,0,3,0,0,0,0,0,0,0,42.3962,-71.1101,5,2.50174E+14
19027386,18/05/2019 17:08,First Half (4PM - Midnight),"68 BOSTON AV Somerville, MA",DAYLIGHT,CLEAR,DRY,NONE,NO CONTROLS,NOT AT INTERSECTION,"ONE-WAY, NOT DIVIDED","SIDESWIPE, SAME DIRECTION",COLLISION WITH PARKED MOTOR VEHICLE,ROADSIDE,25,0,0,0,0,0,3,0,0,0,0,0,0,0,42.3967,-71.1102,5,2.50174E+14
19022399,24/04/2019 09:03,Day Shift (8AM - 4PM),"214 CEDAR ST Somerville, MA",DAYLIGHT,CLEAR,DRY,NONE,NO CONTROLS,NOT AT INTERSECTION,"TWO-WAY, DIVIDED, UNPROTECTED MEDIAN",SINGLE VEHICLE CRASH,COLLISION WITH TREE,ROADWAY,20,0,0,0,0,0,2,0,0,0,0,0,0,0,42.3956,-71.1102,5,2.50174E+14
19059735,17/10/2019 14:50,Day Shift (8AM - 4PM),"180 CEDAR ST Somerville, MA",DAYLIGHT,CLOUDY,WET,NONE,NO CONTROLS,NOT AT INTERSECTION,"TWO-WAY, NOT DIVIDED","SIDESWIPE, SAME DIRECTION",COLLISION WITH MOTOR VEHICLE IN TRAFFIC,ROADWAY,25,0,0,0,0,0,5,0,0,0,0,0,0,0,42.3948,-71.1108,5,2.50174E+14
19072913,27/12/2019 00:20,Last Half (Midnight - 8AM),"96 ROGERS AV Somerville, MA",DARK - LIGHTED ROADWAY,CLEAR,DRY,NONE,NO CONTROLS,NOT AT INTERSECTION,"ONE-WAY, NOT DIVIDED",SINGLE VEHICLE CRASH,COLLISION WITH PARKED MOTOR VEHICLE,ROADWAY,25,0,0,0,1,0,0,0,0,0,0,0,0,0,42.3985,-71.1124,5,2.50174E+14
19042453,26/07/2019 13:01,Day Shift (8AM - 4PM),"674 BROADWAY Somerville, MA",DAYLIGHT,CLEAR,DRY,NONE,NO CONTROLS,T-INTERSECTION,"TWO-WAY, NOT DIVIDED","SIDESWIPE, SAME DIRECTION",COLLISION WITH PARKED MOTOR VEHICLE,ROADWAY,20,1,0,0,0,0,3,0,0,0,0,0,0,0,42.3996,-71.1119,5,2.50174E+14
20062404,27/12/2020 13:08,Day Shift (8AM - 4PM),"131 JOSEPHINE AV Somerville, MA",DAYLIGHT,CLEAR,DRY,NONE,NO CONTROLS,NOT AT INTERSECTION,"ONE-WAY, NOT DIVIDED","SIDESWIPE, SAME DIRECTION",COLLISION WITH PARKED MOTOR VEHICLE,ROADWAY,25,0,0,0,0,0,3,0,0,0,0,0,0,0,42.3995,-71.1121,5,2.50174E+14
23067267,20/11/2023 19:12,First Half (4PM - Midnight),"227 WILLOW AV Somerville, MA",DARK - LIGHTED ROADWAY,CLEAR,DRY,NONE,NO CONTROLS,NOT AT INTERSECTION,"TWO-WAY, NOT DIVIDED","SIDESWIPE, SAME DIRECTION",COLLISION WITH PARKED MOTOR VEHICLE,ROADWAY,20,0,0,0,0,0,3,0,0,0,0,0,0,0,42.3983,-71.1138,6,2.50174E+14
19006962,07/02/2019 16:36,First Half (4PM - Midnight),"BROADWAY & JOSEPHINE AV Somerville, MA",DAYLIGHT,RAIN,WET,NONE,NO CONTROLS,T-INTERSECTION,"TWO-WAY, NOT DIVIDED",REAR-END,COLLISION WITH MOTOR VEHICLE IN TRAFFIC,ROADWAY,30,0,0,0,0,0,3,0,0,0,0,0,0,0,42.3999,-71.112,6,2.50174E+14
19003353,19/01/2019 02:26,Last Half (Midnight - 8AM),"704 BROADWAY Somerville, MA",DARK - LIGHTED ROADWAY,CLEAR,DRY,NONE,TRAFFIC CONTROL SIGNAL,NOT AT INTERSECTION,"TWO-WAY, NOT DIVIDED",SINGLE VEHICLE CRASH,COLLISION WITH LIGHT POLE OR OTHER POST/SUPPORT,ROADSIDE,30,0,0,0,0,1,1,0,0,0,0,0,0,0,42.3998,-71.1124,6,2.50174E+14
23068587,29/11/2023 07:49,Last Half (Midnight - 8AM),"BROADWAY & JOSEPHINE AV Somerville, MA",DAYLIGHT,CLEAR,DRY,NONE,YIELD SIGNS,T-INTERSECTION,"TWO-WAY, NOT DIVIDED",SINGLE VEHICLE CRASH,COLLISION WITH PEDESTRIAN,ROADWAY,30,0,0,0,1,0,0,1,0,1,1,0,0,1,42.3999,-71.112,6,2.50174E+14
19058744,13/10/2019 00:35,Last Half (Midnight - 8AM),"213 WILLOW AV Somerville, MA",DARK - LIGHTED ROADWAY,CLEAR,DRY,NONE,FLASHING TRAFIC CONTROL SIGNAL,FOUR WAY INTERSECTION,"TWO-WAY, NOT DIVIDED",HEAD ON,COLLISION WITH PEDESTRIAN,ROADWAY,25,0,0,1,0,0,0,0,0,1,1,0,0,1,42.3979,-71.114,6,2.50174E+14
19005516,30/01/2019 18:10,First Half (4PM - Midnight),"700 BROADWAY Somerville, MA",DARK - LIGHTED ROADWAY,SNOW,WET,NONE,STOP SIGNS,NOT AT INTERSECTION,"ONE-WAY, NOT DIVIDED",ANGLE,COLLISION WITH MOTOR VEHICLE IN TRAFFIC,ROADWAY,25,0,0,0,1,0,3,0,0,0,0,0,0,0,42.3999,-71.1123,6,2.50174E+14
21065530,21/12/2021 17:38,First Half (4PM - Midnight),"86 PRICHARD AV Somerville, MA",DARK - LIGHTED ROADWAY,CLEAR,DRY,NONE,NO CONTROLS,NOT AT INTERSECTION,"ONE-WAY, NOT DIVIDED",HEAD ON,COLLISION WITH CURB,OUTSIDE ROADWAY,25,0,1,0,0,0,1,0,0,0,0,0,0,0,42.3974,-71.1105,5,2.50174E+14
18025004,28/04/2018 12:49,Day Shift (8AM - 4PM),"47 PRICHARD AV Somerville, MA",DAYLIGHT,CLEAR,DRY,NONE,NO CONTROLS,NOT AT INTERSECTION,"ONE-WAY, NOT DIVIDED",REAR-END,COLLISION WITH PARKED MOTOR VEHICLE,ROADWAY,25,0,0,0,0,0,2,0,0,0,0,0,0,0,42.3961,-71.1109,5,2.50174E+14
19021464,19/04/2019 15:35,Day Shift (8AM - 4PM),"KIDDER AV & PRICHARD AV Somerville, MA",DAYLIGHT,CLEAR,DRY,NONE,STOP SIGNS,FOUR WAY INTERSECTION,"TWO-WAY, NOT DIVIDED",SINGLE VEHICLE CRASH,COLLISION WITH TREE,ROADSIDE,20,0,0,0,0,0,4,0,0,0,0,0,0,0,42.3964,-71.1109,5,2.50174E+14
20004002,23/01/2020 12:14,Day Shift (8AM - 4PM),"60 HIGHLAND RD Somerville, MA",DAYLIGHT,CLEAR,DRY,NONE,NO CONTROLS,NOT AT INTERSECTION,"TWO-WAY, NOT DIVIDED",SINGLE VEHICLE CRASH,COLLISION WITH PARKED MOTOR VEHICLE,ROADWAY,20,0,0,0,0,0,1,0,0,0,0,0,0,0,42.3967,-71.1127,5,2.50174E+14
21051185,28/09/2021 18:33,First Half (4PM - Midnight),"161 WILLOW AV Somerville, MA",DUSK,RAIN,WET,UNKNOWN,NO CONTROLS,NOT AT INTERSECTION,"TWO-WAY, NOT DIVIDED","SIDESWIPE, SAME DIRECTION",COLLISION WITH PARKED MOTOR VEHICLE,ROADWAY,20,0,0,0,0,0,3,0,0,0,0,0,0,0,42.3962,-71.1152,6,2.50174E+14
21019999,22/04/2021 15:41,Day Shift (8AM - 4PM),"HIGHLAND RD & MORRISON AV Somerville, MA",DAYLIGHT,CLEAR,DRY,NONE,NO CONTROLS,T-INTERSECTION,"TWO-WAY, NOT DIVIDED","SIDESWIPE, SAME DIRECTION",COLLISION WITH PEDALCYCLE,OUTSIDE ROADWAY,25,0,0,0,0,1,2,0,0,1,0,1,0,0,42.3951,-71.1135,6,2.50174E+14
18034713,11/06/2018 04:10,Last Half (Midnight - 8AM),"22 MORRISON AVE Somerville, MA",DAWN,CLEAR,DRY,NONE,NO CONTROLS,NOT AT INTERSECTION,"TWO-WAY, NOT DIVIDED",REAR-END,COLLISION WITH PARKED MOTOR VEHICLE,ROADWAY,25,0,0,0,0,0,3,0,0,0,0,0,0,0,42.3945,-71.1119,6,2.50174E+14
18032697,01/06/2018 13:16,Day Shift (8AM - 4PM),"BOSTON AV & MORRISON AV Somerville, MA",DAYLIGHT,CLOUDY,DRY,NONE,STOP SIGNS,T-INTERSECTION,"TWO-WAY, NOT DIVIDED",ANGLE,COLLISION WITH MOTOR VEHICLE IN TRAFFIC,ROADWAY,25,0,0,0,0,1,4,0,0,0,0,0,0,0,42.3946,-71.1114,6,2.50174E+14
19030521,01/06/2019 10:45,Day Shift (8AM - 4PM),"38 MORRISON AV Somerville, MA",DAYLIGHT,CLEAR,DRY,NONE,NO CONTROLS,NOT AT INTERSECTION,"TWO-WAY, NOT DIVIDED","SIDESWIPE, SAME DIRECTION",COLLISION WITH MOTOR VEHICLE IN TRAFFIC,ROADWAY,25,0,0,0,0,0,3,0,0,0,0,0,0,0,42.3947,-71.1126,6,2.50174E+14
19044584,05/08/2019 08:42,Day Shift (8AM - 4PM),"BOSTON AV & MORRISON AV Somerville, MA",DAYLIGHT,CLEAR,DRY,NONE,STOP SIGNS,T-INTERSECTION,"TWO-WAY, NOT DIVIDED",ANGLE,COLLISION WITH MOTOR VEHICLE IN TRAFFIC,ROADWAY,25,0,0,0,0,0,2,0,0,0,0,0,0,0,42.3946,-71.1114,6,2.50174E+14
24017180,28/03/2024 02:41,Last Half (Midnight - 8AM),"KIDDER AV & WILLOW AV Somerville, MA",DARK - LIGHTED ROADWAY,CLEAR,DRY,UNKNOWN,STOP SIGNS,FOUR WAY INTERSECTION,"TWO-WAY, NOT DIVIDED",UNKNOWN,UNKNOWN,UNKNOWN,25,0,0,0,0,0,0,0,0,0,0,0,0,1,42.3977,-71.1143,6,2.50174E+14
21063573,08/12/2021 23:55,First Half (4PM - Midnight),"KIDDER AV & WILLOW AV Somerville, MA",DARK - LIGHTED ROADWAY,RAIN,WET,NONE,STOP SIGNS,FOUR WAY INTERSECTION,"TWO-WAY, DIVIDED, UNPROTECTED MEDIAN",REAR-END,COLLISION WITH MOTOR VEHICLE IN TRAFFIC,ROADWAY,20,0,0,0,0,1,0,1,0,0,0,0,0,0,42.3977,-71.1143,6,2.50174E+14
19036899,30/06/2019 08:46,Day Shift (8AM - 4PM),"200 WILLOW AV Somerville, MA",DAYLIGHT,CLEAR,DRY,NONE,NO CONTROLS,NOT AT INTERSECTION,"TWO-WAY, NOT DIVIDED",REAR-END,COLLISION WITH PARKED MOTOR VEHICLE,MEDIAN,25,0,0,0,0,0,1,0,0,0,0,0,0,0,42.3975,-71.1147,6,2.50174E+14
22056415,03/10/2022 09:05,Day Shift (8AM - 4PM),"34 FRANCESCA AV Somerville, MA",DAYLIGHT,CLOUDY,DRY,NONE,NO CONTROLS,NOT AT INTERSECTION,"ONE-WAY, NOT DIVIDED","SIDESWIPE, SAME DIRECTION",COLLISION WITH PARKED MOTOR VEHICLE,ROADWAY,20,0,0,0,0,0,3,0,0,0,0,0,0,0,42.3986,-71.1181,6,2.50174E+14
22031526,05/06/2022 22:39,First Half (4PM - Midnight),"85 COLLEGE AVE Somerville, MA",DARK - LIGHTED ROADWAY,CLEAR,OTHER,ROAD SURFACE CONDITION,NO CONTROLS,NOT AT INTERSECTION,"TWO-WAY, NOT DIVIDED","SIDESWIPE, OPPOSITE DIRECTION",COLLISION WITH MOTOR VEHICLE IN TRAFFIC,ROADWAY,20,0,0,0,0,0,4,0,0,0,0,0,0,0,42.3988,-71.1197,6,2.50174E+14
21030687,18/06/2021 01:38,Last Half (Midnight - 8AM),"81 COLLEGE AV Somerville, MA",DARK - LIGHTED ROADWAY,CLEAR,DRY,UNKNOWN,UNKNOWN,UNKNOWN,"TWO-WAY, DIVIDED, UNPROTECTED MEDIAN","SIDESWIPE, SAME DIRECTION",COLLISION WITH MOTOR VEHICLE IN TRAFFIC,ROADWAY,25,0,0,0,0,1,1,0,0,0,0,0,0,1,42.3988,-71.1199,6,2.50174E+14