Crash Number,Date and Time of Crash,Police Shift,Crash Location,Light Conditions,Weather Conditions,Road Surface,Road Contributing Circumstances,Traffic Control Device Type,Roadway Intersection Type,Trafficway Description,Manner of Collision,First Harmful Event,First Harmful Event Location,Speed Limit,Work Zone,Count Fatal Injury ,Count Suspected Serious Injury,Count Suspected Minor Injury ,Count Possible Injury,Count No Apparent Injury,Count Unknown Injury,Count Not Reported Injury,Total Non-Motorists,Pedestrian Involvement (Non-Motorist),Cyclist Involvement (Non-Motorist),Other Non-Motorist Involvement,Hit and Run Flag,Latitude,Longitude,Ward,Block Code 
19062398,31/10/2019 09:15,Day Shift (8AM - 4PM),"85 COLLEGE AVENUE Somerville, MA",DAYLIGHT,RAIN,WET,NONE,NO CONTROLS,NOT AT INTERSECTION,"TWO-WAY, DIVIDED, UNPROTECTED MEDIAN","SIDESWIPE, SAME DIRECTION",COLLISION WITH MOTOR VEHICLE IN TRAFFIC,UNKNOWN,20,0,0,0,0,0,2,0,0,0,0,0,0,0,42.3988,-71.1197,6,2.50174E+14
21043653,21/08/2021 21:16,First Half (4PM - Midnight),"57 COLLEGE AV Somerville, MA",DARK - LIGHTED ROADWAY,CLEAR,DRY,OTHER,NO CONTROLS,NOT AT INTERSECTION,"TWO-WAY, DIVIDED, UNPROTECTED MEDIAN",SINGLE VEHICLE CRASH,OTHER,ROADWAY,20,0,0,0,2,0,0,0,0,0,0,0,0,0,42.3983,-71.1208,6,2.50174E+14
19021866,21/04/2019 14:12,Day Shift (8AM - 4PM),"169 MORRISON AV Somerville, MA",DAYLIGHT,CLEAR,DRY,NONE,NO CONTROLS,NOT AT INTERSECTION,"TWO-WAY, NOT DIVIDED",REAR-END,COLLISION WITH MOTOR VEHICLE IN TRAFFIC,ROADWAY,25,0,0,0,0,0,3,0,0,0,0,0,0,0,42.3969,-71.1182,6,2.50174E+14
21024663,17/05/2021 16:48,First Half (4PM - Midnight),"195 MORRISON AV Somerville, MA",DAYLIGHT,CLEAR,DRY,UNKNOWN,UNKNOWN,NOT AT INTERSECTION,"TWO-WAY, NOT DIVIDED",HEAD ON,COLLISION WITH PEDESTRIAN,ROADWAY,35,0,0,0,0,1,1,0,0,1,1,0,0,0,42.3973,-71.1194,6,2.50174E+14
23048320,24/08/2023 23:26,First Half (4PM - Midnight),"13 HALL AV Somerville, MA",DARK - LIGHTED ROADWAY,RAIN,WET,NONE,NO CONTROLS,NOT AT INTERSECTION,"ONE-WAY, NOT DIVIDED","SIDESWIPE, SAME DIRECTION",COLLISION WITH PARKED MOTOR VEHICLE,ROADWAY,20,0,0,0,0,0,2,0,0,0,0,0,0,0,42.3984,-71.1203,6,2.50174E+14
21046080,03/09/2021 10:35,Day Shift (8AM - 4PM),"32 APPLETON ST Somerville, MA",DAYLIGHT,CLOUDY,DRY,NONE,NO CONTROLS,T-INTERSECTION,"ONE-WAY, NOT DIVIDED",REAR-END,OTHER,OUTSIDE ROADWAY,20,0,0,0,0,0,2,0,0,0,0,0,0,0,42.3971,-71.1176,6,2.50174E+14
18052582,03/09/2018 08:51,Day Shift (8AM - 4PM),"26 WINSLOW AV Somerville, MA",DAYLIGHT,CLEAR,DRY,NONE,NO CONTROLS,NOT AT INTERSECTION,"ONE-WAY, NOT DIVIDED",REAR-END,COLLISION WITH PARKED MOTOR VEHICLE,ROADWAY,25,0,0,0,0,0,1,1,0,0,0,0,0,0,42.3971,-71.1204,6,2.50174E+14
20034744,14/07/2020 11:56,Day Shift (8AM - 4PM),"22 WINSLOW AV Somerville, MA",DAYLIGHT,CLEAR,DRY,NONE,NO CONTROLS,NOT AT INTERSECTION,"ONE-WAY, NOT DIVIDED",ANGLE,COLLISION WITH PARKED MOTOR VEHICLE,ROADWAY,20,0,0,0,0,0,2,0,0,0,0,0,0,0,42.3972,-71.1205,6,2.50174E+14
19065404,15/11/2019 13:55,Day Shift (8AM - 4PM),"27 COLLEGE AV Somerville, MA",DAYLIGHT,CLEAR,DRY,NONE,NO CONTROLS,NOT AT INTERSECTION,"TWO-WAY, NOT DIVIDED",SINGLE VEHICLE CRASH,COLLISION WITH PEDESTRIAN,ROADWAY,25,0,0,0,0,0,3,0,0,1,1,0,0,0,42.3972,-71.1215,6,2.50174E+14
21061534,25/11/2021 16:12,First Half (4PM - Midnight),"11 COLLEGE AV Somerville, MA",DUSK,CLOUDY,DRY,NONE,NO CONTROLS,NOT AT INTERSECTION,"TWO-WAY, NOT DIVIDED",REAR-END,COLLISION WITH MOTOR VEHICLE IN TRAFFIC,ROADWAY,25,0,0,0,1,0,4,0,0,0,0,0,0,0,42.3967,-71.1221,6,2.50174E+14
18060039,08/10/2018 21:34,First Half (4PM - Midnight),"11 COLLEGE AV Somerville, MA",DARK - LIGHTED ROADWAY,CLOUDY,WET,NONE,NO CONTROLS,NOT AT INTERSECTION,"TWO-WAY, NOT DIVIDED","SIDESWIPE, SAME DIRECTION",COLLISION WITH PARKED MOTOR VEHICLE,ROADSIDE,30,0,0,0,0,0,6,2,0,0,0,0,0,0,42.3967,-71.1221,6,2.50174E+14
22013286,13/03/2022 20:30,First Half (4PM - Midnight),"27 COLLEGE AV Somerville, MA",DARK - LIGHTED ROADWAY,CLEAR,DRY,NONE,NO CONTROLS,T-INTERSECTION,"TWO-WAY, DIVIDED, UNPROTECTED MEDIAN","SIDESWIPE, SAME DIRECTION",COLLISION WITH PARKED MOTOR VEHICLE,UNKNOWN,25,0,0,0,0,0,3,0,0,0,0,0,0,0,42.3972,-71.1215,6,2.50174E+14
20060122,13/12/2020 14:06,Day Shift (8AM - 4PM),"140 WILLOW AV Somerville, MA",DAYLIGHT,CLEAR,DRY,NONE,STOP SIGNS,FOUR WAY INTERSECTION,"TWO-WAY, NOT DIVIDED",SINGLE VEHICLE CRASH,COLLISION WITH PEDESTRIAN,ROADWAY,25,0,0,0,0,1,2,0,0,1,1,0,0,0,42.3957,-71.116,6,2.50174E+14
21007020,07/02/2021 22:02,First Half (4PM - Midnight),"7 APPLETON ST Somerville, MA",DARK - LIGHTED ROADWAY,SNOW,SNOW,ROAD SURFACE CONDITION,NO CONTROLS,NOT AT INTERSECTION,"TWO-WAY, NOT DIVIDED",ANGLE,COLLISION WITH PARKED MOTOR VEHICLE,ROADWAY,5,0,0,0,0,0,3,0,0,0,0,0,0,0,42.3967,-71.1158,6,2.50174E+14
23009839,23/02/2023 07:57,Last Half (Midnight - 8AM),"20 APPLETON ST Somerville, MA",DAYLIGHT,CLOUDY,SNOW,NONE,NO CONTROLS,NOT AT INTERSECTION,"ONE-WAY, NOT DIVIDED","SIDESWIPE, SAME DIRECTION",COLLISION WITH PARKED MOTOR VEHICLE,ROADWAY,20,0,0,0,0,0,4,0,0,1,0,0,1,0,42.3966,-71.1166,6,2.50174E+14
23003005,18/01/2023 14:01,Day Shift (8AM - 4PM),"26 APPLETON ST Somerville, MA",DAYLIGHT,CLOUDY,DRY,NONE,NO CONTROLS,NOT AT INTERSECTION,"TWO-WAY, NOT DIVIDED","SIDESWIPE, OPPOSITE DIRECTION",COLLISION WITH PARKED MOTOR VEHICLE,ROADWAY,20,0,0,0,0,0,3,0,0,0,0,0,0,0,42.3967,-71.117,6,2.50174E+14
19061263,25/10/2019 08:46,Day Shift (8AM - 4PM),"121 MORRISON AV Somerville, MA",DAYLIGHT,CLEAR,DRY,NONE,NO CONTROLS,NOT AT INTERSECTION,"TWO-WAY, NOT DIVIDED","SIDESWIPE, SAME DIRECTION",COLLISION WITH PARKED MOTOR VEHICLE,ROADWAY,15,0,0,0,0,0,2,0,0,0,0,0,0,1,42.396,-71.1162,6,2.50174E+14
23007136,08/02/2023 12:29,Day Shift (8AM - 4PM),"272 WILLOW AV Somerville, MA",DAYLIGHT,CLOUDY,DRY,NONE,NO CONTROLS,NOT AT INTERSECTION,"TWO-WAY, NOT DIVIDED",SINGLE VEHICLE CRASH,OTHER,OUTSIDE ROADWAY,20,0,0,0,0,0,2,0,0,0,0,0,0,0,42.3997,-71.1133,6,2.50174E+14
19018481,04/04/2019 15:47,Day Shift (8AM - 4PM),"720 BROADWAY Somerville, MA",DAYLIGHT,CLEAR,DRY,NONE,NO CONTROLS,NOT AT INTERSECTION,"TWO-WAY, NOT DIVIDED",ANGLE,COLLISION WITH PARKED MOTOR VEHICLE,ROADWAY,25,0,0,0,0,0,2,0,0,0,0,0,0,0,42.4,-71.113,6,2.50174E+14
20053261,02/11/2020 19:56,First Half (4PM - Midnight),"MALLET ST & WILLOW AV Somerville, MA",DARK - LIGHTED ROADWAY,CLEAR,DRY,NONE,STOP SIGNS,T-INTERSECTION,"TWO-WAY, NOT DIVIDED",ANGLE,COLLISION WITH MOTOR VEHICLE IN TRAFFIC,ROADWAY,25,0,0,0,0,0,5,0,0,0,0,0,0,0,42.399,-71.1135,6,2.50174E+14
23001220,08/01/2023 10:25,Day Shift (8AM - 4PM),"WILLOW AVE & MALLET ST Somerville, MA",DAYLIGHT,CLEAR,DRY,NONE,NO CONTROLS,T-INTERSECTION,"TWO-WAY, NOT DIVIDED",ANGLE,COLLISION WITH MOTOR VEHICLE IN TRAFFIC,ROADWAY,25,0,0,0,1,0,2,1,0,0,0,0,0,0,42.399,-71.1135,6,2.50174E+14
21003896,20/01/2021 19:55,First Half (4PM - Midnight),"720 BROADWAY Somerville, MA",DARK - LIGHTED ROADWAY,CLEAR,DRY,NONE,TRAFFIC CONTROL SIGNAL,FOUR WAY INTERSECTION,"TWO-WAY, NOT DIVIDED",ANGLE,COLLISION WITH MOTOR VEHICLE IN TRAFFIC,ROADWAY,25,0,0,0,0,0,2,0,0,0,0,0,0,0,42.4,-71.113,6,2.50174E+14
21051148,28/09/2021 14:31,Day Shift (8AM - 4PM),"MALLET ST & WILLOW AV Somerville, MA",DAYLIGHT,CLEAR,DRY,NONE,STOP SIGNS,T-INTERSECTION,"ONE-WAY, NOT DIVIDED","SIDESWIPE, SAME DIRECTION",COLLISION WITH PARKED MOTOR VEHICLE,ROADWAY,25,0,0,0,0,0,3,0,0,0,0,0,0,0,42.399,-71.1135,6,2.50174E+14
18027681,10/05/2018 12:58,Day Shift (8AM - 4PM),"764 BROADWAY Somerville, MA",DAYLIGHT,CLEAR,DRY,NONE,NO CONTROLS,T-INTERSECTION,"TWO-WAY, NOT DIVIDED",ANGLE,COLLISION WITH MOTOR VEHICLE IN TRAFFIC,ROADWAY,25,0,0,0,0,1,1,0,0,0,0,0,0,0,42.4006,-71.1147,6,2.50174E+14
22045361,15/08/2022 06:34,Last Half (Midnight - 8AM),"838 BROADWAY Somerville, MA",DAYLIGHT,CLEAR,DRY,NONE,STOP SIGNS,FIVE-POINT OR MORE,"ONE-WAY, NOT DIVIDED","SIDESWIPE, SAME DIRECTION",COLLISION WITH OTHER MOVABLE OBJECT,ROADWAY,25,0,0,0,0,0,2,0,0,1,0,1,0,0,42.4005,-71.1165,6,2.50174E+14
21062894,04/12/2021 19:37,First Half (4PM - Midnight),"838 BROADWAY Somerville, MA",DARK - LIGHTED ROADWAY,CLOUDY,DRY,NONE,YIELD SIGNS,NOT AT INTERSECTION,"ONE-WAY, NOT DIVIDED",ANGLE,COLLISION WITH MOTOR VEHICLE IN TRAFFIC,ROADWAY,30,0,0,0,0,0,2,0,0,0,0,0,0,0,42.4005,-71.1165,6,2.50174E+14
19062830,02/11/2019 09:49,Day Shift (8AM - 4PM),"LIBERTY AV & NA Somerville, MA",DAYLIGHT,CLEAR,DRY,NONE,NO CONTROLS,NOT AT INTERSECTION,"ONE-WAY, NOT DIVIDED","SIDESWIPE, OPPOSITE DIRECTION",COLLISION WITH MOTOR VEHICLE IN TRAFFIC,ROADWAY,25,0,0,0,0,0,3,0,0,0,0,0,0,0,42.399,-71.1164,6,2.50174E+14
19063866,07/11/2019 14:33,Day Shift (8AM - 4PM),"234 WILLOW AV Somerville, MA",DAYLIGHT,CLOUDY,DRY,NONE,NO CONTROLS,NOT AT INTERSECTION,"TWO-WAY, NOT DIVIDED","SIDESWIPE, SAME DIRECTION",COLLISION WITH PARKED MOTOR VEHICLE,ROADWAY,25,0,0,0,0,0,2,0,0,0,0,0,0,0,42.3986,-71.114,6,2.50174E+14
19020691,15/04/2019 18:43,First Half (4PM - Midnight),"238 WILLOW AVE Somerville, MA",DUSK,CLEAR,DRY,NONE,NO CONTROLS,NOT AT INTERSECTION,"TWO-WAY, NOT DIVIDED",SINGLE VEHICLE CRASH,COLLISION WITH MOTOR VEHICLE IN TRAFFIC,ROADWAY,20,0,0,0,0,0,1,1,0,0,0,0,0,0,42.3987,-71.114,6,2.50174E+14
18024192,24/04/2018 14:44,Day Shift (8AM - 4PM),"854 BROADWAY Somerville, MA",DAYLIGHT,CLEAR,DRY,NONE,STOP SIGNS,TRAFFIC CIRCLE,"TWO-WAY, NOT DIVIDED","SIDESWIPE, SAME DIRECTION",COLLISION WITH MOTOR VEHICLE IN TRAFFIC,ROADWAY,25,0,0,0,0,0,2,0,0,0,0,0,0,0,42.4007,-71.1174,6,2.50174E+14
22019366,11/04/2022 17:22,First Half (4PM - Midnight),"10 KENWOOD ST Somerville, MA",DAYLIGHT,CLEAR,DRY,OTHER,NO CONTROLS,NOT AT INTERSECTION,"ONE-WAY, NOT DIVIDED",SINGLE VEHICLE CRASH,COLLISION WITH UTILITY POLE,OUTSIDE ROADWAY,25,1,0,0,0,0,4,0,0,0,0,0,0,0,42.4004,-71.1191,6,2.50174E+14
23009154,18/02/2023 18:03,First Half (4PM - Midnight),"850 BROADWAY Somerville, MA",DARK - LIGHTED ROADWAY,CLEAR,DRY,NONE,YIELD SIGNS,FIVE-POINT OR MORE,"TWO-WAY, NOT DIVIDED",ANGLE,COLLISION WITH MOTOR VEHICLE IN TRAFFIC,ROADWAY,20,0,0,0,1,0,3,0,0,0,0,0,0,0,42.4007,-71.1174,6,2.50174E+14
24009703,20/02/2024 21:35,First Half (4PM - Midnight),"850 BROADWAY Somerville, MA",DARK - LIGHTED ROADWAY,CLEAR,DRY,NONE,YIELD SIGNS,FIVE-POINT OR MORE,"TWO-WAY, NOT DIVIDED",ANGLE,COLLISION WITH MOTOR VEHICLE IN TRAFFIC,ROADWAY,20,0,0,0,0,0,2,0,0,0,0,0,0,0,42.4007,-71.1174,6,2.50174E+14
23032480,11/06/2023 13:12,Day Shift (8AM - 4PM),"126 COLLEGE AV Somerville, MA",DAYLIGHT,CLEAR,DRY,NONE,NO CONTROLS,NOT AT INTERSECTION,"TWO-WAY, DIVIDED, UNPROTECTED MEDIAN",SINGLE VEHICLE CRASH,COLLISION WITH PARKED MOTOR VEHICLE,ROADWAY,20,0,0,0,0,0,5,0,0,0,0,0,0,0,42.4004,-71.1178,6,2.50174E+14
19073531,31/12/2019 10:24,Day Shift (8AM - 4PM),"850 BROADWAY Somerville, MA",DAYLIGHT,CLEAR,DRY,UNKNOWN,NO CONTROLS,NOT AT INTERSECTION,UNKNOWN,UNKNOWN,COLLISION WITH PARKED MOTOR VEHICLE,ROADWAY,25,0,0,0,0,0,2,0,0,0,0,0,0,1,42.4007,-71.1174,6,2.50174E+14
22045426,15/08/2022 13:11,Day Shift (8AM - 4PM),"866 BROADWAY Somerville, MA",DAYLIGHT,CLEAR,DRY,NONE,NO CONTROLS,NOT AT INTERSECTION,"TWO-WAY, NOT DIVIDED",REAR-END,COLLISION WITH MOTOR VEHICLE IN TRAFFIC,ROADWAY,20,0,0,0,1,0,2,0,0,0,0,0,0,0,42.4007,-71.1174,6,2.50174E+14
22009180,22/02/2022 17:58,First Half (4PM - Midnight),"COLLEGE AV & KENWOOD ST Somerville, MA",DARK - LIGHTED ROADWAY,RAIN,WET,UNKNOWN,NO CONTROLS,T-INTERSECTION,"TWO-WAY, DIVIDED, UNPROTECTED MEDIAN",SINGLE VEHICLE CRASH,COLLISION WITH PEDESTRIAN,ROADWAY,20,0,0,0,0,1,1,0,0,1,1,0,0,0,42.3999,-71.1182,6,2.50174E+14
19032903,12/06/2019 09:46,Day Shift (8AM - 4PM),"124 COLLEGE AV Somerville, MA",DAYLIGHT,CLEAR,DRY,NONE,NO CONTROLS,NOT AT INTERSECTION,"TWO-WAY, NOT DIVIDED",ANGLE,COLLISION WITH MOTOR VEHICLE IN TRAFFIC,ROADWAY,25,0,0,0,0,0,4,0,0,0,0,0,0,0,42.4003,-71.118,6,2.50174E+14
19067343,25/11/2019 21:18,First Half (4PM - Midnight),"920 BROADWAY Somerville, MA",DARK - LIGHTED ROADWAY,CLEAR,DRY,NONE,NO CONTROLS,NOT AT INTERSECTION,"TWO-WAY, NOT DIVIDED",SINGLE VEHICLE CRASH,OTHER,ROADSIDE,30,0,0,0,1,0,0,0,0,0,0,0,0,0,42.4008,-71.1196,6,2.50174E+14
23036046,28/06/2023 08:14,Day Shift (8AM - 4PM),"74 CHANDLER ST Somerville, MA",DAYLIGHT,CLOUDY,WET,NONE,NO CONTROLS,NOT AT INTERSECTION,"TWO-WAY, NOT DIVIDED",SINGLE VEHICLE CRASH,COLLISION WITH TREE,ROADWAY,25,0,0,0,0,0,2,0,0,0,0,0,0,0,42.4003,-71.1208,6,2.50174E+14
20044174,14/09/2020 12:47,Day Shift (8AM - 4PM),"33 WALLACE ST Somerville, MA",DAYLIGHT,CLEAR,DRY,NONE,NO CONTROLS,NOT AT INTERSECTION,"ONE-WAY, NOT DIVIDED",REAR-END,COLLISION WITH PARKED MOTOR VEHICLE,ROADWAY,20,0,0,0,1,0,1,0,0,0,0,0,0,0,42.3989,-71.1226,6,2.50174E+14
22069476,09/12/2022 12:35,Day Shift (8AM - 4PM),"COLLEGE AV & KIDDER AV Somerville, MA",DAYLIGHT,CLEAR,DRY,NONE,NO CONTROLS,T-INTERSECTION,"TWO-WAY, NOT DIVIDED",ANGLE,COLLISION WITH PEDESTRIAN,ROADWAY,20,0,0,0,0,0,2,0,0,1,1,0,0,0,42.3994,-71.1189,6,2.50174E+14
18072357,08/12/2018 15:43,Day Shift (8AM - 4PM),"COLLEGE AV & KIDDER AV Somerville, MA",DAYLIGHT,CLEAR,DRY,UNKNOWN,NO CONTROLS,FOUR WAY INTERSECTION,"TWO-WAY, NOT DIVIDED",SINGLE VEHICLE CRASH,COLLISION WITH PEDESTRIAN,ROADWAY,30,0,0,1,0,0,2,0,0,1,1,0,0,0,42.3994,-71.1189,6,2.50174E+14
23054737,23/09/2023 17:29,First Half (4PM - Midnight),"COLLEGE AV & SUMMIT ST Somerville, MA",DUSK,RAIN,WET,NONE,STOP SIGNS,FOUR WAY INTERSECTION,"ONE-WAY, NOT DIVIDED","SIDESWIPE, OPPOSITE DIRECTION",COLLISION WITH PEDESTRIAN,ROADWAY,20,0,0,0,0,0,1,1,0,1,1,0,0,1,42.3994,-71.1189,6,2.50174E+14
20053400,03/11/2020 12:50,Day Shift (8AM - 4PM),"COLLEGE AVE & KIDDER AVE Somerville, MA",DAYLIGHT,CLEAR,DRY,NONE,NO CONTROLS,FOUR WAY INTERSECTION,"TWO-WAY, NOT DIVIDED",SINGLE VEHICLE CRASH,COLLISION WITH PEDESTRIAN,ROADWAY,20,0,1,0,0,0,3,0,0,1,1,0,0,0,42.3994,-71.1189,6,2.50174E+14
22051622,12/09/2022 06:48,Last Half (Midnight - 8AM),"COLLEGE AV & KIDDER AVE Somerville, MA",DAYLIGHT,CLOUDY,DRY,UNKNOWN,NO CONTROLS,NOT AT INTERSECTION,"TWO-WAY, DIVIDED, POSITIVE MEDIAN BARRIER",SINGLE VEHICLE CRASH,COLLISION WITH TREE,ROADSIDE,20,0,0,0,0,0,2,0,0,0,0,0,0,0,42.3994,-71.1189,6,2.50174E+14
24001177,07/01/2024 12:55,Day Shift (8AM - 4PM),"COLLEGE AV & KIDDER AV Somerville, MA",DAYLIGHT,SNOW,SNOW,ROAD SURFACE CONDITION,NO CONTROLS,FOUR WAY INTERSECTION,"TWO-WAY, DIVIDED, UNPROTECTED MEDIAN",REAR-END,COLLISION WITH MOTOR VEHICLE IN TRAFFIC,ROADWAY,25,0,0,0,0,0,4,0,0,0,0,0,0,0,42.3994,-71.1189,6,2.50174E+14
19056744,02/10/2019 21:14,First Half (4PM - Midnight),"COLLEGE AV & WILLIAM ST Somerville, MA",DARK - LIGHTED ROADWAY,RAIN,WET,NONE,NO CONTROLS,T-INTERSECTION,"TWO-WAY, NOT DIVIDED",ANGLE,COLLISION WITH MOTOR VEHICLE IN TRAFFIC,ROADWAY,25,0,0,0,1,0,2,0,0,0,0,0,0,1,42.3991,-71.1197,6,2.50174E+14
18058770,02/10/2018 09:11,Day Shift (8AM - 4PM),"COLLEGE AV & WILLIAM ST Somerville, MA",DAYLIGHT,RAIN,WET,NONE,STOP SIGNS,T-INTERSECTION,"TWO-WAY, DIVIDED, UNPROTECTED MEDIAN",ANGLE,COLLISION WITH MOTOR VEHICLE IN TRAFFIC,ROADWAY,25,0,0,0,0,0,5,0,0,0,0,0,0,0,42.3991,-71.1197,6,2.50174E+14
22070963,17/12/2022 14:22,Day Shift (8AM - 4PM),"COLLEGE AV & WILLIAM ST Somerville, MA",DAYLIGHT,CLOUDY,DRY,NONE,NO CONTROLS,T-INTERSECTION,"TWO-WAY, DIVIDED, UNPROTECTED MEDIAN",ANGLE,COLLISION WITH PEDESTRIAN,ROADWAY,25,0,0,0,1,0,1,0,0,1,1,0,0,0,42.3991,-71.1197,6,2.50174E+14
22019505,12/04/2022 09:10,Day Shift (8AM - 4PM),"COLLEGE AV & WILLIAM ST Somerville, MA",DAYLIGHT,CLOUDY,DRY,NONE,NO CONTROLS,T-INTERSECTION,"TWO-WAY, NOT DIVIDED",ANGLE,COLLISION WITH PEDALCYCLE,ROADWAY,20,0,0,0,0,1,1,0,0,1,0,1,0,0,42.3991,-71.1197,6,2.50174E+14
20010833,26/02/2020 07:39,Last Half (Midnight - 8AM),"COLLEGE AV & HALL AV Somerville, MA",DAYLIGHT,CLOUDY,WET,NONE,STOP SIGNS,T-INTERSECTION,"TWO-WAY, NOT DIVIDED",ANGLE,COLLISION WITH MOTOR VEHICLE IN TRAFFIC,ROADWAY,25,0,0,0,0,0,2,0,0,0,0,0,0,0,42.3986,-71.1207,6,2.50174E+14
23007410,09/02/2023 22:16,First Half (4PM - Midnight),"62 COLLEGE AVE Somerville, MA",DARK - LIGHTED ROADWAY,CLEAR,DRY,NONE,NO CONTROLS,NOT AT INTERSECTION,"TWO-WAY, NOT DIVIDED",REAR-END,COLLISION WITH PARKED MOTOR VEHICLE,ROADWAY,25,0,0,0,0,0,2,0,0,0,0,0,0,0,42.3986,-71.1213,6,2.50174E+14
20046910,30/09/2020 01:32,Last Half (Midnight - 8AM),"62 COLLEGE AV Somerville, MA",DARK - LIGHTED ROADWAY,CLOUDY,DRY,NONE,NO CONTROLS,NOT AT INTERSECTION,"TWO-WAY, NOT DIVIDED","SIDESWIPE, SAME DIRECTION",COLLISION WITH PARKED MOTOR VEHICLE,ROADSIDE,25,0,0,0,0,1,0,0,0,0,0,0,0,0,42.3986,-71.1213,6,2.50174E+14
20029322,10/06/2020 12:34,Day Shift (8AM - 4PM),"40 COLLEGE AV Somerville, MA",DAYLIGHT,CLEAR,DRY,OBSTRUCTION IN ROADWAY,NO CONTROLS,NOT AT INTERSECTION,"TWO-WAY, NOT DIVIDED",SINGLE VEHICLE CRASH,COLLISION WITH UTILITY POLE,ROADSIDE,20,1,0,0,0,0,1,0,0,0,0,0,0,0,42.3981,-71.1217,6,2.50174E+14
23059255,14/10/2023 10:05,Day Shift (8AM - 4PM),"56 COLLEGE AV Somerville, MA",DAYLIGHT,CLEAR,DRY,NONE,NO CONTROLS,NOT AT INTERSECTION,"TWO-WAY, NOT DIVIDED","SIDESWIPE, SAME DIRECTION",COLLISION WITH MOTOR VEHICLE IN TRAFFIC,ROADWAY,25,0,0,0,0,0,4,0,0,0,0,0,0,0,42.3985,-71.1213,6,2.50174E+14
24010518,24/02/2024 19:20,First Half (4PM - Midnight),"COLLEGE AV & HALL AV Somerville, MA",DARK - LIGHTED ROADWAY,CLEAR,DRY,NONE,NO CONTROLS,T-INTERSECTION,"TWO-WAY, NOT DIVIDED",REAR-END,COLLISION WITH MOTOR VEHICLE IN TRAFFIC,ROADWAY,25,0,0,0,0,0,6,0,0,0,0,0,0,0,42.3986,-71.1207,6,2.50174E+14
22066655,22/11/2022 11:10,Day Shift (8AM - 4PM),"64 COLLEGE AVE Somerville, MA",DAYLIGHT,CLEAR,DRY,NONE,NO CONTROLS,T-INTERSECTION,"TWO-WAY, NOT DIVIDED","SIDESWIPE, SAME DIRECTION",COLLISION WITH MOTOR VEHICLE IN TRAFFIC,ROADWAY,20,0,0,0,0,0,4,0,0,0,0,0,0,0,42.3988,-71.1211,6,2.50174E+14
19006504,05/02/2019 13:44,Day Shift (8AM - 4PM),"64 COLLEGE AV Somerville, MA",DAYLIGHT,CLEAR,DRY,NONE,NO CONTROLS,NOT AT INTERSECTION,"TWO-WAY, NOT DIVIDED","SIDESWIPE, SAME DIRECTION",COLLISION WITH PARKED MOTOR VEHICLE,ROADSIDE,25,0,0,0,0,0,4,0,0,0,0,0,0,0,42.3988,-71.1211,6,2.50174E+14
22072806,28/12/2022 14:22,Day Shift (8AM - 4PM),"64 COLLEGE AV Somerville, MA",DAYLIGHT,CLEAR,DRY,NONE,NO CONTROLS,T-INTERSECTION,"TWO-WAY, NOT DIVIDED",REAR-END,COLLISION WITH MOTOR VEHICLE IN TRAFFIC,ROADWAY,30,0,0,0,0,0,2,0,0,0,0,0,0,0,42.3988,-71.1211,6,2.50174E+14
22066737,22/11/2022 19:27,First Half (4PM - Midnight),"34 COLLEGE AV Somerville, MA",DARK - LIGHTED ROADWAY,CLEAR,DRY,NONE,NO CONTROLS,NOT AT INTERSECTION,"TWO-WAY, DIVIDED, UNPROTECTED MEDIAN","SIDESWIPE, SAME DIRECTION",COLLISION WITH MOTOR VEHICLE IN TRAFFIC,ROADWAY,20,0,0,0,0,1,4,0,0,0,0,0,0,0,42.3978,-71.1218,6,2.50174E+14
20031959,26/06/2020 16:12,First Half (4PM - Midnight),"COLLEGE AV & WINTER ST Somerville, MA",DAYLIGHT,CLEAR,DRY,NONE,NO CONTROLS,T-INTERSECTION,"TWO-WAY, DIVIDED, UNPROTECTED MEDIAN",ANGLE,COLLISION WITH MOTOR VEHICLE IN TRAFFIC,UNKNOWN,25,0,0,0,0,0,2,0,0,0,0,0,0,0,42.397,-71.122,6,2.50174E+14
20012073,02/03/2020 12:01,Day Shift (8AM - 4PM),"22 A COLLEGE AV Somerville, MA",DAYLIGHT,CLOUDY,DRY,NONE,NO CONTROLS,NOT AT INTERSECTION,"TWO-WAY, NOT DIVIDED","SIDESWIPE, SAME DIRECTION",COLLISION WITH PARKED MOTOR VEHICLE,ROADWAY,25,0,0,0,0,0,4,0,0,0,0,0,0,0,42.3973,-71.1221,6,2.50174E+14