Crash Number,Date and Time of Crash,Police Shift,Crash Location,Light Conditions,Weather Conditions,Road Surface,Road Contributing Circumstances,Traffic Control Device Type,Roadway Intersection Type,Trafficway Description,Manner of Collision,First Harmful Event,First Harmful Event Location,Speed Limit,Work Zone,Count Fatal Injury ,Count Suspected Serious Injury,Count Suspected Minor Injury ,Count Possible Injury,Count No Apparent Injury,Count Unknown Injury,Count Not Reported Injury,Total Non-Motorists,Pedestrian Involvement (Non-Motorist),Cyclist Involvement (Non-Motorist),Other Non-Motorist Involvement,Hit and Run Flag,Latitude,Longitude,Ward,Block Code 
19049405,28/08/2019 20:23,First Half (4PM - Midnight),"HOLLAND ST & WINTER ST Somerville, MA",DARK - LIGHTED ROADWAY,RAIN,WET,NONE,NO CONTROLS,T-INTERSECTION,"TWO-WAY, NOT DIVIDED",ANGLE,COLLISION WITH PEDESTRIAN,ROADWAY,30,0,0,0,1,0,1,0,0,1,1,0,0,0,42.3977,-71.1235,6,2.50174E+14
22015331,23/03/2022 09:22,Day Shift (8AM - 4PM),"COLLEGE AV & WINTER ST Somerville, MA",DAYLIGHT,CLEAR,DRY,NONE,NO CONTROLS,T-INTERSECTION,"TWO-WAY, NOT DIVIDED",ANGLE,COLLISION WITH PEDALCYCLE,ROADWAY,20,0,0,0,1,0,1,0,0,1,0,1,0,0,42.397,-71.122,6,2.50174E+14
18069042,21/11/2018 13:02,Day Shift (8AM - 4PM),"HOLLAND ST & WALLACE ST Somerville, MA",DAYLIGHT,CLOUDY,DRY,NONE,STOP SIGNS,T-INTERSECTION,"TWO-WAY, NOT DIVIDED",ANGLE,COLLISION WITH MOTOR VEHICLE IN TRAFFIC,ROADWAY,20,0,0,2,1,0,2,0,0,0,0,0,0,0,42.3979,-71.1236,6,2.50174E+14
23062570,28/10/2023 12:27,Day Shift (8AM - 4PM),"27 WINTER ST Somerville, MA",DAYLIGHT,CLEAR,DRY,NONE,NO CONTROLS,NOT AT INTERSECTION,"ONE-WAY, NOT DIVIDED","SIDESWIPE, SAME DIRECTION",COLLISION WITH PARKED MOTOR VEHICLE,ROADWAY,15,0,0,0,0,0,2,0,0,0,0,0,0,0,42.3977,-71.123,6,2.50174E+14
24007409,09/02/2024 05:29,Last Half (Midnight - 8AM),"24 COLLEGE AV Somerville, MA",DARK - LIGHTED ROADWAY,CLEAR,DRY,NONE,TRAFFIC CONTROL SIGNAL,T-INTERSECTION,"TWO-WAY, NOT DIVIDED","SIDESWIPE, SAME DIRECTION",COLLISION WITH MOTOR VEHICLE IN TRAFFIC,ROADWAY,25,0,0,0,0,0,2,0,0,0,0,0,0,0,42.3973,-71.1221,6,2.50174E+14
22055090,27/09/2022 15:27,Day Shift (8AM - 4PM),"COLLEGE AV & WINTER ST Somerville, MA",DAYLIGHT,CLEAR,DRY,NONE,UNKNOWN,T-INTERSECTION,"TWO-WAY, NOT DIVIDED",ANGLE,COLLISION WITH PEDALCYCLE,ROADWAY,20,0,0,0,1,0,1,0,0,0,0,0,0,0,42.397,-71.122,6,2.50174E+14
22003210,21/01/2022 09:26,Day Shift (8AM - 4PM),"COLLEGE AVE & WINTER ST Somerville, MA",DAYLIGHT,CLEAR,DRY,NONE,NO CONTROLS,T-INTERSECTION,"TWO-WAY, NOT DIVIDED",ANGLE,COLLISION WITH MOTOR VEHICLE IN TRAFFIC,ROADWAY,20,0,0,0,0,0,3,0,0,0,0,0,0,0,42.397,-71.122,6,2.50174E+14
21053601,11/10/2021 19:14,First Half (4PM - Midnight),"30 COLLEGE AV Somerville, MA",DARK - LIGHTED ROADWAY,CLEAR,DRY,NONE,NO CONTROLS,NOT AT INTERSECTION,"TWO-WAY, NOT DIVIDED",SINGLE VEHICLE CRASH,COLLISION WITH PEDESTRIAN,ROADWAY,20,0,0,0,1,0,0,0,0,1,1,0,0,1,42.3974,-71.122,6,2.50174E+14
24004043,23/01/2024 10:19,Day Shift (8AM - 4PM),"12 PARK AV Somerville, MA",DAYLIGHT,CLOUDY,DRY,NONE,NO CONTROLS,T-INTERSECTION,"ONE-WAY, NOT DIVIDED",ANGLE,COLLISION WITH PARKED MOTOR VEHICLE,ROADWAY,25,0,0,0,0,0,3,0,0,0,0,0,0,0,42.3978,-71.1227,6,2.50174E+14
21043417,20/08/2021 16:44,First Half (4PM - Midnight),"COLLEGE AV & WINSLOW AV Somerville, MA",DAYLIGHT,CLEAR,DRY,NONE,STOP SIGNS,T-INTERSECTION,"TWO-WAY, DIVIDED, UNPROTECTED MEDIAN","SIDESWIPE, SAME DIRECTION",COLLISION WITH PARKED MOTOR VEHICLE,UNKNOWN,25,0,0,0,0,0,2,0,0,0,0,0,0,0,42.3975,-71.1217,6,2.50174E+14
21019017,16/04/2021 12:59,Day Shift (8AM - 4PM),"COLLEGE AV & WINSLOW AV Somerville, MA",DAYLIGHT,RAIN,SLUSH,NONE,STOP SIGNS,FOUR WAY INTERSECTION,"TWO-WAY, NOT DIVIDED",ANGLE,COLLISION WITH MOTOR VEHICLE IN TRAFFIC,ROADWAY,25,0,0,0,0,0,5,0,0,0,0,0,0,0,42.3975,-71.1217,6,2.50174E+14
21064218,13/12/2021 08:34,Day Shift (8AM - 4PM),"COLLEGE AV & WINTER ST Somerville, MA",DAYLIGHT,CLOUDY,DRY,NONE,NO CONTROLS,T-INTERSECTION,"TWO-WAY, NOT DIVIDED","SIDESWIPE, SAME DIRECTION",COLLISION WITH MOTOR VEHICLE IN TRAFFIC,ROADWAY,20,0,0,0,0,0,4,0,0,0,0,0,0,0,42.397,-71.122,6,2.50174E+14
21049892,22/09/2021 12:02,Day Shift (8AM - 4PM),"35 HOLLAND ST Somerville, MA",DAYLIGHT,CLOUDY,DRY,NONE,NO CONTROLS,NOT AT INTERSECTION,"TWO-WAY, NOT DIVIDED","SIDESWIPE, SAME DIRECTION",COLLISION WITH MOTOR VEHICLE IN TRAFFIC,ROADWAY,25,0,0,0,0,0,2,0,0,0,0,0,0,0,42.3975,-71.1231,6,2.50174E+14
24018156,01/04/2024 23:37,First Half (4PM - Midnight),"4 COLLEGE AV Somerville, MA",DARK - LIGHTED ROADWAY,CLEAR,DRY,NONE,TRAFFIC CONTROL SIGNAL,FIVE-POINT OR MORE,"TWO-WAY, NOT DIVIDED",ANGLE,COLLISION WITH MOTOR VEHICLE IN TRAFFIC,ROADWAY,20,0,0,0,0,1,1,0,0,0,0,0,0,0,42.397,-71.1223,6,2.50174E+14
20032484,29/06/2020 19:33,First Half (4PM - Midnight),"12 WINTER ST Somerville, MA",DAYLIGHT,CLEAR,DRY,NONE,NO CONTROLS,NOT AT INTERSECTION,"ONE-WAY, NOT DIVIDED",SINGLE VEHICLE CRASH,COLLISION WITH PEDESTRIAN,UNKNOWN,25,0,0,1,0,0,5,0,0,1,1,0,0,0,42.3972,-71.1226,6,2.50174E+14
20000421,03/01/2020 14:08,Day Shift (8AM - 4PM),"4 COLLEGE AV Somerville, MA",DAYLIGHT,CLOUDY,DRY,NONE,TRAFFIC CONTROL SIGNAL,Y-INTERSECTION,"TWO-WAY, NOT DIVIDED",SINGLE VEHICLE CRASH,COLLISION WITH PEDESTRIAN,ROADWAY,25,0,0,0,1,0,1,0,0,1,1,0,0,0,42.397,-71.1223,6,2.50174E+14
19006553,05/02/2019 17:37,First Half (4PM - Midnight),"91 IRVING ST Somerville, MA",DARK - LIGHTED ROADWAY,CLEAR,WET,NONE,NO CONTROLS,NOT AT INTERSECTION,"ONE-WAY, NOT DIVIDED","SIDESWIPE, SAME DIRECTION",COLLISION WITH PARKED MOTOR VEHICLE,ROADWAY,25,0,0,0,0,0,3,0,0,0,0,0,0,0,42.401,-71.1215,6,2.50174E+14
23017865,05/04/2023 08:44,Day Shift (8AM - 4PM),"HOLLAND ST & THORNDIKE ST Somerville, MA",DAYLIGHT,CLOUDY,DRY,NONE,STOP SIGNS,FOUR WAY INTERSECTION,"TWO-WAY, NOT DIVIDED",ANGLE,COLLISION WITH MOTOR VEHICLE IN TRAFFIC,ROADWAY,25,0,0,0,0,0,3,0,0,0,0,0,0,0,42.3985,-71.1241,6,2.50174E+14
20014971,16/03/2020 18:43,First Half (4PM - Midnight),"5 IRVING ST Somerville, MA",DAYLIGHT,CLEAR,DRY,NONE,NO CONTROLS,NOT AT INTERSECTION,"TWO-WAY, DIVIDED, UNPROTECTED MEDIAN","SIDESWIPE, SAME DIRECTION",COLLISION WITH PARKED MOTOR VEHICLE,UNKNOWN,25,0,0,0,1,0,7,0,0,1,1,0,0,0,42.3986,-71.1237,6,2.50174E+14
24004049,23/01/2024 10:43,Day Shift (8AM - 4PM),"10 WALLACE ST Somerville, MA",DAYLIGHT,CLOUDY,DRY,NONE,NO CONTROLS,T-INTERSECTION,"ONE-WAY, NOT DIVIDED",REAR-END,COLLISION WITH PARKED MOTOR VEHICLE,ROADWAY,20,0,0,0,0,0,3,0,0,0,0,0,0,0,42.3983,-71.1235,6,2.50174E+14
20023363,05/05/2020 20:34,First Half (4PM - Midnight),"65 HOLLAND ST Somerville, MA",DARK - UNKNOWN ROADWAY LIGHTING,CLEAR,DRY,NONE,NO CONTROLS,NOT AT INTERSECTION,"TWO-WAY, NOT DIVIDED",REAR-END,COLLISION WITH PARKED MOTOR VEHICLE,ROADWAY,25,0,0,0,0,2,1,0,0,0,0,0,0,0,42.3983,-71.1237,6,2.50174E+14
18049576,20/08/2018 12:00,Day Shift (8AM - 4PM),"65 HOLLAND ST Somerville, MA",DAYLIGHT,CLEAR,DRY,NONE,STOP SIGNS,T-INTERSECTION,"TWO-WAY, NOT DIVIDED",ANGLE,COLLISION WITH MOTOR VEHICLE IN TRAFFIC,ROADWAY,20,0,0,0,1,0,2,0,0,0,0,0,0,0,42.3983,-71.1237,6,2.50174E+14
19059512,16/10/2019 20:46,First Half (4PM - Midnight),"HOLLAND ST & IRVING ST Somerville, MA",DARK - LIGHTED ROADWAY,CLOUDY,DRY,NONE,STOP SIGNS,T-INTERSECTION,"TWO-WAY, NOT DIVIDED",ANGLE,COLLISION WITH MOTOR VEHICLE IN TRAFFIC,ROADWAY,30,0,0,0,0,0,2,0,0,0,0,0,0,0,42.3985,-71.1241,6,2.50174E+14
23047479,21/08/2023 10:31,Day Shift (8AM - 4PM),"96 WALLACE ST Somerville, MA",DAYLIGHT,CLOUDY,DRY,NONE,NO CONTROLS,NOT AT INTERSECTION,"ONE-WAY, NOT DIVIDED","SIDESWIPE, SAME DIRECTION",COLLISION WITH PARKED MOTOR VEHICLE,ROADWAY,20,0,0,0,0,0,3,0,0,0,0,0,0,0,42.4007,-71.1213,6,2.50174E+14
20006228,03/02/2020 17:17,First Half (4PM - Midnight),"HOLLAND ST & IRVING ST Somerville, MA",DAYLIGHT,CLEAR,DRY,NONE,NO CONTROLS,NOT AT INTERSECTION,"TWO-WAY, DIVIDED, UNPROTECTED MEDIAN","SIDESWIPE, SAME DIRECTION",COLLISION WITH MOTOR VEHICLE IN TRAFFIC,ROADWAY,20,0,0,0,0,0,2,0,0,0,0,0,0,0,42.3985,-71.1241,6,2.50174E+14
19022032,22/04/2019 12:03,Day Shift (8AM - 4PM),"91 HOLLAND ST Somerville, MA",DAYLIGHT,CLEAR,DRY,NONE,NO CONTROLS,NOT AT INTERSECTION,"TWO-WAY, NOT DIVIDED","SIDESWIPE, SAME DIRECTION",COLLISION WITH PARKED MOTOR VEHICLE,ROADWAY,20,0,0,0,0,0,2,0,0,0,0,0,0,0,42.399,-71.1242,6,2.50174E+14
20042260,01/09/2020 18:03,First Half (4PM - Midnight),"71 SIMPSON AV Somerville, MA",DAYLIGHT,CLEAR,DRY,NONE,NO CONTROLS,NOT AT INTERSECTION,"ONE-WAY, NOT DIVIDED",SINGLE VEHICLE CRASH,COLLISION WITH TREE,ROADWAY,25,0,0,0,0,0,2,0,0,0,0,0,0,0,42.401,-71.1224,6,2.50174E+14
21023298,10/05/2021 14:19,Day Shift (8AM - 4PM),"81 HOLLAND ST Somerville, MA",DAYLIGHT,CLEAR,DRY,UNKNOWN,STOP SIGNS,T-INTERSECTION,"TWO-WAY, DIVIDED, UNPROTECTED MEDIAN",HEAD ON,COLLISION WITH MOPED,ROADWAY,25,0,0,0,1,0,3,0,0,0,0,0,0,0,42.3988,-71.1242,6,2.50174E+14
23009531,21/02/2023 13:33,Day Shift (8AM - 4PM),"998 BROADWAY Somerville, MA",DAYLIGHT,CLEAR,DRY,NONE,NO CONTROLS,NOT AT INTERSECTION,"TWO-WAY, DIVIDED, UNPROTECTED MEDIAN",ANGLE,COLLISION WITH MOTOR VEHICLE IN TRAFFIC,ROADWAY,25,0,0,0,0,0,3,0,0,0,0,0,0,0,42.4014,-71.1225,7,2.50174E+14
19038582,08/07/2019 09:29,Day Shift (8AM - 4PM),"109 HOLLAND ST Somerville, MA",DAYLIGHT,CLEAR,DRY,NONE,NO CONTROLS,NOT AT INTERSECTION,"TWO-WAY, NOT DIVIDED",ANGLE,COLLISION WITH MOTOR VEHICLE IN TRAFFIC,ROADWAY,20,0,0,0,0,0,3,0,0,0,0,0,0,0,42.3993,-71.1247,7,2.50174E+14
23041449,23/07/2023 14:39,Day Shift (8AM - 4PM),"1024 BROADWAY Somerville, MA",DAYLIGHT,CLEAR,DRY,NONE,NO CONTROLS,T-INTERSECTION,"TWO-WAY, NOT DIVIDED","SIDESWIPE, OPPOSITE DIRECTION",COLLISION WITH MOTOR VEHICLE IN TRAFFIC,ROADWAY,20,0,0,0,1,0,1,0,0,0,0,0,0,0,42.4016,-71.1235,7,2.50174E+14
20031784,25/06/2020 15:47,Day Shift (8AM - 4PM),"HOLLAND ST & PAULINA ST Somerville, MA",DAYLIGHT,CLEAR,DRY,NONE,NO CONTROLS,NOT AT INTERSECTION,"ONE-WAY, NOT DIVIDED","SIDESWIPE, SAME DIRECTION",COLLISION WITH PARKED MOTOR VEHICLE,ROADWAY,20,0,0,0,0,0,3,1,0,0,0,0,0,0,42.3999,-71.1252,7,2.50174E+14
19040761,18/07/2019 08:02,Day Shift (8AM - 4PM),"GORHAM ST & HOLLAND ST Somerville, MA",DAYLIGHT,CLOUDY,DRY,NONE,NO CONTROLS,T-INTERSECTION,"TWO-WAY, NOT DIVIDED",ANGLE,COLLISION WITH MOTOR VEHICLE IN TRAFFIC,ROADWAY,20,0,0,0,0,0,3,0,0,0,0,0,0,0,42.3999,-71.1252,7,2.50174E+14
21033047,30/06/2021 10:27,Day Shift (8AM - 4PM),"BROADWAY & PAULINA ST Somerville, MA",DAYLIGHT,CLEAR,DRY,NONE,NO CONTROLS,T-INTERSECTION,"TWO-WAY, NOT DIVIDED",ANGLE,COLLISION WITH MOTOR VEHICLE IN TRAFFIC,ROADWAY,25,0,0,0,0,0,3,0,0,0,0,0,0,0,42.4018,-71.1237,7,2.50174E+14
19061858,28/10/2019 11:59,Day Shift (8AM - 4PM),"BROADWAY & PAULINA ST Somerville, MA",DAYLIGHT,CLOUDY,WET,ROAD SURFACE CONDITION,STOP SIGNS,T-INTERSECTION,"TWO-WAY, NOT DIVIDED",ANGLE,COLLISION WITH MOTOR VEHICLE IN TRAFFIC,ROADWAY,25,0,0,0,0,0,5,0,0,0,0,0,0,0,42.4018,-71.1237,7,2.50174E+14
18031824,29/05/2018 09:32,Day Shift (8AM - 4PM),"133 HOLLAND ST Somerville, MA",DAYLIGHT,CLEAR,DRY,NONE,NO CONTROLS,FOUR WAY INTERSECTION,"TWO-WAY, NOT DIVIDED","SIDESWIPE, SAME DIRECTION",COLLISION WITH MOTOR VEHICLE IN TRAFFIC,ROADWAY,25,0,0,0,0,0,2,0,0,0,0,0,0,0,42.4002,-71.1252,7,2.50174E+14
22044876,12/08/2022 11:46,Day Shift (8AM - 4PM),"1098 BROADWAY Somerville, MA",DAYLIGHT,CLEAR,DRY,NONE,NO CONTROLS,T-INTERSECTION,"TWO-WAY, DIVIDED, UNPROTECTED MEDIAN",ANGLE,COLLISION WITH MOTOR VEHICLE IN TRAFFIC,ROADWAY,25,0,0,0,0,0,5,0,0,0,0,0,0,0,42.4025,-71.126,7,2.50174E+14
23016374,29/03/2023 12:24,Day Shift (8AM - 4PM),"231 HOLLAND ST Somerville, MA",DAYLIGHT,CLEAR,DRY,OTHER,NO CONTROLS,NOT AT INTERSECTION,"TWO-WAY, DIVIDED, UNPROTECTED MEDIAN",REAR-END,COLLISION WITH MOTOR VEHICLE IN TRAFFIC,ROADWAY,25,0,0,0,0,0,3,0,0,0,0,0,0,0,42.4026,-71.1266,7,2.50174E+14
22068806,05/12/2022 17:43,First Half (4PM - Midnight),"217 HOLLAND ST Somerville, MA",DARK - LIGHTED ROADWAY,CLEAR,DRY,NONE,NO CONTROLS,NOT AT INTERSECTION,"TWO-WAY, NOT DIVIDED","SIDESWIPE, SAME DIRECTION",COLLISION WITH PARKED MOTOR VEHICLE,SHOULDER - PAVED,25,0,0,0,0,1,1,0,0,1,0,1,0,0,42.4022,-71.1264,7,2.50174E+14
19055081,24/09/2019 20:21,First Half (4PM - Midnight),"1122 BROADWAY Somerville, MA",DARK - LIGHTED ROADWAY,CLEAR,DRY,NONE,NO CONTROLS,NOT AT INTERSECTION,"TWO-WAY, NOT DIVIDED",REAR-END,COLLISION WITH MOTOR VEHICLE IN TRAFFIC,ROADWAY,25,0,0,0,0,1,2,0,0,0,0,0,0,0,42.4029,-71.1268,7,2.50174E+14
18063225,25/10/2018 09:38,Day Shift (8AM - 4PM),"HOLLAND & NEWBURY ST Somerville, MA",DAYLIGHT,CLEAR,DRY,NONE,TRAFFIC CONTROL SIGNAL,T-INTERSECTION,"TWO-WAY, NOT DIVIDED",REAR-END,COLLISION WITH MOTOR VEHICLE IN TRAFFIC,ROADWAY,20,0,0,0,0,0,3,0,0,0,0,0,0,0,42.403,-71.127,7,2.50174E+14
22040547,21/07/2022 13:28,Day Shift (8AM - 4PM),"BROADWAY & WESTMINSTER ST Somerville, MA",DAYLIGHT,CLEAR,DRY,NONE,STOP SIGNS,T-INTERSECTION,"TWO-WAY, NOT DIVIDED",ANGLE,COLLISION WITH MOTOR VEHICLE IN TRAFFIC,ROADWAY,25,0,0,0,0,0,4,0,0,0,0,0,0,0,42.403,-71.1265,7,2.50174E+14
23014236,19/03/2023 14:13,Day Shift (8AM - 4PM),"HOLLAND ST & NEWBURY ST Somerville, MA",DAYLIGHT,CLEAR,DRY,NONE,TRAFFIC CONTROL SIGNAL,Y-INTERSECTION,"TWO-WAY, NOT DIVIDED",SINGLE VEHICLE CRASH,COLLISION WITH CURB,ROADWAY,25,0,0,0,1,0,1,0,0,0,0,0,0,0,42.403,-71.127,7,2.50174E+14
19067125,24/11/2019 18:07,First Half (4PM - Midnight),"1114 BROADWAY Somerville, MA",DARK - LIGHTED ROADWAY,RAIN,WET,UNKNOWN,WARNING SIGNS,NOT AT INTERSECTION,"TWO-WAY, NOT DIVIDED",SINGLE VEHICLE CRASH,COLLISION WITH PEDESTRIAN,ROADWAY,25,0,0,0,1,0,2,0,0,1,1,0,0,0,42.4028,-71.1265,7,2.50174E+14
24012425,05/03/2024 10:34,Day Shift (8AM - 4PM),"17 LATIN WY Somerville, MA",DAYLIGHT,CLEAR,DRY,NONE,NO CONTROLS,NOT AT INTERSECTION,"TWO-WAY, NOT DIVIDED",ANGLE,COLLISION WITH MOTOR VEHICLE IN TRAFFIC,ROADSIDE,20,0,0,0,0,1,1,0,0,0,0,0,0,0,42.4057,-71.1209,6,2.50174E+14
22065260,14/11/2022 11:13,Day Shift (8AM - 4PM),"PACKARD AV & POWDER HOUSE BLVD Somerville, MA",DAYLIGHT,CLEAR,DRY,NONE,STOP SIGNS,FOUR WAY INTERSECTION,"TWO-WAY, NOT DIVIDED",HEAD ON,COLLISION WITH MOTOR VEHICLE IN TRAFFIC,ROADWAY,25,0,0,0,0,0,2,0,0,0,0,0,0,0,42.4045,-71.1235,6,2.50174E+14
22041458,26/07/2022 16:17,First Half (4PM - Midnight),"PACKARD AV & POWDER HOUSE BLVD Somerville, MA",DAYLIGHT,CLEAR,DRY,NONE,STOP SIGNS,FOUR WAY INTERSECTION,"TWO-WAY, NOT DIVIDED",ANGLE,COLLISION WITH PEDALCYCLE,ROADWAY,25,0,0,0,0,0,2,0,0,1,0,1,0,0,42.4045,-71.1235,6,2.50174E+14
18056293,20/09/2018 16:27,First Half (4PM - Midnight),"LEONARD ST & POWDER HOUSE BLVD Somerville, MA",DAYLIGHT,CLEAR,DRY,NONE,NO CONTROLS,T-INTERSECTION,"TWO-WAY, NOT DIVIDED",HEAD ON,COLLISION WITH MOTOR VEHICLE IN TRAFFIC,ROADWAY,30,0,0,0,0,0,2,0,0,0,0,0,0,0,42.4024,-71.1201,6,2.50174E+14
21007170,08/02/2021 17:14,First Half (4PM - Midnight),"PACKARD AV & POWDER HOUSE BLVD Somerville, MA",DUSK,CLOUDY,WET,NONE,STOP SIGNS,FOUR WAY INTERSECTION,"TWO-WAY, NOT DIVIDED",SINGLE VEHICLE CRASH,COLLISION WITH LIGHT POLE OR OTHER POST/SUPPORT,OUTSIDE ROADWAY,20,0,0,0,0,0,1,1,0,0,0,0,0,1,42.4045,-71.1235,6,2.50174E+14
18070423,28/11/2018 19:40,First Half (4PM - Midnight),"COLLEGE AV & LOWER CAMPUS RD Somerville, MA",DARK - LIGHTED ROADWAY,CLEAR,DRY,NONE,NO CONTROLS,T-INTERSECTION,"TWO-WAY, DIVIDED, UNPROTECTED MEDIAN",UNKNOWN,COLLISION WITH MOTOR VEHICLE IN TRAFFIC,ROADWAY,20,0,0,0,0,0,3,0,0,0,0,0,0,0,42.404,-71.1172,6,2.50174E+14
20002744,16/01/2020 18:26,First Half (4PM - Midnight),"PACKARD AV & POWDER HOUSE BLVD Somerville, MA",DARK - LIGHTED ROADWAY,CLOUDY,WET,NONE,STOP SIGNS,FOUR WAY INTERSECTION,"TWO-WAY, NOT DIVIDED",ANGLE,COLLISION WITH MOTOR VEHICLE IN TRAFFIC,ROADWAY,20,0,0,0,0,0,3,0,0,0,0,0,0,0,42.4045,-71.1235,6,2.50174E+14
22022380,25/04/2022 22:20,First Half (4PM - Midnight),"POWDER HOUSE BLVD & COLLEGE AV Somerville, MA",DARK - LIGHTED ROADWAY,CLEAR,DRY,UNKNOWN,STOP SIGNS,FIVE-POINT OR MORE,"TWO-WAY, DIVIDED, POSITIVE MEDIAN BARRIER",SINGLE VEHICLE CRASH,COLLISION WITH PEDALCYCLE,OUTSIDE ROADWAY,25,0,0,0,1,0,2,0,0,1,0,1,0,0,42.4013,-71.1169,6,2.50174E+14
21007173,08/02/2021 17:15,First Half (4PM - Midnight),"62 TALBOT AV Somerville, MA",DARK - LIGHTED ROADWAY,CLOUDY,DRY,NONE,NO CONTROLS,T-INTERSECTION,"TWO-WAY, NOT DIVIDED",ANGLE,COLLISION WITH MOTOR VEHICLE IN TRAFFIC,ROADWAY,20,0,0,0,0,0,1,0,0,0,0,0,0,0,42.4049,-71.1206,6,2.50174E+14
19011267,01/03/2019 12:13,Day Shift (8AM - 4PM),"226 COLLEGE AVE Somerville, MA",DAYLIGHT,CLEAR,DRY,NONE,NO CONTROLS,NOT AT INTERSECTION,"TWO-WAY, NOT DIVIDED",ANGLE,COLLISION WITH MOTOR VEHICLE IN TRAFFIC,ROADWAY,20,0,0,0,0,0,4,0,0,0,0,0,0,0,42.4051,-71.1177,6,2.50174E+14
19053354,16/09/2019 18:00,First Half (4PM - Midnight),"15 TALBOT AV Somerville, MA",DAYLIGHT,CLEAR,DRY,NONE,NO CONTROLS,NOT AT INTERSECTION,"TWO-WAY, NOT DIVIDED","SIDESWIPE, OPPOSITE DIRECTION",COLLISION WITH PEDALCYCLE,ROADWAY,25,0,0,0,0,0,4,0,0,1,0,1,0,0,42.405,-71.1185,6,2.50174E+14
23006024,03/02/2023 23:47,First Half (4PM - Midnight),"15 TALBOT AV Somerville, MA",DARK - LIGHTED ROADWAY,CLEAR,DRY,NONE,NO CONTROLS,NOT AT INTERSECTION,"TWO-WAY, NOT DIVIDED","SIDESWIPE, SAME DIRECTION",COLLISION WITH MOTOR VEHICLE IN TRAFFIC,ROADWAY,25,0,0,0,1,0,1,0,0,0,0,0,0,0,42.405,-71.1185,6,2.50174E+14
20044685,17/09/2020 16:14,First Half (4PM - Midnight),"42 WHITFIELD RD Somerville, MA",DAYLIGHT,CLEAR,DRY,NONE,NO CONTROLS,NOT AT INTERSECTION,"ONE-WAY, NOT DIVIDED",REAR-END,COLLISION WITH PARKED MOTOR VEHICLE,ROADWAY,20,0,0,0,0,0,4,0,0,0,0,0,0,0,42.4061,-71.1246,7,2.50174E+14
23068471,28/11/2023 16:22,First Half (4PM - Midnight),"153 POWDERHOUSE BLVD Somerville, MA",DARK - LIGHTED ROADWAY,CLEAR,DRY,NONE,NO CONTROLS,NOT AT INTERSECTION,"TWO-WAY, NOT DIVIDED",REAR-END,COLLISION WITH PARKED MOTOR VEHICLE,ROADWAY,25,0,0,0,0,0,1,0,0,0,0,0,0,0,42.4054,-71.1252,7,2.50174E+14
21023181,09/05/2021 20:42,First Half (4PM - Midnight),"153 POWDER HOUSE BLVD Somerville, MA",DARK - LIGHTED ROADWAY,CLEAR,DRY,NONE,NO CONTROLS,NOT AT INTERSECTION,"TWO-WAY, DIVIDED, UNPROTECTED MEDIAN","SIDESWIPE, SAME DIRECTION",COLLISION WITH PARKED MOTOR VEHICLE,ROADSIDE,25,0,0,0,0,0,5,0,0,0,0,0,0,0,42.4054,-71.1252,7,2.50174E+14
19070163,11/12/2019 05:59,Last Half (Midnight - 8AM),"153 POWDER HOUSE BLVD Somerville, MA",DARK - LIGHTED ROADWAY,SNOW,SNOW,NONE,NO CONTROLS,NOT AT INTERSECTION,"TWO-WAY, DIVIDED, UNPROTECTED MEDIAN","SIDESWIPE, SAME DIRECTION",COLLISION WITH PARKED MOTOR VEHICLE,ROADWAY,25,0,0,0,0,0,0,2,0,0,0,0,0,1,42.4054,-71.1252,7,2.50174E+14
21033119,30/06/2021 18:11,First Half (4PM - Midnight),"155 POWDER HOUSE BLVD Somerville, MA",DAYLIGHT,RAIN,WET,ROAD SURFACE CONDITION,STOP SIGNS,FOUR WAY INTERSECTION,"TWO-WAY, NOT DIVIDED",ANGLE,COLLISION WITH MOTOR VEHICLE IN TRAFFIC,ROADWAY,20,0,0,0,0,0,3,0,0,0,0,0,0,0,42.4054,-71.1252,7,2.50174E+14
22065244,14/11/2022 09:23,Day Shift (8AM - 4PM),"150 POWDER HOUSE BLVD Somerville, MA",DAYLIGHT,CLEAR,DRY,NONE,NO CONTROLS,NOT AT INTERSECTION,"TWO-WAY, NOT DIVIDED",REAR-END,COLLISION WITH MOTOR VEHICLE IN TRAFFIC,ROADWAY,25,0,0,0,0,0,2,0,0,0,0,0,0,0,42.4049,-71.1252,7,2.50174E+14
21042630,16/08/2021 17:26,First Half (4PM - Midnight),"CURTIS ST & POWDER HOUSE BLVD Somerville, MA",DAYLIGHT,CLEAR,DRY,NONE,STOP SIGNS,FOUR WAY INTERSECTION,"TWO-WAY, NOT DIVIDED",ANGLE,COLLISION WITH MOTOR VEHICLE IN TRAFFIC,ROADWAY,20,0,0,0,1,1,1,0,0,0,0,0,0,0,42.4054,-71.1258,7,2.50174E+14