Crash Number,Date and Time of Crash,Police Shift,Crash Location,Light Conditions,Weather Conditions,Road Surface,Road Contributing Circumstances,Traffic Control Device Type,Roadway Intersection Type,Trafficway Description,Manner of Collision,First Harmful Event,First Harmful Event Location,Speed Limit,Work Zone,Count Fatal Injury ,Count Suspected Serious Injury,Count Suspected Minor Injury ,Count Possible Injury,Count No Apparent Injury,Count Unknown Injury,Count Not Reported Injury,Total Non-Motorists,Pedestrian Involvement (Non-Motorist),Cyclist Involvement (Non-Motorist),Other Non-Motorist Involvement,Hit and Run Flag,Latitude,Longitude,Ward,Block Code 
21005345,28/01/2021 07:30,Last Half (Midnight - 8AM),"CURTIS ST & POWDER HOUSE BLVD Somerville, MA",DAYLIGHT,SNOW,SNOW,NONE,STOP SIGNS,FOUR WAY INTERSECTION,"TWO-WAY, NOT DIVIDED",REAR-END,COLLISION WITH MOTOR VEHICLE IN TRAFFIC,ROADWAY,25,0,0,0,0,0,3,0,0,0,0,0,0,0,42.4054,-71.1258,7,2.50174E+14
21029682,12/06/2021 18:24,First Half (4PM - Midnight),"CURTIS ST & POWDER HOUSE BLVD Somerville, MA",DAYLIGHT,CLEAR,DRY,NONE,STOP SIGNS,FOUR WAY INTERSECTION,"TWO-WAY, NOT DIVIDED",ANGLE,COLLISION WITH MOTOR VEHICLE IN TRAFFIC,ROADWAY,20,0,0,0,0,0,4,0,0,0,0,0,0,0,42.4054,-71.1258,7,2.50174E+14
22055587,29/09/2022 14:26,Day Shift (8AM - 4PM),"CURTIS ST & POWDER HOUSE BLVD Somerville, MA",DAYLIGHT,CLOUDY,DRY,NONE,STOP SIGNS,T-INTERSECTION,"TWO-WAY, NOT DIVIDED",ANGLE,COLLISION WITH MOTOR VEHICLE IN TRAFFIC,ROADWAY,20,0,0,0,0,0,4,0,0,0,0,0,0,0,42.4054,-71.1258,7,2.50174E+14
21052449,05/10/2021 12:48,Day Shift (8AM - 4PM),"CURTIS ST & POWDER HOUSE BLVD Somerville, MA",DAYLIGHT,CLOUDY,OTHER,NONE,STOP SIGNS,FOUR WAY INTERSECTION,"TWO-WAY, NOT DIVIDED",ANGLE,COLLISION WITH MOTOR VEHICLE IN TRAFFIC,ROADWAY,25,0,0,0,0,0,2,0,0,0,0,0,0,0,42.4054,-71.1258,7,2.50174E+14
22042845,02/08/2022 14:21,Day Shift (8AM - 4PM),"CURTIS ST & POWDER HOUSE BLVD Somerville, MA",DAYLIGHT,CLEAR,DRY,NONE,STOP SIGNS,FOUR WAY INTERSECTION,"TWO-WAY, NOT DIVIDED",ANGLE,COLLISION WITH MOTOR VEHICLE IN TRAFFIC,ROADWAY,25,0,0,0,0,0,3,0,0,0,0,0,0,0,42.4054,-71.1258,7,2.50174E+14
20045248,21/09/2020 14:19,Day Shift (8AM - 4PM),"51 CURTIS ST Somerville, MA",DAYLIGHT,CLEAR,DRY,NONE,NO CONTROLS,NOT AT INTERSECTION,"ONE-WAY, NOT DIVIDED","SIDESWIPE, SAME DIRECTION",COLLISION WITH PARKED MOTOR VEHICLE,ROADWAY,20,0,0,0,0,0,5,0,0,0,0,0,0,0,42.4049,-71.126,7,2.50174E+14
22054268,23/09/2022 15:56,Day Shift (8AM - 4PM),"CURTIS ST & POWDER HOUSE BLVD Somerville, MA",DAYLIGHT,CLEAR,DRY,NONE,STOP SIGNS,FOUR WAY INTERSECTION,UNKNOWN,ANGLE,COLLISION WITH MOTOR VEHICLE IN TRAFFIC,ROADWAY,20,0,0,0,0,1,3,0,0,0,0,0,0,0,42.4054,-71.1258,7,2.50174E+14
20055164,13/11/2020 14:44,Day Shift (8AM - 4PM),"CURTIS ST & POWDER HOUSE BLVD Somerville, MA",DAYLIGHT,CLOUDY,WET,NONE,STOP SIGNS,FOUR WAY INTERSECTION,"TWO-WAY, NOT DIVIDED",ANGLE,COLLISION WITH PARKED MOTOR VEHICLE,ROADWAY,20,0,0,0,0,0,2,0,0,0,0,0,0,0,42.4054,-71.1258,7,2.50174E+14
20057993,30/11/2020 12:33,Day Shift (8AM - 4PM),"93 OSSIPEE RD Somerville, MA",DAYLIGHT,RAIN,WET,NONE,NO CONTROLS,NOT AT INTERSECTION,"TWO-WAY, NOT DIVIDED",SINGLE VEHICLE CRASH,OTHER,ROADSIDE,25,0,0,0,0,0,1,0,0,0,0,0,0,0,42.4048,-71.1256,7,2.50174E+14
19000128,01/01/2019 16:58,First Half (4PM - Midnight),"CURTIS ST & POWDER HOUSE BLVD Somerville, MA",DARK - LIGHTED ROADWAY,CLEAR,DRY,NONE,FLASHING TRAFIC CONTROL SIGNAL,FOUR WAY INTERSECTION,"TWO-WAY, NOT DIVIDED",ANGLE,COLLISION WITH MOTOR VEHICLE IN TRAFFIC,ROADWAY,30,0,0,0,0,1,3,0,0,0,0,0,0,0,42.4054,-71.1258,7,2.50174E+14
21035606,12/07/2021 07:47,Last Half (Midnight - 8AM),"CURTIS ST & POWDER HOUSE BLVD Somerville, MA",DAYLIGHT,CLOUDY,WET,UNKNOWN,STOP SIGNS,FOUR WAY INTERSECTION,"TWO-WAY, NOT DIVIDED",ANGLE,COLLISION WITH MOTOR VEHICLE IN TRAFFIC,ROADWAY,25,0,0,0,0,0,4,0,0,0,0,0,0,0,42.4054,-71.1258,7,2.50174E+14
23012836,12/03/2023 14:36,Day Shift (8AM - 4PM),"CURTIS ST & POWDER HOUSE BLVD Somerville, MA",DAYLIGHT,CLEAR,DRY,NONE,STOP SIGNS,FOUR WAY INTERSECTION,"TWO-WAY, NOT DIVIDED",ANGLE,COLLISION WITH MOTOR VEHICLE IN TRAFFIC,ROADWAY,25,0,0,0,0,0,3,0,0,0,0,0,0,0,42.4054,-71.1258,7,2.50174E+14
20024917,15/05/2020 10:17,Day Shift (8AM - 4PM),"CURTIS ST & POWDER HOUSE BLVD Somerville, MA",DAYLIGHT,CLEAR,DRY,NONE,STOP SIGNS,T-INTERSECTION,"TWO-WAY, NOT DIVIDED",ANGLE,COLLISION WITH MOTOR VEHICLE IN TRAFFIC,ROADWAY,20,0,0,0,0,0,5,0,0,0,0,0,0,0,42.4054,-71.1258,7,2.50174E+14
23070114,06/12/2023 07:47,Last Half (Midnight - 8AM),"CURTIS ST & POWDER HOUSE BLVD Somerville, MA",DAYLIGHT,CLEAR,DRY,NONE,STOP SIGNS,FOUR WAY INTERSECTION,"TWO-WAY, NOT DIVIDED","SIDESWIPE, SAME DIRECTION",COLLISION WITH PARKED MOTOR VEHICLE,ROADWAY,30,0,0,0,0,0,5,0,0,0,0,0,0,1,42.4054,-71.1258,7,2.50174E+14
23059311,14/10/2023 15:22,Day Shift (8AM - 4PM),"CURTIS ST & POWDER HOUSE BLVD Somerville, MA",DAYLIGHT,CLEAR,DRY,NONE,STOP SIGNS,FOUR WAY INTERSECTION,"TWO-WAY, NOT DIVIDED",REAR-END,COLLISION WITH MOTOR VEHICLE IN TRAFFIC,ROADWAY,20,0,0,0,0,2,0,0,0,0,0,0,0,0,42.4054,-71.1258,7,2.50174E+14
18032512,31/05/2018 16:24,First Half (4PM - Midnight),"86 OSSIPEE RD Somerville, MA",DAYLIGHT,CLEAR,DRY,NONE,NO CONTROLS,NOT AT INTERSECTION,"TWO-WAY, NOT DIVIDED",HEAD ON,COLLISION WITH TREE,ROADWAY,25,0,0,0,0,0,3,0,0,0,0,0,0,0,42.4044,-71.1254,7,2.50174E+14
22030637,01/06/2022 20:30,First Half (4PM - Midnight),"1141 BROADWAY Somerville, MA",DARK - LIGHTED ROADWAY,CLEAR,DRY,NONE,TRAFFIC CONTROL SIGNAL,NOT AT INTERSECTION,"TWO-WAY, DIVIDED, UNPROTECTED MEDIAN",REAR-END,COLLISION WITH MOTOR VEHICLE IN TRAFFIC,ROADWAY,25,0,0,0,1,0,1,0,0,0,0,0,0,0,42.4034,-71.1269,7,2.50174E+14
20050288,17/10/2020 12:27,Day Shift (8AM - 4PM),"1137 BROADWAY Somerville, MA",DAYLIGHT,CLEAR,DRY,NONE,TRAFFIC CONTROL SIGNAL,NOT AT INTERSECTION,"TWO-WAY, NOT DIVIDED","SIDESWIPE, SAME DIRECTION",COLLISION WITH MOTOR VEHICLE IN TRAFFIC,ROADWAY,30,0,0,0,0,0,4,0,0,0,0,0,0,0,42.4034,-71.1269,7,2.50174E+14
21011448,05/03/2021 20:47,First Half (4PM - Midnight),"1147 BROADWAY Somerville, MA",DARK - LIGHTED ROADWAY,CLEAR,DRY,NONE,TRAFFIC CONTROL SIGNAL,FOUR WAY INTERSECTION,"TWO-WAY, NOT DIVIDED",HEAD ON,COLLISION WITH MOTOR VEHICLE IN TRAFFIC,ROADWAY,25,0,0,0,1,0,3,0,0,0,0,0,0,0,42.4034,-71.1269,7,2.50174E+14
20043221,08/09/2020 09:30,Day Shift (8AM - 4PM),"10 LOVELL ST Somerville, MA",DAYLIGHT,CLEAR,DRY,NONE,NO CONTROLS,NOT AT INTERSECTION,"ONE-WAY, NOT DIVIDED",SINGLE VEHICLE CRASH,COLLISION WITH UTILITY POLE,SHOULDER - PAVED,25,0,0,0,0,0,2,0,0,0,0,0,0,0,42.4031,-71.1256,7,2.50174E+14
22051684,12/09/2022 11:25,Day Shift (8AM - 4PM),"11 LOVELL ST Somerville, MA",DAYLIGHT,CLOUDY,DRY,OTHER,NO CONTROLS,NOT AT INTERSECTION,"ONE-WAY, NOT DIVIDED",SINGLE VEHICLE CRASH,OTHER NON-COLLISION,ROADWAY,20,0,0,0,0,0,2,0,0,0,0,0,0,0,42.403,-71.1252,7,2.50174E+14
20054435,09/11/2020 10:32,Day Shift (8AM - 4PM),"162 CURTIS ST Somerville, MA",DAYLIGHT,CLEAR,DRY,NONE,NO CONTROLS,NOT AT INTERSECTION,"TWO-WAY, NOT DIVIDED",SINGLE VEHICLE CRASH,COLLISION WITH UTILITY POLE,OUTSIDE ROADWAY,20,0,0,0,0,0,0,1,0,0,0,0,0,0,42.4088,-71.1238,7,2.50174E+14
23009918,23/02/2023 17:45,First Half (4PM - Midnight),"162 CURTIS ST Somerville, MA",DARK - LIGHTED ROADWAY,"SLEET, HAIL, FREEZING RAIN OR DRIZZLE",WET,NONE,NO CONTROLS,NOT AT INTERSECTION,"TWO-WAY, NOT DIVIDED",HEAD ON,COLLISION WITH MOTOR VEHICLE IN TRAFFIC,ROADWAY,25,0,0,0,0,0,3,0,0,0,0,0,0,0,42.4088,-71.1238,7,2.50174E+14
23027667,19/05/2023 16:50,First Half (4PM - Midnight),"53 SUNSET RD Somerville, MA",DAYLIGHT,CLEAR,DRY,OTHER,NO CONTROLS,T-INTERSECTION,"TWO-WAY, NOT DIVIDED",ANGLE,COLLISION WITH PARKED MOTOR VEHICLE,ROADWAY,20,0,0,0,1,0,2,0,0,0,0,0,0,0,42.4092,-71.1257,7,2.50174E+14
23028025,21/05/2023 14:47,Day Shift (8AM - 4PM),"CHETWYND RD & HILLSDALE RD Somerville, MA",DAYLIGHT,CLEAR,DRY,OBSTRUCTION IN ROADWAY,STOP SIGNS,FOUR WAY INTERSECTION,"TWO-WAY, NOT DIVIDED",ANGLE,COLLISION WITH MOTOR VEHICLE IN TRAFFIC,ROADWAY,20,0,0,0,0,0,3,0,0,0,0,0,0,0,42.4087,-71.1265,7,2.50174E+14
23022123,24/04/2023 12:13,Day Shift (8AM - 4PM),"CHETWYND RD & HILLSDALE RD Somerville, MA",DAYLIGHT,CLEAR,DRY,UNKNOWN,STOP SIGNS,FOUR WAY INTERSECTION,"TWO-WAY, NOT DIVIDED",ANGLE,COLLISION WITH MOTOR VEHICLE IN TRAFFIC,ROADWAY,25,0,0,0,0,2,1,0,0,0,0,0,0,0,42.4087,-71.1265,7,2.50174E+14
24001325,08/01/2024 13:23,Day Shift (8AM - 4PM),"45 SAWYER AV Somerville, MA",DAYLIGHT,CLEAR,WET,NONE,NO CONTROLS,NOT AT INTERSECTION,"TWO-WAY, NOT DIVIDED",SINGLE VEHICLE CRASH,OTHER,ROADWAY,25,0,0,0,0,0,2,0,0,0,0,0,0,0,42.407,-71.1243,7,2.50174E+14
20012559,04/03/2020 16:01,First Half (4PM - Midnight),"37 SAWYER AV Somerville, MA",DAYLIGHT,CLEAR,DRY,NONE,NO CONTROLS,T-INTERSECTION,"TWO-WAY, NOT DIVIDED","SIDESWIPE, SAME DIRECTION",COLLISION WITH MOTOR VEHICLE IN TRAFFIC,ROADWAY,20,0,0,0,0,0,3,0,0,0,0,0,0,0,42.4069,-71.124,7,2.50174E+14
19023994,01/05/2019 17:34,First Half (4PM - Midnight),"126 PACKARD AV Somerville, MA",DAYLIGHT,CLOUDY,DRY,NONE,NO CONTROLS,DRIVEWAY,"TWO-WAY, NOT DIVIDED",ANGLE,COLLISION WITH MOTOR VEHICLE IN TRAFFIC,ROADWAY,25,0,0,0,0,0,3,0,0,0,0,0,0,0,42.4064,-71.1225,7,2.50174E+14
20041012,24/08/2020 17:29,First Half (4PM - Midnight),"108 POWDER HOUSE BLVD Somerville, MA",DAYLIGHT,CLEAR,DRY,TRAFFIC CONGESTION RELATED,STOP SIGNS,NOT AT INTERSECTION,"TWO-WAY, NOT DIVIDED",REAR-END,COLLISION WITH MOTOR VEHICLE IN TRAFFIC,ROADWAY,25,0,0,0,0,0,1,0,0,0,0,0,0,1,42.4039,-71.1227,7,2.50174E+14
21008812,19/02/2021 13:04,Day Shift (8AM - 4PM),"88 POWDER HOUSE BLVD Somerville, MA",DAYLIGHT,CLOUDY,WET,OBSTRUCTION IN ROADWAY,NO CONTROLS,NOT AT INTERSECTION,"TWO-WAY, NOT DIVIDED",HEAD ON,COLLISION WITH MOTOR VEHICLE IN TRAFFIC,ROADWAY,20,0,0,0,0,0,2,0,0,0,0,0,0,0,42.4034,-71.1218,7,2.50174E+14
19055676,27/09/2019 14:24,Day Shift (8AM - 4PM),"OSSIPEE RD & PACKARD AV Somerville, MA",DAYLIGHT,CLEAR,DRY,NONE,NO CONTROLS,T-INTERSECTION,"TWO-WAY, NOT DIVIDED",SINGLE VEHICLE CRASH,COLLISION WITH CURB,ROADWAY,25,0,0,0,0,0,2,0,0,0,0,0,0,0,42.4039,-71.1238,7,2.50174E+14
18073959,16/12/2018 11:31,Day Shift (8AM - 4PM),"1001 BROADWAY Somerville, MA",DAYLIGHT,RAIN,WET,NONE,STOP SIGNS,T-INTERSECTION,"TWO-WAY, NOT DIVIDED",ANGLE,COLLISION WITH MOTOR VEHICLE IN TRAFFIC,ROADWAY,30,0,0,0,0,0,4,0,0,0,0,0,0,0,42.4018,-71.1226,7,2.50174E+14
18060921,13/10/2018 06:52,Last Half (Midnight - 8AM),"BROADWAY & MASON ST Somerville, MA",DAWN,CLOUDY,DRY,UNKNOWN,STOP SIGNS,T-INTERSECTION,"TWO-WAY, NOT DIVIDED",ANGLE,COLLISION WITH MOTOR VEHICLE IN TRAFFIC,ROADWAY,30,0,0,0,0,1,2,0,0,0,0,0,0,0,42.4016,-71.1226,7,2.50174E+14
21044787,28/08/2021 00:26,Last Half (Midnight - 8AM),"BROADWAY & PACKARD AV Somerville, MA",DARK - LIGHTED ROADWAY,CLEAR,DRY,NONE,TRAFFIC CONTROL SIGNAL,T-INTERSECTION,"TWO-WAY, NOT DIVIDED",SINGLE VEHICLE CRASH,COLLISION WITH CURB,ROADSIDE,25,0,0,0,0,0,1,0,0,0,0,0,0,0,42.4023,-71.125,7,2.50174E+14
24011219,28/02/2024 10:24,Day Shift (8AM - 4PM),"BROADWAY & PACKARD AV Somerville, MA",DAYLIGHT,RAIN,WET,NONE,TRAFFIC CONTROL SIGNAL,T-INTERSECTION,"TWO-WAY, NOT DIVIDED",REAR-END,COLLISION WITH MOTOR VEHICLE IN TRAFFIC,ROADWAY,25,0,0,0,0,1,1,0,0,0,0,0,0,0,42.4023,-71.125,7,2.50174E+14
23057145,05/10/2023 17:14,First Half (4PM - Midnight),"1067 BROADWAY Somerville, MA",DAYLIGHT,CLEAR,DRY,NONE,TRAFFIC CONTROL SIGNAL,T-INTERSECTION,"TWO-WAY, DIVIDED, UNPROTECTED MEDIAN",ANGLE,COLLISION WITH PEDALCYCLE,ROADWAY,25,0,0,0,0,0,1,0,0,1,0,1,0,1,42.4023,-71.1245,7,2.50174E+14
22044869,12/08/2022 11:28,Day Shift (8AM - 4PM),"1055 BROADWAY Somerville, MA",DAYLIGHT,CLEAR,DRY,NONE,NO CONTROLS,NOT AT INTERSECTION,"TWO-WAY, DIVIDED, UNPROTECTED MEDIAN",UNKNOWN,COLLISION WITH PARKED MOTOR VEHICLE,ROADWAY,25,0,1,0,0,0,1,0,0,1,0,1,0,0,42.4022,-71.1241,7,2.50174E+14
19070789,14/12/2019 11:56,Day Shift (8AM - 4PM),"BROADWAY & MASON ST Somerville, MA",DAYLIGHT,RAIN,WET,UNKNOWN,STOP SIGNS,T-INTERSECTION,"TWO-WAY, NOT DIVIDED","SIDESWIPE, OPPOSITE DIRECTION",COLLISION WITH MOTOR VEHICLE IN TRAFFIC,ROADWAY,25,0,0,0,0,0,2,0,0,0,0,0,0,0,42.4016,-71.1226,7,2.50174E+14
23000328,03/01/2023 11:07,Day Shift (8AM - 4PM),"BROADWAY & SIMPSON AVE Somerville, MA",DAYLIGHT,CLOUDY,WET,NONE,NO CONTROLS,T-INTERSECTION,"TWO-WAY, NOT DIVIDED",HEAD ON,COLLISION WITH PEDALCYCLE,ROADWAY,25,0,0,0,0,1,1,0,0,1,0,1,0,0,42.4015,-71.1222,7,2.50174E+14
18064480,30/10/2018 23:42,First Half (4PM - Midnight),"995 BROADWAY Somerville, MA",DARK - LIGHTED ROADWAY,CLEAR,DRY,NONE,NO CONTROLS,T-INTERSECTION,"TWO-WAY, NOT DIVIDED",ANGLE,COLLISION WITH MOTOR VEHICLE IN TRAFFIC,ROADWAY,20,0,0,0,0,0,0,3,0,0,0,0,0,0,42.4017,-71.1223,7,2.50174E+14
20052887,31/10/2020 13:15,Day Shift (8AM - 4PM),"BROADWAY & LEONARD ST Somerville, MA",DAYLIGHT,RAIN,WET,NONE,NO CONTROLS,NOT AT INTERSECTION,"TWO-WAY, NOT DIVIDED",REAR-END,COLLISION WITH MOTOR VEHICLE IN TRAFFIC,ROADWAY,30,0,0,0,0,0,3,0,0,0,0,0,0,0,42.4011,-71.1207,6,2.50174E+14
23054327,21/09/2023 13:30,Day Shift (8AM - 4PM),"BROADWAY & IRVING ST Somerville, MA",DAYLIGHT,CLEAR,DRY,NONE,NO CONTROLS,T-INTERSECTION,"TWO-WAY, NOT DIVIDED",ANGLE,COLLISION WITH MOTOR VEHICLE IN TRAFFIC,ROADWAY,20,0,0,0,1,0,3,0,0,0,0,0,0,0,42.4013,-71.1214,6,2.50174E+14
18059874,07/10/2018 23:19,First Half (4PM - Midnight),"64 POWDER HOUSE BLVD Somerville, MA",DARK - LIGHTED ROADWAY,RAIN,WET,NONE,NO CONTROLS,T-INTERSECTION,"TWO-WAY, NOT DIVIDED",REAR-END,COLLISION WITH PEDESTRIAN,ROADWAY,20,0,0,0,1,0,6,0,0,1,0,0,1,0,42.4025,-71.1207,6,2.50174E+14
23058205,10/10/2023 08:41,Day Shift (8AM - 4PM),"BROADWAY & WALLACE ST Somerville, MA",DAYLIGHT,CLOUDY,DRY,OTHER,NO CONTROLS,T-INTERSECTION,"TWO-WAY, NOT DIVIDED",ANGLE,COLLISION WITH PARKED MOTOR VEHICLE,ROADWAY,25,0,0,0,0,0,3,0,0,0,0,0,0,0,42.4011,-71.1207,6,2.50174E+14
23002379,14/01/2023 10:15,Day Shift (8AM - 4PM),"BROADWAY & BURNHAM ST Somerville, MA",OTHER,RAIN,WET,NONE,STOP SIGNS,T-INTERSECTION,"TWO-WAY, NOT DIVIDED",ANGLE,COLLISION WITH MOTOR VEHICLE IN TRAFFIC,ROADWAY,25,0,0,0,0,0,3,0,0,0,0,0,0,0,42.4013,-71.1217,6,2.50174E+14
18061250,14/10/2018 17:24,First Half (4PM - Midnight),"BROADWAY & BURNHAM ST Somerville, MA",DAYLIGHT,CLEAR,DRY,NONE,NO CONTROLS,NOT AT INTERSECTION,"TWO-WAY, NOT DIVIDED","SIDESWIPE, SAME DIRECTION",COLLISION WITH MOTOR VEHICLE IN TRAFFIC,ROADWAY,20,0,0,0,0,0,3,0,0,0,0,0,0,1,42.4013,-71.1217,6,2.50174E+14
21064574,15/12/2021 13:33,Day Shift (8AM - 4PM),"BROADWAY & LEONARD ST Somerville, MA",DAYLIGHT,CLEAR,DRY,NONE,NO CONTROLS,T-INTERSECTION,"TWO-WAY, NOT DIVIDED",HEAD ON,COLLISION WITH PEDESTRIAN,ROADWAY,25,0,0,0,1,0,1,0,0,1,1,0,0,0,42.4011,-71.1207,6,2.50174E+14
18071079,01/12/2018 18:46,First Half (4PM - Midnight),"58 POWDERHOUSE BLVD Somerville, MA",DARK - LIGHTED ROADWAY,CLEAR,DRY,NONE,YIELD SIGNS,NOT AT INTERSECTION,"TWO-WAY, NOT DIVIDED",REAR-END,COLLISION WITH MOTOR VEHICLE IN TRAFFIC,ROADWAY,25,0,0,0,0,0,3,0,0,0,0,0,0,0,42.4023,-71.1203,6,2.50174E+14
20040846,23/08/2020 17:11,First Half (4PM - Midnight),"951 BROADWAY Somerville, MA",DAYLIGHT,RAIN,WET,OTHER,NO CONTROLS,NOT AT INTERSECTION,"TWO-WAY, NOT DIVIDED",ANGLE,COLLISION WITH PEDALCYCLE,ROADWAY,25,0,0,0,1,0,2,0,0,1,0,1,0,0,42.4013,-71.1208,6,2.50174E+14
19024290,03/05/2019 09:46,Day Shift (8AM - 4PM),"BROADWAY & LEONARD ST Somerville, MA",DAYLIGHT,CLOUDY,DRY,NONE,NO CONTROLS,T-INTERSECTION,"TWO-WAY, NOT DIVIDED",REAR-END,COLLISION WITH MOTOR VEHICLE IN TRAFFIC,ROADWAY,25,0,0,0,0,0,4,0,0,0,0,0,0,0,42.4011,-71.1207,6,2.50174E+14
23046794,17/08/2023 21:44,First Half (4PM - Midnight),"969 BROADWAY Somerville, MA",DARK - LIGHTED ROADWAY,CLOUDY,DRY,NONE,NO CONTROLS,T-INTERSECTION,"TWO-WAY, NOT DIVIDED",ANGLE,COLLISION WITH MOTOR VEHICLE IN TRAFFIC,ROADWAY,20,0,0,0,0,0,2,0,0,0,0,0,0,0,42.4015,-71.1214,6,2.50174E+14
22053948,22/09/2022 09:31,Day Shift (8AM - 4PM),"855 BROADWAY Somerville, MA",DAYLIGHT,CLOUDY,WET,NONE,STOP SIGNS,TRAFFIC CIRCLE,"ONE-WAY, NOT DIVIDED",ANGLE,COLLISION WITH MOTOR VEHICLE IN TRAFFIC,ROADWAY,25,0,0,0,0,0,2,0,0,0,0,0,0,0,42.4011,-71.1175,6,2.50174E+14
18033814,06/06/2018 23:21,First Half (4PM - Midnight),"BROADWAY & COLLEGE AV Somerville, MA",DARK - LIGHTED ROADWAY,CLEAR,DRY,NONE,TRAFFIC CONTROL SIGNAL,TRAFFIC CIRCLE,"ONE-WAY, NOT DIVIDED",ANGLE,COLLISION WITH MOTOR VEHICLE IN TRAFFIC,ROADWAY,30,0,0,0,0,0,4,0,0,0,0,0,0,0,42.401,-71.117,6,2.50174E+14
18060230,09/10/2018 16:07,First Half (4PM - Midnight),"34 POWDER HOUSE BLVD Somerville, MA",DAYLIGHT,CLEAR,DRY,NONE,NO CONTROLS,NOT AT INTERSECTION,"TWO-WAY, NOT DIVIDED",REAR-END,COLLISION WITH PARKED MOTOR VEHICLE,ROADWAY,20,0,0,0,0,0,3,0,0,0,0,0,0,0,42.4018,-71.1189,6,2.50174E+14
20025126,16/05/2020 15:40,Day Shift (8AM - 4PM),"40 POWDER HOUSE BLVD Somerville, MA",DAYLIGHT,CLEAR,DRY,NONE,NO CONTROLS,NOT AT INTERSECTION,"TWO-WAY, NOT DIVIDED",REAR TO REAR,COLLISION WITH PARKED MOTOR VEHICLE,ROADWAY,25,0,0,0,0,1,1,0,0,0,0,0,0,0,42.4019,-71.1193,6,2.50174E+14
24007962,12/02/2024 06:04,Last Half (Midnight - 8AM),"BROADWAY & COLLEGE AV Somerville, MA",DAWN,CLEAR,DRY,NONE,YIELD SIGNS,TRAFFIC CIRCLE,"ONE-WAY, NOT DIVIDED",ANGLE,COLLISION WITH MOTOR VEHICLE IN TRAFFIC,ROADWAY,25,0,0,0,0,0,2,0,0,0,0,0,0,0,42.401,-71.117,6,2.50174E+14
23000947,06/01/2023 15:22,Day Shift (8AM - 4PM),"855 BROADWAY Somerville, MA",DAYLIGHT,"SLEET, HAIL, FREEZING RAIN OR DRIZZLE",WET,ROAD SURFACE CONDITION,YIELD SIGNS,FOUR WAY INTERSECTION,"ONE-WAY, NOT DIVIDED",SINGLE VEHICLE CRASH,COLLISION WITH CURB,ROADWAY,20,0,0,0,0,0,1,0,0,0,0,0,0,0,42.4011,-71.1175,6,2.50174E+14
19068189,01/12/2019 04:58,Last Half (Midnight - 8AM),"855 BROADWAY Somerville, MA",DARK - LIGHTED ROADWAY,CLEAR,DRY,NONE,NO CONTROLS,NOT AT INTERSECTION,"ONE-WAY, NOT DIVIDED",SINGLE VEHICLE CRASH,COLLISION WITH LIGHT POLE OR OTHER POST/SUPPORT,OUTSIDE ROADWAY,20,0,0,0,0,0,2,0,0,0,0,0,0,0,42.4011,-71.1175,6,2.50174E+14
21066785,31/12/2021 05:26,Last Half (Midnight - 8AM),"855 BROADWAY Somerville, MA",DARK - LIGHTED ROADWAY,RAIN,WET,NONE,YIELD SIGNS,TRAFFIC CIRCLE,"ONE-WAY, NOT DIVIDED",SINGLE VEHICLE CRASH,COLLISION WITH LIGHT POLE OR OTHER POST/SUPPORT,OUTSIDE ROADWAY,25,0,0,0,0,0,1,1,0,0,0,0,0,0,42.4011,-71.1175,6,2.50174E+14
19051337,06/09/2019 15:08,Day Shift (8AM - 4PM),"855 BROADWAY Somerville, MA",DAYLIGHT,CLEAR,DRY,NONE,TRAFFIC CONTROL SIGNAL,FIVE-POINT OR MORE,"TWO-WAY, NOT DIVIDED","SIDESWIPE, SAME DIRECTION",COLLISION WITH MOTOR VEHICLE IN TRAFFIC,ROADSIDE,25,0,0,0,0,0,4,0,0,0,0,0,0,0,42.4011,-71.1175,6,2.50174E+14
21058951,09/11/2021 10:01,Day Shift (8AM - 4PM),"14 POWDER HOUSE BLVD Somerville, MA",DAYLIGHT,CLEAR,DRY,NONE,NO CONTROLS,NOT AT INTERSECTION,"TWO-WAY, NOT DIVIDED",REAR-END,COLLISION WITH PARKED MOTOR VEHICLE,ROADWAY,25,0,0,0,0,0,3,0,0,0,0,0,0,0,42.4014,-71.1179,6,2.50174E+14
20037631,03/08/2020 04:06,Last Half (Midnight - 8AM),"14 POWDER HOUSE BLVD Somerville, MA",DARK - LIGHTED ROADWAY,CLEAR,DRY,NONE,NO CONTROLS,NOT AT INTERSECTION,"TWO-WAY, DIVIDED, UNPROTECTED MEDIAN",ANGLE,COLLISION WITH PARKED MOTOR VEHICLE,SHOULDER - PAVED,25,0,0,0,1,0,0,2,0,0,0,0,0,0,42.4014,-71.1179,6,2.50174E+14