Crash Number,Date and Time of Crash,Police Shift,Crash Location,Light Conditions,Weather Conditions,Road Surface,Road Contributing Circumstances,Traffic Control Device Type,Roadway Intersection Type,Trafficway Description,Manner of Collision,First Harmful Event,First Harmful Event Location,Speed Limit,Work Zone,Count Fatal Injury ,Count Suspected Serious Injury,Count Suspected Minor Injury ,Count Possible Injury,Count No Apparent Injury,Count Unknown Injury,Count Not Reported Injury,Total Non-Motorists,Pedestrian Involvement (Non-Motorist),Cyclist Involvement (Non-Motorist),Other Non-Motorist Involvement,Hit and Run Flag,Latitude,Longitude,Ward,Block Code 
21030426,16/06/2021 16:19,First Half (4PM - Midnight),"ALEWIFE BROOK PKWY & BROADWAY Somerville, MA",DAYLIGHT,CLEAR,DRY,TRAFFIC CONGESTION RELATED,TRAFFIC CONTROL SIGNAL,FOUR WAY INTERSECTION,"TWO-WAY, DIVIDED, UNPROTECTED MEDIAN",SINGLE VEHICLE CRASH,COLLISION WITH LIGHT POLE OR OTHER POST/SUPPORT,ROADWAY,25,0,0,0,0,0,2,0,0,0,0,0,0,0,42.4069,-71.1336,7,2.50174E+14
18057820,27/09/2018 14:50,Day Shift (8AM - 4PM),"1374 BROADWAY Somerville, MA",DAYLIGHT,CLEAR,DRY,UNKNOWN,NO CONTROLS,NOT AT INTERSECTION,"TWO-WAY, NOT DIVIDED",SINGLE VEHICLE CRASH,COLLISION WITH PEDESTRIAN,ROADWAY,30,0,0,0,0,1,2,0,0,1,1,0,0,0,42.4063,-71.1333,7,2.50174E+14
20002528,15/01/2020 14:41,Day Shift (8AM - 4PM),"1370 BROADWAY Somerville, MA",DAYLIGHT,CLEAR,DRY,NONE,TRAFFIC CONTROL SIGNAL,NOT AT INTERSECTION,"TWO-WAY, NOT DIVIDED",SINGLE VEHICLE CRASH,COLLISION WITH PEDESTRIAN,ROADWAY,30,0,0,0,1,0,1,0,0,1,1,0,0,0,42.4054,-71.1337,7,2.50174E+14
21057144,30/10/2021 17:59,First Half (4PM - Midnight),"1338 BROADWAY Somerville, MA",DUSK,RAIN,WET,UNKNOWN,NO CONTROLS,NOT AT INTERSECTION,"TWO-WAY, NOT DIVIDED","SIDESWIPE, SAME DIRECTION",COLLISION WITH MOTOR VEHICLE IN TRAFFIC,ROADWAY,30,0,0,0,0,0,2,0,0,0,0,0,0,1,42.4061,-71.1321,7,2.50174E+14
19007978,13/02/2019 09:53,Day Shift (8AM - 4PM),"1338 BROADWAY Somerville, MA",UNKNOWN,UNKNOWN,UNKNOWN,UNKNOWN,NO CONTROLS,NOT AT INTERSECTION,"TWO-WAY, NOT DIVIDED",UNKNOWN,UNKNOWN,OUTSIDE ROADWAY,30,0,0,0,0,0,1,1,0,0,0,0,0,1,42.4061,-71.1321,7,2.50174E+14
18027986,11/05/2018 18:43,First Half (4PM - Midnight),"1370 BROADWAY Somerville, MA",DAYLIGHT,CLEAR,DRY,NONE,NO CONTROLS,NOT AT INTERSECTION,"TWO-WAY, NOT DIVIDED",ANGLE,COLLISION WITH PARKED MOTOR VEHICLE,OUTSIDE ROADWAY,30,0,0,0,0,0,5,0,0,0,0,0,0,0,42.4054,-71.1337,7,2.50174E+14
24007481,09/02/2024 11:55,Day Shift (8AM - 4PM),"1366 BROADWAY Somerville, MA",DAYLIGHT,CLOUDY,DRY,NONE,NO CONTROLS,NOT AT INTERSECTION,"TWO-WAY, NOT DIVIDED",ANGLE,COLLISION WITH MOTOR VEHICLE IN TRAFFIC,ROADWAY,25,0,0,0,0,2,3,0,0,0,0,0,0,0,42.4056,-71.1329,7,2.50174E+14
19052150,10/09/2019 13:56,Day Shift (8AM - 4PM),"1374 BROADWAY Somerville, MA",DAYLIGHT,CLOUDY,DRY,NONE,YIELD SIGNS,NOT AT INTERSECTION,"TWO-WAY, NOT DIVIDED",SINGLE VEHICLE CRASH,COLLISION WITH LIGHT POLE OR OTHER POST/SUPPORT,OUTSIDE ROADWAY,30,0,0,0,0,0,2,1,0,0,0,0,0,1,42.4063,-71.1333,7,2.50174E+14
23026130,12/05/2023 17:45,First Half (4PM - Midnight),"1336 BROADWAY Somerville, MA",DAYLIGHT,CLEAR,DRY,NONE,NO CONTROLS,NOT AT INTERSECTION,"TWO-WAY, NOT DIVIDED",SINGLE VEHICLE CRASH,COLLISION WITH LIGHT POLE OR OTHER POST/SUPPORT,ROADWAY,25,0,0,0,1,0,0,0,0,0,0,0,0,0,42.4061,-71.132,7,2.50174E+14
21003620,19/01/2021 22:52,First Half (4PM - Midnight),"34 WATERHOUSE ST Somerville, MA",DARK - LIGHTED ROADWAY,CLEAR,DRY,NONE,NO CONTROLS,NOT AT INTERSECTION,"ONE-WAY, NOT DIVIDED",REAR-END,COLLISION WITH PARKED MOTOR VEHICLE,ROADWAY,25,0,0,0,0,0,1,0,0,0,0,0,0,1,42.4049,-71.1326,7,2.50174E+14
21021393,30/04/2021 08:58,Day Shift (8AM - 4PM),"BROADWAY & NORTH ST Somerville, MA",DAYLIGHT,CLEAR,DRY,NONE,TRAFFIC CONTROL SIGNAL,T-INTERSECTION,"TWO-WAY, NOT DIVIDED","SIDESWIPE, OPPOSITE DIRECTION",COLLISION WITH MOTOR VEHICLE IN TRAFFIC,ROADWAY,25,0,0,0,0,0,3,0,0,0,0,0,0,0,42.4058,-71.1314,7,2.50174E+14
19059498,16/10/2019 19:23,First Half (4PM - Midnight),"BROADWAY & NORTH ST Somerville, MA",DARK - LIGHTED ROADWAY,CLOUDY,DRY,NONE,NO CONTROLS,T-INTERSECTION,"TWO-WAY, NOT DIVIDED","SIDESWIPE, SAME DIRECTION",COLLISION WITH PEDALCYCLE,ROADWAY,30,0,0,0,1,0,1,0,0,1,0,1,0,0,42.4058,-71.1314,7,2.50174E+14
23017405,03/04/2023 08:00,Day Shift (8AM - 4PM),"BROADWAY & NORTH ST Somerville, MA",DAYLIGHT,CLEAR,DRY,NONE,TRAFFIC CONTROL SIGNAL,T-INTERSECTION,"TWO-WAY, NOT DIVIDED",REAR-END,COLLISION WITH MOTOR VEHICLE IN TRAFFIC,ROADWAY,25,0,0,0,0,1,2,0,0,0,0,0,0,0,42.4058,-71.1314,7,2.50174E+14
18067053,11/11/2018 16:27,First Half (4PM - Midnight),"BROADWAY & NORTH ST Somerville, MA",DUSK,CLEAR,DRY,NONE,TRAFFIC CONTROL SIGNAL,T-INTERSECTION,"TWO-WAY, NOT DIVIDED",SINGLE VEHICLE CRASH,COLLISION WITH PEDESTRIAN,ROADWAY,25,0,0,0,1,0,1,0,0,1,1,0,0,0,42.4058,-71.1314,7,2.50174E+14
21010943,03/03/2021 10:24,Day Shift (8AM - 4PM),"350 ALEWIFE BROOK PKWY Somerville, MA",DAYLIGHT,CLEAR,DRY,NONE,NO CONTROLS,NOT AT INTERSECTION,UNKNOWN,REAR TO REAR,COLLISION WITH PARKED MOTOR VEHICLE,OUTSIDE ROADWAY,10,0,0,0,0,0,3,0,0,0,0,0,0,0,42.412,-71.131,7,2.50174E+14
18069838,26/11/2018 08:26,Day Shift (8AM - 4PM),"NORTH ST & POWDERHOUSE BLVD Somerville, MA",DAYLIGHT,CLOUDY,WET,TRAFFIC CONGESTION RELATED,TRAFFIC CONTROL SIGNAL,FOUR WAY INTERSECTION,"TWO-WAY, NOT DIVIDED","SIDESWIPE, SAME DIRECTION",COLLISION WITH PARKED MOTOR VEHICLE,ROADSIDE,20,0,0,0,0,0,4,0,0,0,0,0,0,1,42.4074,-71.1303,7,2.50174E+14
22050551,07/09/2022 12:45,Day Shift (8AM - 4PM),"NORTH ST & POWDER HOUSE BLVD Somerville, MA",DAYLIGHT,CLEAR,DRY,NONE,TRAFFIC CONTROL SIGNAL,FOUR WAY INTERSECTION,"TWO-WAY, NOT DIVIDED",SINGLE VEHICLE CRASH,OTHER NON-COLLISION,ROADWAY,25,0,0,0,0,1,1,0,0,0,0,0,0,0,42.4074,-71.1303,7,2.50174E+14
19011860,04/03/2019 09:25,Day Shift (8AM - 4PM),"NORTH ST & POWDER HOUSE BLVD Somerville, MA",DAYLIGHT,SNOW,SNOW,NONE,NO CONTROLS,FOUR WAY INTERSECTION,"TWO-WAY, NOT DIVIDED","SIDESWIPE, SAME DIRECTION",COLLISION WITH MOTOR VEHICLE IN TRAFFIC,ROADWAY,25,0,0,0,0,0,4,0,0,0,0,0,0,0,42.4074,-71.1303,7,2.50174E+14
19053350,16/09/2019 17:50,First Half (4PM - Midnight),"NORTH ST & POWDER HOUSE BLVD Somerville, MA",DAYLIGHT,CLEAR,DRY,NONE,TRAFFIC CONTROL SIGNAL,FOUR WAY INTERSECTION,"TWO-WAY, NOT DIVIDED",HEAD ON,COLLISION WITH MOTOR VEHICLE IN TRAFFIC,ROADWAY,25,0,0,0,0,0,2,1,0,0,0,0,0,0,42.4074,-71.1303,7,2.50174E+14
19040307,16/07/2019 08:24,Day Shift (8AM - 4PM),"257 POWDER HOUSE BLVD Somerville, MA",DAYLIGHT,CLEAR,DRY,NONE,NO CONTROLS,TRAFFIC CIRCLE,"TWO-WAY, NOT DIVIDED",ANGLE,COLLISION WITH MOTOR VEHICLE IN TRAFFIC,ROADWAY,20,0,0,0,0,0,3,0,0,0,0,0,0,0,42.4078,-71.1303,7,2.50174E+14
22044733,11/08/2022 17:20,First Half (4PM - Midnight),"NORTH ST & RAYMOND AV Somerville, MA",DAYLIGHT,CLEAR,DRY,NONE,NO CONTROLS,T-INTERSECTION,"TWO-WAY, NOT DIVIDED",SINGLE VEHICLE CRASH,COLLISION WITH PEDALCYCLE,ROADWAY,25,0,0,0,0,0,2,0,0,1,0,1,0,0,42.4079,-71.1299,7,2.50174E+14
19072427,23/12/2019 10:35,Day Shift (8AM - 4PM),"259 POWDER HOUSE BLVD Somerville, MA",DAYLIGHT,CLEAR,DRY,NONE,NO CONTROLS,NOT AT INTERSECTION,"TWO-WAY, NOT DIVIDED",ANGLE,COLLISION WITH MOTOR VEHICLE IN TRAFFIC,ROADWAY,25,0,0,0,0,0,2,0,0,0,0,0,0,0,42.4078,-71.1303,7,2.50174E+14
21013308,15/03/2021 08:19,Day Shift (8AM - 4PM),"NORTH ST & POWDER HOUSE BLVD Somerville, MA",DAYLIGHT,CLEAR,DRY,NONE,TRAFFIC CONTROL SIGNAL,FOUR WAY INTERSECTION,"TWO-WAY, NOT DIVIDED",ANGLE,COLLISION WITH MOTOR VEHICLE IN TRAFFIC,ROADWAY,25,0,0,0,0,0,5,0,0,0,0,0,0,0,42.4074,-71.1303,7,2.50174E+14
20006980,07/02/2020 00:58,Last Half (Midnight - 8AM),"ALEWIFE BROOK PKWY & POWDER HOUSE BLVD Somerville, MA",DARK - LIGHTED ROADWAY,"SLEET, HAIL, FREEZING RAIN OR DRIZZLE",WET,UNKNOWN,YIELD SIGNS,Y-INTERSECTION,"TWO-WAY, DIVIDED, POSITIVE MEDIAN BARRIER",SINGLE VEHICLE CRASH,COLLISION WITH LIGHT POLE OR OTHER POST/SUPPORT,ROADWAY,30,0,0,0,0,0,2,1,0,0,0,0,0,1,42.408,-71.1307,7,2.50174E+14
19066377,20/11/2019 19:50,First Half (4PM - Midnight),"BROADWAY & WATERHOUSE ST Somerville, MA",DARK - LIGHTED ROADWAY,RAIN,WET,NONE,TRAFFIC CONTROL SIGNAL,T-INTERSECTION,"TWO-WAY, NOT DIVIDED",REAR-END,COLLISION WITH MOTOR VEHICLE IN TRAFFIC,ROADWAY,30,0,0,0,0,1,1,0,0,0,0,0,0,0,42.406,-71.1316,7,2.50174E+14
22020657,17/04/2022 16:08,First Half (4PM - Midnight),"153 ALEWIFE BROOK PKWY Somerville, MA",DAYLIGHT,CLEAR,DRY,NONE,YIELD SIGNS,TRAFFIC CIRCLE,"TWO-WAY, DIVIDED, UNPROTECTED MEDIAN",ANGLE,COLLISION WITH MOTOR VEHICLE IN TRAFFIC,OUTSIDE ROADWAY,35,0,0,0,0,0,2,0,0,0,0,0,0,0,42.4082,-71.1313,7,2.50174E+14
20037368,01/08/2020 11:59,Day Shift (8AM - 4PM),"268 POWDER HOUSE BLVD Somerville, MA",DAYLIGHT,CLEAR,DRY,NONE,NO CONTROLS,NOT AT INTERSECTION,"TWO-WAY, DIVIDED, UNPROTECTED MEDIAN",ANGLE,COLLISION WITH MOTOR VEHICLE IN TRAFFIC,ROADWAY,30,0,0,0,0,0,4,0,0,0,0,0,0,0,42.4074,-71.131,7,2.50174E+14
20022040,28/04/2020 14:26,Day Shift (8AM - 4PM),"139 ALEWIFE BROOK PKWY Somerville, MA",DAYLIGHT,CLEAR,DRY,NONE,NO CONTROLS,NOT AT INTERSECTION,"TWO-WAY, NOT DIVIDED",REAR TO REAR,COLLISION WITH PARKED MOTOR VEHICLE,ROADWAY,5,0,0,0,0,0,1,0,0,0,0,0,0,0,42.4078,-71.1319,7,2.50174E+14
19007867,12/02/2019 15:50,Day Shift (8AM - 4PM),"26 NORTH ST Somerville, MA",DAYLIGHT,SNOW,SNOW,ROAD SURFACE CONDITION,NO CONTROLS,DRIVEWAY,"TWO-WAY, NOT DIVIDED","SIDESWIPE, SAME DIRECTION",COLLISION WITH MOTOR VEHICLE IN TRAFFIC,ROADWAY,25,0,0,0,0,0,4,0,0,0,0,0,0,0,42.407,-71.1306,7,2.50174E+14
22047684,25/08/2022 11:00,Day Shift (8AM - 4PM),"105 ALEWIFE BROOK PKWY Somerville, MA",DAYLIGHT,CLEAR,DRY,NONE,NO CONTROLS,NOT AT INTERSECTION,"TWO-WAY, NOT DIVIDED",SINGLE VEHICLE CRASH,COLLISION WITH PEDALCYCLE,ROADSIDE,25,0,0,0,0,1,2,0,0,1,0,1,0,0,42.4067,-71.1323,7,2.50174E+14
19018576,05/04/2019 02:52,Last Half (Midnight - 8AM),"268 POWDER HOUSE BLVD Somerville, MA",DARK - LIGHTED ROADWAY,CLEAR,DRY,UNKNOWN,UNKNOWN,NOT AT INTERSECTION,"TWO-WAY, NOT DIVIDED",UNKNOWN,COLLISION WITH PARKED MOTOR VEHICLE,UNKNOWN,30,0,0,0,0,0,1,0,0,0,0,0,0,1,42.4074,-71.131,7,2.50174E+14
23034632,21/06/2023 10:13,Day Shift (8AM - 4PM),"105 ALEWIFE BROOK PKWY Somerville, MA",DAYLIGHT,CLEAR,DRY,NONE,WARNING SIGNS,T-INTERSECTION,"TWO-WAY, NOT DIVIDED",HEAD ON,COLLISION WITH MOTOR VEHICLE IN TRAFFIC,ROADWAY,25,0,0,0,1,0,1,0,0,1,0,0,1,0,42.4067,-71.1323,7,2.50174E+14
23062952,30/10/2023 09:26,Day Shift (8AM - 4PM),"2 NORTH ST Somerville, MA",DAYLIGHT,CLOUDY,WET,NONE,NO CONTROLS,NOT AT INTERSECTION,"TWO-WAY, NOT DIVIDED","SIDESWIPE, SAME DIRECTION",COLLISION WITH PARKED MOTOR VEHICLE,ROADWAY,25,0,0,0,0,0,3,0,0,0,0,0,0,0,42.4062,-71.1313,7,2.50174E+14
20039263,12/08/2020 21:14,First Half (4PM - Midnight),"24 NORTH ST Somerville, MA",DARK - LIGHTED ROADWAY,CLEAR,DRY,NONE,NO CONTROLS,NOT AT INTERSECTION,"TWO-WAY, NOT DIVIDED",REAR-END,COLLISION WITH PARKED MOTOR VEHICLE,ROADWAY,20,0,0,0,0,0,2,0,0,0,0,0,0,0,42.4068,-71.1311,7,2.50174E+14
23017674,04/04/2023 12:23,Day Shift (8AM - 4PM),"105 ALEWIFE BROOK PKWY Somerville, MA",DAYLIGHT,CLEAR,DRY,NONE,NO CONTROLS,NOT AT INTERSECTION,"TWO-WAY, DIVIDED, UNPROTECTED MEDIAN",HEAD ON,OTHER,OUTSIDE ROADWAY,25,0,0,0,0,0,2,0,0,0,0,0,0,0,42.4067,-71.1323,7,2.50174E+14
22072117,23/12/2022 17:03,First Half (4PM - Midnight),"105 ALEWIFE BROOK PKWY Somerville, MA",DUSK,CLOUDY,OTHER,NONE,NO CONTROLS,NOT AT INTERSECTION,"TWO-WAY, NOT DIVIDED",ANGLE,COLLISION WITH MOTOR VEHICLE IN TRAFFIC,OUTSIDE ROADWAY,25,0,0,0,0,0,3,0,0,0,0,0,0,0,42.4067,-71.1323,7,2.50174E+14
24005619,31/01/2024 10:40,Day Shift (8AM - 4PM),"105 ALEWIFE BROOK PKWY Somerville, MA",DAYLIGHT,CLOUDY,DRY,NONE,NO CONTROLS,NOT AT INTERSECTION,"TWO-WAY, NOT DIVIDED",ANGLE,COLLISION WITH PARKED MOTOR VEHICLE,OUTSIDE ROADWAY,20,0,0,0,0,0,1,1,0,0,0,0,0,0,42.4067,-71.1323,7,2.50174E+14
22031429,05/06/2022 13:06,Day Shift (8AM - 4PM),"105 ALEWIFE BROOK PKWY Somerville, MA",DAYLIGHT,CLEAR,DRY,NONE,NO CONTROLS,NOT AT INTERSECTION,UNKNOWN,HEAD ON,COLLISION WITH PARKED MOTOR VEHICLE,OUTSIDE ROADWAY,20,0,0,0,0,0,3,0,0,0,0,0,0,0,42.4067,-71.1323,7,2.50174E+14
20048972,10/10/2020 08:45,Day Shift (8AM - 4PM),"105 ALEWIFE BROOK PKWY Somerville, MA",DAYLIGHT,CLEAR,DRY,OTHER,UNKNOWN,NOT AT INTERSECTION,UNKNOWN,ANGLE,COLLISION WITH PARKED MOTOR VEHICLE,UNKNOWN,10,0,0,0,0,0,4,0,0,0,0,0,0,0,42.4067,-71.1323,7,2.50174E+14
18072031,06/12/2018 23:54,First Half (4PM - Midnight),"1170 BROADWAY Somerville, MA",DARK - UNKNOWN ROADWAY LIGHTING,CLEAR,DRY,NONE,NO CONTROLS,NOT AT INTERSECTION,"ONE-WAY, NOT DIVIDED","SIDESWIPE, OPPOSITE DIRECTION",COLLISION WITH PARKED MOTOR VEHICLE,ROADWAY,25,0,0,0,0,0,4,0,0,0,0,0,0,0,42.4034,-71.1281,7,2.50174E+14
21040585,05/08/2021 22:06,First Half (4PM - Midnight),"248 HOLLAND ST Somerville, MA",DARK - LIGHTED ROADWAY,CLEAR,DRY,NONE,TRAFFIC CONTROL SIGNAL,T-INTERSECTION,"TWO-WAY, NOT DIVIDED",ANGLE,COLLISION WITH MOTOR VEHICLE IN TRAFFIC,ROADWAY,25,0,0,0,0,0,5,0,0,0,0,0,0,0,42.4031,-71.1273,7,2.50174E+14
20014213,12/03/2020 08:51,Day Shift (8AM - 4PM),"34 CLARENDON AV Somerville, MA",DAYLIGHT,CLOUDY,DRY,NONE,NO CONTROLS,NOT AT INTERSECTION,"ONE-WAY, NOT DIVIDED",ANGLE,COLLISION WITH MOTOR VEHICLE IN TRAFFIC,ROADWAY,25,0,0,0,0,0,3,0,0,0,0,0,0,0,42.4024,-71.1286,7,2.50174E+14
1800000062,10/07/2018 17:35,First Half (4PM - Midnight),"14 CLARENDON AVE Somerville, MA",DAYLIGHT,CLEAR,DRY,NONE,NO CONTROLS,NOT AT INTERSECTION,"ONE-WAY, NOT DIVIDED",HEAD ON,COLLISION WITH PEDESTRIAN,ROADWAY,25,0,0,0,0,1,1,0,0,1,1,0,0,0,42.4029,-71.128,7,2.50174E+14
21020659,26/04/2021 11:27,Day Shift (8AM - 4PM),"BROADWAY & CLARENDON AV Somerville, MA",DAYLIGHT,CLEAR,DRY,NONE,TRAFFIC CONTROL SIGNAL,T-INTERSECTION,"TWO-WAY, NOT DIVIDED",ANGLE,COLLISION WITH MOTOR VEHICLE IN TRAFFIC,ROADWAY,25,0,0,0,0,0,3,0,0,0,0,0,0,0,42.4034,-71.1276,7,2.50174E+14
21012388,10/03/2021 13:13,Day Shift (8AM - 4PM),"CLARENDON AV & WESTON AV Somerville, MA",DAYLIGHT,CLEAR,DRY,NONE,NO CONTROLS,T-INTERSECTION,"ONE-WAY, NOT DIVIDED",ANGLE,COLLISION WITH PARKED MOTOR VEHICLE,ROADWAY,20,0,0,0,0,0,3,0,0,0,0,0,0,0,42.4027,-71.1285,7,2.50174E+14
22066980,24/11/2022 14:23,Day Shift (8AM - 4PM),"BROADWAY & CLARENDON AV Somerville, MA",DAYLIGHT,CLEAR,DRY,NONE,NO CONTROLS,T-INTERSECTION,"TWO-WAY, NOT DIVIDED",ANGLE,COLLISION WITH MOTOR VEHICLE IN TRAFFIC,ROADWAY,25,0,0,0,0,0,4,0,0,0,0,0,0,0,42.4034,-71.1276,7,2.50174E+14
21023426,11/05/2021 08:42,Day Shift (8AM - 4PM),"248 HOLLAND ST Somerville, MA",DAYLIGHT,CLEAR,DRY,NONE,TRAFFIC CONTROL SIGNAL,Y-INTERSECTION,"TWO-WAY, NOT DIVIDED","SIDESWIPE, SAME DIRECTION",COLLISION WITH MOTOR VEHICLE IN TRAFFIC,ROADWAY,25,0,0,0,0,0,4,0,0,0,0,0,0,0,42.4031,-71.1273,7,2.50174E+14
19065033,13/11/2019 20:27,First Half (4PM - Midnight),"HOLLAND STREET & BROADWAY Somerville, MA",DARK - LIGHTED ROADWAY,CLEAR,DRY,NONE,TRAFFIC CONTROL SIGNAL,Y-INTERSECTION,"TWO-WAY, DIVIDED, UNPROTECTED MEDIAN",SINGLE VEHICLE CRASH,COLLISION WITH LIGHT POLE OR OTHER POST/SUPPORT,MEDIAN,25,0,0,0,0,0,2,0,0,0,0,0,0,1,42.4032,-71.1271,7,2.50174E+14
20003950,23/01/2020 08:04,Day Shift (8AM - 4PM),"BROADWAY & HOLLAND ST Somerville, MA",DAYLIGHT,CLEAR,DRY,NONE,TRAFFIC CONTROL SIGNAL,T-INTERSECTION,"TWO-WAY, NOT DIVIDED",REAR-END,COLLISION WITH MOTOR VEHICLE IN TRAFFIC,ROADWAY,25,0,0,0,0,0,3,0,0,0,0,0,0,0,42.4032,-71.1271,7,2.50174E+14
20058344,02/12/2020 08:34,Day Shift (8AM - 4PM),"248 HOLLAND ST Somerville, MA",DAYLIGHT,CLEAR,DRY,NONE,TRAFFIC CONTROL SIGNAL,NOT AT INTERSECTION,"TWO-WAY, NOT DIVIDED",REAR-END,COLLISION WITH MOTOR VEHICLE IN TRAFFIC,ROADWAY,20,0,0,0,1,0,4,0,0,0,0,0,0,0,42.4031,-71.1273,7,2.50174E+14
23041406,23/07/2023 09:23,Day Shift (8AM - 4PM),"BROADWAY & HOLLAND ST Somerville, MA",DAYLIGHT,CLEAR,DRY,NONE,TRAFFIC CONTROL SIGNAL,Y-INTERSECTION,"TWO-WAY, DIVIDED, UNPROTECTED MEDIAN",HEAD ON,COLLISION WITH MOTOR VEHICLE IN TRAFFIC,ROADWAY,25,0,0,0,0,0,3,0,0,0,0,0,0,0,42.4032,-71.1271,7,2.50174E+14
19025944,11/05/2019 15:50,Day Shift (8AM - 4PM),"BROADWAY & HOLLAND ST Somerville, MA",DAYLIGHT,CLEAR,DRY,NONE,TRAFFIC CONTROL SIGNAL,FOUR WAY INTERSECTION,"TWO-WAY, NOT DIVIDED",HEAD ON,COLLISION WITH MOTOR VEHICLE IN TRAFFIC,ROADWAY,30,0,0,0,0,0,4,0,0,0,0,0,0,0,42.4032,-71.1271,7,2.50174E+14
20062244,26/12/2020 01:09,Last Half (Midnight - 8AM),"78 CLARENDON AV Somerville, MA",DARK - LIGHTED ROADWAY,CLEAR,DRY,NONE,NO CONTROLS,NOT AT INTERSECTION,"ONE-WAY, NOT DIVIDED","SIDESWIPE, SAME DIRECTION",COLLISION WITH PARKED MOTOR VEHICLE,ROADWAY,25,0,0,0,0,0,2,0,0,0,0,0,0,0,42.4013,-71.13,7,2.50174E+14
18034122,08/06/2018 11:43,Day Shift (8AM - 4PM),"236 HOLLAND ST Somerville, MA",DAYLIGHT,CLEAR,DRY,NONE,NO CONTROLS,NOT AT INTERSECTION,"TWO-WAY, NOT DIVIDED","SIDESWIPE, SAME DIRECTION",COLLISION WITH PARKED MOTOR VEHICLE,ROADWAY,25,0,0,0,0,1,1,0,0,0,0,0,0,0,42.4026,-71.1271,7,2.50174E+14
21006344,03/02/2021 13:27,Day Shift (8AM - 4PM),"236 HOLLAND ST Somerville, MA",DAYLIGHT,CLEAR,DRY,NONE,TRAFFIC CONTROL SIGNAL,NOT AT INTERSECTION,"TWO-WAY, NOT DIVIDED","SIDESWIPE, SAME DIRECTION",COLLISION WITH MOTOR VEHICLE IN TRAFFIC,ROADWAY,25,0,0,0,0,0,3,0,0,0,0,0,0,0,42.4026,-71.1271,7,2.50174E+14
23040779,20/07/2023 16:24,First Half (4PM - Midnight),"238 HOLLAND ST Somerville, MA",DAYLIGHT,CLEAR,DRY,NONE,NO CONTROLS,T-INTERSECTION,"TWO-WAY, NOT DIVIDED","SIDESWIPE, SAME DIRECTION",COLLISION WITH PARKED MOTOR VEHICLE,ROADWAY,25,0,0,0,0,0,3,0,0,0,0,0,0,0,42.4027,-71.1272,7,2.50174E+14
19024275,03/05/2019 08:37,Day Shift (8AM - 4PM),"HOLLAND ST & MOORE ST Somerville, MA",DAYLIGHT,CLOUDY,DRY,NONE,STOP SIGNS,T-INTERSECTION,"TWO-WAY, NOT DIVIDED",ANGLE,COLLISION WITH MOTOR VEHICLE IN TRAFFIC,ROADWAY,30,0,0,0,0,0,3,0,0,0,0,0,0,0,42.4024,-71.1268,7,2.50174E+14
23048191,24/08/2023 11:56,Day Shift (8AM - 4PM),"HOLLAND ST & MOORE ST Somerville, MA",DAYLIGHT,CLOUDY,DRY,NONE,NO CONTROLS,T-INTERSECTION,"TWO-WAY, NOT DIVIDED","SIDESWIPE, OPPOSITE DIRECTION",COLLISION WITH PEDALCYCLE,ROADWAY,20,0,0,0,0,1,3,0,0,1,0,1,0,0,42.4024,-71.1268,7,2.50174E+14
24016023,22/03/2024 07:18,Last Half (Midnight - 8AM),"CAMERON AV & GLENDALE AV Somerville, MA",DAYLIGHT,CLOUDY,DRY,NONE,NO CONTROLS,T-INTERSECTION,"TWO-WAY, NOT DIVIDED",ANGLE,COLLISION WITH MOTOR VEHICLE IN TRAFFIC,ROADWAY,25,0,0,0,0,0,2,0,0,0,0,0,0,0,42.3992,-71.1282,7,2.50174E+14
21011759,07/03/2021 09:50,Day Shift (8AM - 4PM),"CAMERON AV & TANNERY BROOK ROW Somerville, MA",DAYLIGHT,CLEAR,DRY,NONE,STOP SIGNS,T-INTERSECTION,"TWO-WAY, NOT DIVIDED",ANGLE,COLLISION WITH MOTOR VEHICLE IN TRAFFIC,ROADWAY,25,0,0,0,0,0,3,0,0,0,0,0,0,0,42.3988,-71.1286,7,2.50174E+14
19001387,08/01/2019 17:24,First Half (4PM - Midnight),"CAMERON AV & HOLLAND ST Somerville, MA",DARK - LIGHTED ROADWAY,RAIN,WET,NONE,NO CONTROLS,T-INTERSECTION,"TWO-WAY, DIVIDED, UNPROTECTED MEDIAN",SINGLE VEHICLE CRASH,COLLISION WITH PEDESTRIAN,ROADWAY,30,0,0,0,0,1,1,0,0,1,1,0,0,0,42.401,-71.1261,7,2.50174E+14
20046986,30/09/2020 08:43,Day Shift (8AM - 4PM),"CAMERON AV & GLENDALE AV Somerville, MA",DAYLIGHT,CLEAR,WET,OTHER,STOP SIGNS,T-INTERSECTION,"ONE-WAY, NOT DIVIDED",ANGLE,COLLISION WITH MOTOR VEHICLE IN TRAFFIC,ROADWAY,20,0,0,0,0,0,3,0,0,0,0,0,0,0,42.3992,-71.1282,7,2.50174E+14
20060670,16/12/2020 15:01,Day Shift (8AM - 4PM),"164 HOLLAND ST Somerville, MA",DAYLIGHT,CLOUDY,DRY,NONE,NO CONTROLS,NOT AT INTERSECTION,"TWO-WAY, NOT DIVIDED",ANGLE,COLLISION WITH MOTOR VEHICLE IN TRAFFIC,ROADWAY,20,0,0,0,0,0,2,0,0,0,0,0,0,0,42.4007,-71.1261,7,2.50174E+14