Crash Number,Date and Time of Crash,Police Shift,Crash Location,Light Conditions,Weather Conditions,Road Surface,Road Contributing Circumstances,Traffic Control Device Type,Roadway Intersection Type,Trafficway Description,Manner of Collision,First Harmful Event,First Harmful Event Location,Speed Limit,Work Zone,Count Fatal Injury ,Count Suspected Serious Injury,Count Suspected Minor Injury ,Count Possible Injury,Count No Apparent Injury,Count Unknown Injury,Count Not Reported Injury,Total Non-Motorists,Pedestrian Involvement (Non-Motorist),Cyclist Involvement (Non-Motorist),Other Non-Motorist Involvement,Hit and Run Flag,Latitude,Longitude,Ward,Block Code 
19007861,12/02/2019 15:11,Day Shift (8AM - 4PM),"GLENDALE AVE & CAMERON AVE Somerville, MA",DAYLIGHT,CLOUDY,SNOW,ROAD SURFACE CONDITION,STOP SIGNS,T-INTERSECTION,"TWO-WAY, NOT DIVIDED",ANGLE,COLLISION WITH MOTOR VEHICLE IN TRAFFIC,ROADWAY,30,0,0,0,0,2,5,0,0,0,0,0,0,0,42.3992,-71.1282,7,2.50174E+14
19005991,02/02/2019 11:04,Day Shift (8AM - 4PM),"CAMERON AV & GLENDALE AV Somerville, MA",DAYLIGHT,CLEAR,DRY,NONE,STOP SIGNS,T-INTERSECTION,"TWO-WAY, NOT DIVIDED",ANGLE,COLLISION WITH MOTOR VEHICLE IN TRAFFIC,ROADWAY,30,0,0,0,0,0,3,0,0,0,0,0,0,0,42.3992,-71.1282,7,2.50174E+14
21055255,20/10/2021 13:24,Day Shift (8AM - 4PM),"9 GORHAM ST Somerville, MA",DAYLIGHT,CLEAR,DRY,NONE,NO CONTROLS,NOT AT INTERSECTION,"ONE-WAY, NOT DIVIDED",ANGLE,COLLISION WITH PARKED MOTOR VEHICLE,ROADSIDE,30,0,0,0,0,0,3,0,0,0,0,0,0,1,42.3996,-71.1258,7,2.50174E+14
21061214,23/11/2021 12:43,Day Shift (8AM - 4PM),"140 HOLLAND ST Somerville, MA",DAYLIGHT,CLEAR,DRY,NONE,NO CONTROLS,NOT AT INTERSECTION,"TWO-WAY, NOT DIVIDED",ANGLE,COLLISION WITH MOTOR VEHICLE IN TRAFFIC,ROADWAY,25,0,0,0,1,0,1,0,0,0,0,0,0,0,42.3999,-71.1256,7,2.50174E+14
22037332,05/07/2022 09:45,Day Shift (8AM - 4PM),"118 HOLLAND ST Somerville, MA",DAYLIGHT,CLOUDY,DRY,NONE,NO CONTROLS,NOT AT INTERSECTION,"TWO-WAY, NOT DIVIDED",SINGLE VEHICLE CRASH,COLLISION WITH LIGHT POLE OR OTHER POST/SUPPORT,ROADWAY,25,1,0,0,0,0,2,0,0,0,0,0,0,0,42.3993,-71.125,7,2.50174E+14
20027590,30/05/2020 13:42,Day Shift (8AM - 4PM),"HOLLAND ST & SIMPSON AV Somerville, MA",DAYLIGHT,CLEAR,DRY,NONE,STOP SIGNS,T-INTERSECTION,"TWO-WAY, NOT DIVIDED",ANGLE,COLLISION WITH MOTOR VEHICLE IN TRAFFIC,ROADWAY,25,0,0,0,0,0,3,0,0,0,0,0,0,0,42.399,-71.1246,7,2.50174E+14
20037094,30/07/2020 19:44,First Half (4PM - Midnight),"HOLLAND ST & SIMPSON AV Somerville, MA",DUSK,CLEAR,DRY,OBSTRUCTION IN ROADWAY,STOP SIGNS,T-INTERSECTION,"TWO-WAY, NOT DIVIDED",ANGLE,COLLISION WITH MOTOR VEHICLE IN TRAFFIC,ROADWAY,20,0,0,0,1,0,2,0,0,0,0,0,0,0,42.399,-71.1246,7,2.50174E+14
19019989,12/04/2019 09:28,Day Shift (8AM - 4PM),"12 JAY ST Somerville, MA",DARK - LIGHTED ROADWAY,CLEAR,DRY,UNKNOWN,NO CONTROLS,NOT AT INTERSECTION,"ONE-WAY, NOT DIVIDED","SIDESWIPE, OPPOSITE DIRECTION",COLLISION WITH PARKED MOTOR VEHICLE,ROADSIDE,30,0,0,0,0,0,6,2,0,0,0,0,0,1,42.3987,-71.1249,7,2.50174E+14
24012244,04/03/2024 10:18,Day Shift (8AM - 4PM),"1 BUENA VISTA RD Somerville, MA",DAYLIGHT,CLEAR,DRY,NONE,NO CONTROLS,NOT AT INTERSECTION,"TWO-WAY, NOT DIVIDED",SINGLE VEHICLE CRASH,COLLISION WITH LIGHT POLE OR OTHER POST/SUPPORT,ROADWAY,20,0,0,0,0,0,1,0,0,0,0,0,0,0,42.3982,-71.124,6,2.50174E+14
23050086,01/09/2023 19:46,First Half (4PM - Midnight),"1 BUENA VISTA RD Somerville, MA",DARK - LIGHTED ROADWAY,CLEAR,DRY,NONE,NO CONTROLS,NOT AT INTERSECTION,"TWO-WAY, NOT DIVIDED",REAR-END,COLLISION WITH MOTOR VEHICLE IN TRAFFIC,ROADWAY,25,0,0,0,0,0,2,0,0,0,0,0,0,0,42.3982,-71.124,6,2.50174E+14
21066245,27/12/2021 11:27,Day Shift (8AM - 4PM),"10 THORNDIKE ST Somerville, MA",DAYLIGHT,CLOUDY,DRY,NONE,NO CONTROLS,NOT AT INTERSECTION,"TWO-WAY, NOT DIVIDED",REAR-END,COLLISION WITH MOTOR VEHICLE IN TRAFFIC,ROADWAY,25,0,0,0,0,0,2,0,0,0,0,0,0,0,42.3982,-71.1244,6,2.50174E+14
23003242,19/01/2023 18:56,First Half (4PM - Midnight),"40 HOLLAND ST Somerville, MA",DARK - LIGHTED ROADWAY,RAIN,WET,NONE,NO CONTROLS,NOT AT INTERSECTION,"TWO-WAY, DIVIDED, UNPROTECTED MEDIAN",SINGLE VEHICLE CRASH,COLLISION WITH PEDESTRIAN,ROADWAY,20,0,0,0,1,0,2,0,0,1,0,0,1,0,42.3974,-71.1237,6,2.50174E+14
21042233,14/08/2021 10:12,Day Shift (8AM - 4PM),"0 BUENA VISTA RD Somerville, MA",DAYLIGHT,CLEAR,DRY,NONE,NO CONTROLS,NOT AT INTERSECTION,"TWO-WAY, NOT DIVIDED",SINGLE VEHICLE CRASH,COLLISION WITH PEDALCYCLE,UNKNOWN,20,0,0,0,0,1,3,0,0,1,0,1,0,0,42.3977,-71.1246,6,2.50174E+14
23049931,01/09/2023 08:39,Day Shift (8AM - 4PM),"20 HOLLAND ST Somerville, MA",DAYLIGHT,CLEAR,DRY,NONE,NO CONTROLS,NOT AT INTERSECTION,"TWO-WAY, NOT DIVIDED",SINGLE VEHICLE CRASH,COLLISION WITH TREE,ROADSIDE,25,0,0,0,0,0,2,0,0,0,0,0,0,0,42.3972,-71.1233,6,2.50174E+14
18034111,08/06/2018 10:36,Day Shift (8AM - 4PM),"40 HOLLAND ST Somerville, MA",OTHER,CLEAR,DRY,NONE,NO CONTROLS,NOT AT INTERSECTION,UNKNOWN,UNKNOWN,COLLISION WITH PARKED MOTOR VEHICLE,ROADWAY,5,0,0,0,0,0,2,0,0,0,0,0,0,0,42.3974,-71.1237,6,2.50174E+14
22005546,04/02/2022 06:36,Last Half (Midnight - 8AM),"20 HOLLAND ST Somerville, MA",DAYLIGHT,RAIN,DRY,NONE,WARNING SIGNS,NOT AT INTERSECTION,"TWO-WAY, NOT DIVIDED",UNKNOWN,COLLISION WITH PEDESTRIAN,UNKNOWN,5,0,0,0,1,0,1,0,0,1,1,0,0,0,42.3972,-71.1233,6,2.50174E+14
22034290,18/06/2022 13:14,Day Shift (8AM - 4PM),"CAMERON AV & SEVEN PINES AV Somerville, MA",DAYLIGHT,CLEAR,DRY,NONE,STOP SIGNS,FOUR WAY INTERSECTION,"TWO-WAY, NOT DIVIDED",ANGLE,COLLISION WITH MOTOR VEHICLE IN TRAFFIC,ROADWAY,25,0,0,0,0,0,3,0,0,0,0,0,0,0,42.3988,-71.1287,7,2.50174E+14
20014825,15/03/2020 20:55,First Half (4PM - Midnight),"CAMERON AVE & SEVEN PINES AVE Somerville, MA",DARK - LIGHTED ROADWAY,CLEAR,DRY,NONE,STOP SIGNS,T-INTERSECTION,"TWO-WAY, NOT DIVIDED",SINGLE VEHICLE CRASH,COLLISION WITH MOTOR VEHICLE IN TRAFFIC,ROADWAY,25,0,0,0,0,1,2,0,0,0,0,0,0,0,42.3988,-71.1287,7,2.50174E+14
22001255,09/01/2022 16:20,First Half (4PM - Midnight),"CAMERON AV & SEVEN PINES AV Somerville, MA",DARK - LIGHTED ROADWAY,RAIN,WET,UNKNOWN,STOP SIGNS,T-INTERSECTION,"TWO-WAY, NOT DIVIDED",SINGLE VEHICLE CRASH,COLLISION WITH MOTOR VEHICLE IN TRAFFIC,ROADWAY,30,0,0,0,0,0,5,0,0,0,0,0,0,0,42.3988,-71.1287,7,2.50174E+14
21062573,02/12/2021 18:00,First Half (4PM - Midnight),"CAMERON AV & SEVEN PINES AV Somerville, MA",DARK - LIGHTED ROADWAY,CLEAR,DRY,NONE,STOP SIGNS,T-INTERSECTION,"TWO-WAY, DIVIDED, UNPROTECTED MEDIAN",ANGLE,COLLISION WITH MOTOR VEHICLE IN TRAFFIC,UNKNOWN,25,0,0,0,0,0,4,0,0,0,0,0,0,0,42.3988,-71.1287,7,2.50174E+14
19063012,03/11/2019 07:26,Last Half (Midnight - 8AM),"115 WILLOW AVE Somerville, MA",DAYLIGHT,CLEAR,DRY,NONE,NO CONTROLS,NOT AT INTERSECTION,"TWO-WAY, NOT DIVIDED",SINGLE VEHICLE CRASH,COLLISION WITH PEDESTRIAN,ROADWAY,25,0,0,0,1,1,1,0,0,2,2,0,0,0,42.395,-71.1159,6,2.50174E+14
24005081,28/01/2024 16:39,First Half (4PM - Midnight),"CUTTER AV & HIGHLAND AV Somerville, MA",DARK - LIGHTED ROADWAY,RAIN,WET,NONE,NO CONTROLS,Y-INTERSECTION,"ONE-WAY, NOT DIVIDED","SIDESWIPE, SAME DIRECTION",COLLISION WITH MOTOR VEHICLE IN TRAFFIC,ROADWAY,25,0,0,0,0,0,2,0,0,0,0,0,0,0,42.3953,-71.1194,6,2.50174E+14
18032354,04/06/2018 00:27,Last Half (Midnight - 8AM),"HIGHLAND AVENUE & CUTTER AVENUE Somerville, MA",DAYLIGHT,CLEAR,DRY,NONE,NO CONTROLS,T-INTERSECTION,"ONE-WAY, NOT DIVIDED","SIDESWIPE, SAME DIRECTION",COLLISION WITH MOTOR VEHICLE IN TRAFFIC,ROADWAY,25,0,0,0,0,0,4,0,0,0,0,0,0,0,42.3953,-71.1194,6,2.50174E+14
23047389,20/08/2023 21:51,First Half (4PM - Midnight),"HIGHLAND AV & WEST ST Somerville, MA",DARK - LIGHTED ROADWAY,CLEAR,DRY,OTHER,STOP SIGNS,T-INTERSECTION,"TWO-WAY, NOT DIVIDED",ANGLE,COLLISION WITH MOTOR VEHICLE IN TRAFFIC,ROADWAY,25,0,0,0,1,0,2,0,0,0,0,0,0,0,42.3949,-71.1186,6,2.50174E+14
22064728,11/11/2022 11:12,Day Shift (8AM - 4PM),"CUTTER AV & HIGHLAND AV Somerville, MA",DAYLIGHT,CLOUDY,DRY,NONE,TRAFFIC CONTROL SIGNAL,T-INTERSECTION,"TWO-WAY, NOT DIVIDED",ANGLE,COLLISION WITH MOTOR VEHICLE IN TRAFFIC,ROADWAY,25,0,0,0,0,0,3,0,0,0,0,0,0,0,42.3953,-71.1194,6,2.50174E+14
21061053,22/11/2021 10:24,Day Shift (8AM - 4PM),"373 HIGHLAND AV Somerville, MA",DAYLIGHT,CLEAR,DRY,NONE,NO CONTROLS,NOT AT INTERSECTION,"TWO-WAY, NOT DIVIDED",SINGLE VEHICLE CRASH,COLLISION WITH PEDESTRIAN,ROADWAY,20,0,0,0,1,0,2,0,0,1,1,0,0,0,42.3955,-71.1186,6,2.50174E+14
20034559,13/07/2020 10:55,Day Shift (8AM - 4PM),"ELLINGTON RD & HIGHLAND AV Somerville, MA",DAYLIGHT,CLEAR,DRY,NONE,TRAFFIC CONTROL SIGNAL,T-INTERSECTION,"ONE-WAY, NOT DIVIDED","SIDESWIPE, SAME DIRECTION",COLLISION WITH MOTOR VEHICLE IN TRAFFIC,ROADWAY,25,0,0,0,0,0,2,0,0,0,0,0,0,0,42.3953,-71.1194,6,2.50174E+14
18059568,06/10/2018 08:29,Day Shift (8AM - 4PM),"389 HIGHLAND AV Somerville, MA",DAYLIGHT,CLEAR,DRY,NONE,TRAFFIC CONTROL SIGNAL,T-INTERSECTION,"ONE-WAY, NOT DIVIDED","SIDESWIPE, SAME DIRECTION",COLLISION WITH MOTOR VEHICLE IN TRAFFIC,ROADWAY,25,0,0,0,0,0,2,0,0,0,0,0,0,0,42.3955,-71.1197,6,2.50174E+14
19017789,01/04/2019 10:38,Day Shift (8AM - 4PM),"HIGHLAND AV & WILLOW AV Somerville, MA",DAYLIGHT,CLEAR,DRY,NONE,TRAFFIC CONTROL SIGNAL,FOUR WAY INTERSECTION,"ONE-WAY, NOT DIVIDED","SIDESWIPE, SAME DIRECTION",COLLISION WITH PEDALCYCLE,ROADWAY,25,0,0,0,0,0,2,0,0,1,0,1,0,0,42.3941,-71.1168,6,2.50174E+14
20008135,12/02/2020 18:26,First Half (4PM - Midnight),"HIGHLAND AV & WILLOW AV Somerville, MA",DARK - LIGHTED ROADWAY,CLEAR,DRY,NONE,TRAFFIC CONTROL SIGNAL,FOUR WAY INTERSECTION,"TWO-WAY, NOT DIVIDED",SINGLE VEHICLE CRASH,COLLISION WITH PEDESTRIAN,ROADWAY,25,0,0,0,0,0,2,0,0,1,1,0,0,0,42.3941,-71.1168,6,2.50174E+14
19013539,12/03/2019 08:09,Day Shift (8AM - 4PM),"HIGHLAND AVE & WILLOW AVE Somerville, MA",DAYLIGHT,CLEAR,DRY,NONE,TRAFFIC CONTROL SIGNAL,NOT AT INTERSECTION,"ONE-WAY, NOT DIVIDED",UNKNOWN,COLLISION WITH MOTOR VEHICLE IN TRAFFIC,ROADWAY,25,0,0,0,0,0,3,0,0,0,0,0,0,0,42.3941,-71.1168,6,2.50174E+14
23032419,11/06/2023 07:40,Last Half (Midnight - 8AM),"HIGHLAND AV & WILLOW AV Somerville, MA",DAYLIGHT,CLEAR,DRY,NONE,TRAFFIC CONTROL SIGNAL,FOUR WAY INTERSECTION,"TWO-WAY, NOT DIVIDED",SINGLE VEHICLE CRASH,COLLISION WITH MOTOR VEHICLE IN TRAFFIC,ROADWAY,20,0,0,0,0,0,4,0,0,0,0,0,0,0,42.3941,-71.1168,6,2.50174E+14
19065377,15/11/2019 11:26,Day Shift (8AM - 4PM),"96 WILLOW AV Somerville, MA",DAYLIGHT,CLEAR,DRY,NONE,NO CONTROLS,NOT AT INTERSECTION,"TWO-WAY, NOT DIVIDED",SINGLE VEHICLE CRASH,COLLISION WITH TREE,ROADWAY,25,0,0,0,0,0,2,0,0,0,0,0,0,0,42.3944,-71.1169,6,2.50174E+14
18057336,25/09/2018 19:19,First Half (4PM - Midnight),"WHIPPLE ST & WILLOW AV Somerville, MA",DARK - LIGHTED ROADWAY,CLEAR,WET,NONE,NO CONTROLS,T-INTERSECTION,"TWO-WAY, NOT DIVIDED",ANGLE,COLLISION WITH MOTOR VEHICLE IN TRAFFIC,ROADWAY,20,0,0,0,0,0,2,0,0,0,0,0,0,0,42.3946,-71.1165,6,2.50174E+14
20009554,20/02/2020 07:45,Last Half (Midnight - 8AM),"HIGHLAND AV & WILLOW AV Somerville, MA",DAYLIGHT,CLEAR,DRY,NONE,TRAFFIC CONTROL SIGNAL,FOUR WAY INTERSECTION,"TWO-WAY, NOT DIVIDED",ANGLE,COLLISION WITH PEDALCYCLE,ROADWAY,25,0,0,0,0,1,1,0,0,1,0,1,0,0,42.3941,-71.1168,6,2.50174E+14
18057917,28/09/2018 00:32,Last Half (Midnight - 8AM),"HIGHLAND AV & WILLOW AV Somerville, MA",DARK - LIGHTED ROADWAY,CLEAR,DRY,NONE,TRAFFIC CONTROL SIGNAL,FOUR WAY INTERSECTION,"TWO-WAY, NOT DIVIDED","SIDESWIPE, SAME DIRECTION",COLLISION WITH MOTOR VEHICLE IN TRAFFIC,ROADWAY,25,0,0,0,0,0,5,0,0,0,0,0,0,1,42.3941,-71.1168,6,2.50174E+14
20039520,14/08/2020 20:22,First Half (4PM - Midnight),"HIGHLAND AV & WILLOW AV Somerville, MA",DARK - ROADWAY NOT LIGHTED,CLEAR,DRY,UNKNOWN,TRAFFIC CONTROL SIGNAL,FOUR WAY INTERSECTION,"TWO-WAY, NOT DIVIDED",SINGLE VEHICLE CRASH,COLLISION WITH PEDALCYCLE,UNKNOWN,25,0,0,0,1,0,3,0,0,1,0,1,0,0,42.3941,-71.1168,6,2.50174E+14
21060580,19/11/2021 05:28,Last Half (Midnight - 8AM),"109 WILLOW AV Somerville, MA",DARK - LIGHTED ROADWAY,CLOUDY,WET,UNKNOWN,NO CONTROLS,NOT AT INTERSECTION,"TWO-WAY, NOT DIVIDED",SINGLE VEHICLE CRASH,COLLISION WITH PARKED MOTOR VEHICLE,SHOULDER - PAVED,25,0,0,0,0,0,3,0,0,0,0,0,0,0,42.3947,-71.1162,6,2.50174E+14
23015472,24/03/2023 23:16,First Half (4PM - Midnight),"101 WILLOW AV Somerville, MA",DUSK,CLEAR,DRY,NONE,NO CONTROLS,NOT AT INTERSECTION,"TWO-WAY, NOT DIVIDED","SIDESWIPE, SAME DIRECTION",COLLISION WITH PARKED MOTOR VEHICLE,ROADWAY,25,0,0,0,0,0,5,0,0,0,0,0,0,1,42.3944,-71.1164,6,2.50174E+14
20009184,18/02/2020 08:25,Day Shift (8AM - 4PM),"324 HIGHLAND AVE Somerville, MA",DAYLIGHT,CLOUDY,DRY,NONE,NO CONTROLS,NOT AT INTERSECTION,"TWO-WAY, NOT DIVIDED","SIDESWIPE, OPPOSITE DIRECTION",COLLISION WITH MOTOR VEHICLE IN TRAFFIC,ROADWAY,25,0,0,0,0,0,3,0,0,0,0,0,0,0,42.3932,-71.1152,6,2.50174E+14
20005900,01/02/2020 21:32,First Half (4PM - Midnight),"1 WINDSOR RD Somerville, MA",DARK - ROADWAY NOT LIGHTED,CLEAR,WET,NONE,NO CONTROLS,T-INTERSECTION,"ONE-WAY, NOT DIVIDED","SIDESWIPE, SAME DIRECTION",COLLISION WITH PARKED MOTOR VEHICLE,ROADWAY,25,0,0,0,0,0,4,0,0,0,0,0,0,0,42.393,-71.1153,6,2.50174E+14
18044327,26/07/2018 10:11,Day Shift (8AM - 4PM),"334 HIGHLAND AV Somerville, MA",DAYLIGHT,CLOUDY,DRY,NONE,STOP SIGNS,T-INTERSECTION,"TWO-WAY, NOT DIVIDED",ANGLE,COLLISION WITH MOTOR VEHICLE IN TRAFFIC,ROADWAY,25,0,0,0,0,1,0,0,0,0,0,0,0,0,42.3936,-71.1161,6,2.50174E+14
18057673,26/09/2018 23:40,First Half (4PM - Midnight),"324 HIGHLAND AV Somerville, MA",DARK - LIGHTED ROADWAY,RAIN,WET,UNKNOWN,STOP SIGNS,T-INTERSECTION,"TWO-WAY, NOT DIVIDED",UNKNOWN,COLLISION WITH MOTOR VEHICLE IN TRAFFIC,ROADWAY,25,0,0,0,0,0,1,1,0,0,0,0,0,1,42.3932,-71.1152,6,2.50174E+14
23018432,07/04/2023 16:15,First Half (4PM - Midnight),"332 HIGHLAND AV Somerville, MA",DAYLIGHT,CLEAR,DRY,NONE,NO CONTROLS,NOT AT INTERSECTION,UNKNOWN,SINGLE VEHICLE CRASH,OTHER,OUTSIDE ROADWAY,20,0,0,0,0,0,3,0,0,2,0,0,2,0,42.3935,-71.116,6,2.50174E+14
20041604,28/08/2020 13:48,Day Shift (8AM - 4PM),"HIGHLAND AV & WHIPPLE ST Somerville, MA",DAYLIGHT,CLEAR,"SAND, MUD, DIRT, OIL, GRAVEL",ROAD SURFACE CONDITION,NO CONTROLS,T-INTERSECTION,"TWO-WAY, NOT DIVIDED",REAR-END,COLLISION WITH MOTOR VEHICLE IN TRAFFIC,ROADWAY,25,0,0,0,0,1,2,0,0,0,0,0,0,0,42.3945,-71.1177,6,2.50174E+14
21066163,26/12/2021 18:53,First Half (4PM - Midnight),"362 HIGHLAND AV Somerville, MA",DARK - LIGHTED ROADWAY,CLEAR,DRY,NONE,NO CONTROLS,NOT AT INTERSECTION,"TWO-WAY, DIVIDED, UNPROTECTED MEDIAN",ANGLE,COLLISION WITH MOTOR VEHICLE IN TRAFFIC,ROADWAY,25,0,0,0,0,1,1,0,0,0,0,0,0,0,42.3944,-71.1179,6,2.50174E+14
19068851,04/12/2019 14:20,Day Shift (8AM - 4PM),"360 HIGHLAND AV Somerville, MA",DAYLIGHT,CLOUDY,WET,NONE,NO CONTROLS,NOT AT INTERSECTION,"TWO-WAY, NOT DIVIDED",REAR-END,COLLISION WITH MOTOR VEHICLE IN TRAFFIC,ROADWAY,25,0,0,0,0,0,4,0,0,0,0,0,0,0,42.3943,-71.1177,6,2.50174E+14
21021463,30/04/2021 15:31,Day Shift (8AM - 4PM),"378 HIGHLAND AV Somerville, MA",DAYLIGHT,CLEAR,DRY,NONE,NO CONTROLS,NOT AT INTERSECTION,"TWO-WAY, NOT DIVIDED","SIDESWIPE, SAME DIRECTION",COLLISION WITH MOTOR VEHICLE IN TRAFFIC,ROADWAY,20,0,0,0,0,0,3,0,0,0,0,0,0,0,42.395,-71.1193,6,2.50174E+14
20036895,29/07/2020 10:18,Day Shift (8AM - 4PM),"351 SUMMER ST Somerville, MA",DAYLIGHT,CLEAR,DRY,NONE,NO CONTROLS,DRIVEWAY,UNKNOWN,SINGLE VEHICLE CRASH,COLLISION WITH UNKNOWN FIXED OBJECT,UNKNOWN,10,0,0,0,0,0,2,0,0,0,0,0,0,0,42.3938,-71.1194,6,2.50174E+14
20042370,02/09/2020 11:38,Day Shift (8AM - 4PM),"187 ELM ST Somerville, MA",DAYLIGHT,RAIN,WET,NONE,NO CONTROLS,NOT AT INTERSECTION,"TWO-WAY, NOT DIVIDED",HEAD ON,COLLISION WITH MOTOR VEHICLE IN TRAFFIC,ROADWAY,25,0,0,0,0,0,3,0,0,0,0,0,0,0,42.3931,-71.1203,6,2.50174E+14
21054187,14/10/2021 20:51,First Half (4PM - Midnight),"ELM ST & RUSSELL ST Somerville, MA",DARK - LIGHTED ROADWAY,CLEAR,DRY,NONE,TRAFFIC CONTROL SIGNAL,T-INTERSECTION,"ONE-WAY, NOT DIVIDED",SINGLE VEHICLE CRASH,COLLISION WITH PEDESTRIAN,UNKNOWN,25,0,0,1,0,0,3,0,0,1,1,0,0,0,42.3938,-71.1209,6,2.50174E+14
19001999,12/01/2019 13:40,Day Shift (8AM - 4PM),"197 ELM ST Somerville, MA",DAYLIGHT,CLEAR,DRY,NONE,NO CONTROLS,NOT AT INTERSECTION,"TWO-WAY, NOT DIVIDED",ANGLE,COLLISION WITH MOTOR VEHICLE IN TRAFFIC,ROADWAY,30,0,0,0,0,2,3,0,0,0,0,0,0,0,42.3935,-71.1204,6,2.50174E+14
18062651,22/10/2018 08:57,Day Shift (8AM - 4PM),"195 ELM ST Somerville, MA",DAYLIGHT,CLEAR,DRY,WORK ZONE,NO CONTROLS,DRIVEWAY,"TWO-WAY, NOT DIVIDED",REAR-END,COLLISION WITH PEDALCYCLE,ROADWAY,25,1,0,0,0,0,3,0,0,1,0,1,0,0,42.3934,-71.1204,6,2.50174E+14
19038668,08/07/2019 16:40,First Half (4PM - Midnight),"187 ELM ST Somerville, MA",DAYLIGHT,CLEAR,DRY,NONE,NO CONTROLS,NOT AT INTERSECTION,"TWO-WAY, NOT DIVIDED","SIDESWIPE, SAME DIRECTION",COLLISION WITH MOTOR VEHICLE IN TRAFFIC,ROADWAY,20,0,0,0,0,0,2,1,0,0,0,0,0,0,42.3931,-71.1203,6,2.50174E+14
19063272,04/11/2019 13:07,Day Shift (8AM - 4PM),"ELM ST & RUSSELL ST Somerville, MA",DAYLIGHT,CLEAR,DRY,NONE,TRAFFIC CONTROL SIGNAL,FOUR WAY INTERSECTION,"ONE-WAY, NOT DIVIDED","SIDESWIPE, SAME DIRECTION",COLLISION WITH PEDALCYCLE,ROADWAY,25,0,0,0,1,0,2,0,0,1,0,1,0,0,42.3938,-71.1209,6,2.50174E+14
22043466,05/08/2022 15:20,Day Shift (8AM - 4PM),"197 ELM ST Somerville, MA",DAYLIGHT,CLEAR,DRY,NONE,NO CONTROLS,NOT AT INTERSECTION,"TWO-WAY, NOT DIVIDED",REAR-END,COLLISION WITH MOTOR VEHICLE IN TRAFFIC,UNKNOWN,25,0,0,0,0,1,2,0,0,0,0,0,0,0,42.3935,-71.1204,6,2.50174E+14
20008527,14/02/2020 11:39,Day Shift (8AM - 4PM),"201 ELM ST Somerville, MA",DAYLIGHT,CLEAR,DRY,NONE,TRAFFIC CONTROL SIGNAL,FOUR WAY INTERSECTION,"ONE-WAY, NOT DIVIDED",HEAD ON,COLLISION WITH MOTOR VEHICLE IN TRAFFIC,ROADWAY,25,0,0,0,0,0,2,0,0,0,0,0,0,0,42.3938,-71.1205,6,2.50174E+14
19001203,07/01/2019 18:24,First Half (4PM - Midnight),"RUSSEL ST & ELM ST Somerville, MA",DARK - LIGHTED ROADWAY,CLEAR,DRY,NONE,TRAFFIC CONTROL SIGNAL,FOUR WAY INTERSECTION,"TWO-WAY, NOT DIVIDED",ANGLE,COLLISION WITH LIGHT POLE OR OTHER POST/SUPPORT,ROADSIDE,20,0,0,0,0,0,1,0,0,0,0,0,0,0,42.3938,-71.1209,6,2.50174E+14
22046181,18/08/2022 19:00,First Half (4PM - Midnight),"201 ELM ST Somerville, MA",DAYLIGHT,CLEAR,DRY,NONE,TRAFFIC CONTROL SIGNAL,FOUR WAY INTERSECTION,"TWO-WAY, NOT DIVIDED",SINGLE VEHICLE CRASH,OTHER,OUTSIDE ROADWAY,25,0,0,0,0,0,2,0,0,0,0,0,0,0,42.3938,-71.1205,6,2.50174E+14
20048214,06/10/2020 18:00,First Half (4PM - Midnight),"195 ELM ST Somerville, MA",DUSK,CLEAR,DRY,NONE,NO CONTROLS,NOT AT INTERSECTION,"TWO-WAY, DIVIDED, UNPROTECTED MEDIAN",SINGLE VEHICLE CRASH,COLLISION WITH PEDALCYCLE,ROADWAY,25,0,0,0,1,0,1,0,0,1,0,1,0,0,42.3934,-71.1204,6,2.50174E+14
22022933,28/04/2022 07:16,Last Half (Midnight - 8AM),"ELM ST & CUTTER AVE Somerville, MA",DAYLIGHT,CLEAR,DRY,NONE,TRAFFIC CONTROL SIGNAL,FOUR WAY INTERSECTION,"TWO-WAY, NOT DIVIDED","SIDESWIPE, SAME DIRECTION",COLLISION WITH MOTOR VEHICLE IN TRAFFIC,ROADWAY,25,0,0,0,0,0,3,0,0,0,0,0,0,0,42.3938,-71.1209,6,2.50174E+14
23062560,28/10/2023 11:42,Day Shift (8AM - 4PM),"ELM ST & WINDOM ST Somerville, MA",DAYLIGHT,CLEAR,DRY,NONE,NO CONTROLS,NOT AT INTERSECTION,"TWO-WAY, NOT DIVIDED","SIDESWIPE, SAME DIRECTION",COLLISION WITH PEDALCYCLE,ROADWAY,25,0,0,0,1,0,2,0,0,1,0,1,0,0,42.3928,-71.1203,6,2.50174E+14