Crash Number,Date and Time of Crash,Police Shift,Crash Location,Light Conditions,Weather Conditions,Road Surface,Road Contributing Circumstances,Traffic Control Device Type,Roadway Intersection Type,Trafficway Description,Manner of Collision,First Harmful Event,First Harmful Event Location,Speed Limit,Work Zone,Count Fatal Injury ,Count Suspected Serious Injury,Count Suspected Minor Injury ,Count Possible Injury,Count No Apparent Injury,Count Unknown Injury,Count Not Reported Injury,Total Non-Motorists,Pedestrian Involvement (Non-Motorist),Cyclist Involvement (Non-Motorist),Other Non-Motorist Involvement,Hit and Run Flag,Latitude,Longitude,Ward,Block Code 
18062204,19/10/2018 18:32,First Half (4PM - Midnight),"201 ELM ST Somerville, MA",DARK - LIGHTED ROADWAY,CLEAR,DRY,NONE,TRAFFIC CONTROL SIGNAL,NOT AT INTERSECTION,"TWO-WAY, NOT DIVIDED","SIDESWIPE, SAME DIRECTION",COLLISION WITH PEDALCYCLE,ROADWAY,25,0,0,0,1,0,4,0,0,1,0,0,1,0,42.3938,-71.1205,6,2.50174E+14
20026720,25/05/2020 18:34,First Half (4PM - Midnight),"201 ELM ST Somerville, MA",DAYLIGHT,CLEAR,DRY,NONE,NO CONTROLS,NOT AT INTERSECTION,"TWO-WAY, NOT DIVIDED","SIDESWIPE, SAME DIRECTION",COLLISION WITH MOTOR VEHICLE IN TRAFFIC,ROADWAY,25,0,0,0,0,0,2,0,0,0,0,0,0,0,42.3938,-71.1205,6,2.50174E+14
19021128,18/04/2019 01:20,Last Half (Midnight - 8AM),"332 SUMMER ST Somerville, MA",DARK - LIGHTED ROADWAY,CLEAR,DRY,NONE,NO CONTROLS,NOT AT INTERSECTION,"ONE-WAY, NOT DIVIDED","SIDESWIPE, SAME DIRECTION",COLLISION WITH PARKED MOTOR VEHICLE,ROADWAY,25,0,0,0,0,0,1,0,0,0,0,0,0,0,42.393,-71.1183,6,2.50174E+14
19053674,18/09/2019 09:46,Day Shift (8AM - 4PM),"SUMMER ST & WILLOW AV Somerville, MA",DAYLIGHT,CLEAR,DRY,NONE,TRAFFIC CONTROL SIGNAL,T-INTERSECTION,"ONE-WAY, NOT DIVIDED","SIDESWIPE, SAME DIRECTION",COLLISION WITH MOTOR VEHICLE IN TRAFFIC,ROADWAY,20,0,0,0,0,0,3,0,0,0,0,0,0,0,42.3929,-71.1177,6,2.50174E+14
22005496,03/02/2022 21:43,First Half (4PM - Midnight),"330 SUMMER ST Somerville, MA",DARK - LIGHTED ROADWAY,CLEAR,OTHER,NONE,NO CONTROLS,NOT AT INTERSECTION,"ONE-WAY, NOT DIVIDED",REAR-END,COLLISION WITH PARKED MOTOR VEHICLE,OUTSIDE ROADWAY,25,0,0,0,0,0,3,0,0,0,0,0,0,0,42.3929,-71.1182,6,2.50174E+14
20048399,07/10/2020 13:55,Day Shift (8AM - 4PM),"ELM ST & WILLOW AV Somerville, MA",DAYLIGHT,CLOUDY,DRY,NONE,UNKNOWN,T-INTERSECTION,"TWO-WAY, NOT DIVIDED",UNKNOWN,COLLISION WITH MOTOR VEHICLE IN TRAFFIC,ROADWAY,25,0,0,0,0,0,2,0,0,0,0,0,0,0,42.3913,-71.1188,6,2.50174E+14
23045572,12/08/2023 08:42,Day Shift (8AM - 4PM),"145 ELM ST Somerville, MA",DAYLIGHT,CLEAR,DRY,NONE,NO CONTROLS,FOUR WAY INTERSECTION,"ONE-WAY, NOT DIVIDED",HEAD ON,OTHER,ROADWAY,20,0,0,0,0,1,1,0,0,1,0,1,0,0,42.3913,-71.1185,6,2.50174E+14
19007854,12/02/2019 14:41,Day Shift (8AM - 4PM),"318 SUMMER ST Somerville, MA",DAYLIGHT,SNOW,SNOW,ROAD SURFACE CONDITION,TRAFFIC CONTROL SIGNAL,FOUR WAY INTERSECTION,"TWO-WAY, NOT DIVIDED",ANGLE,COLLISION WITH MOTOR VEHICLE IN TRAFFIC,ROADWAY,25,0,0,0,0,0,2,0,0,0,0,0,0,0,42.3926,-71.1174,6,2.50174E+14
20051571,24/10/2020 13:46,Day Shift (8AM - 4PM),"22 BANKS ST Somerville, MA",DAYLIGHT,CLOUDY,DRY,NONE,NO CONTROLS,NOT AT INTERSECTION,"ONE-WAY, NOT DIVIDED","SIDESWIPE, SAME DIRECTION",COLLISION WITH MOTOR VEHICLE IN TRAFFIC,ROADWAY,20,0,0,0,0,0,3,0,0,0,0,0,0,0,42.3916,-71.1179,6,2.50174E+14
23051453,08/09/2023 06:58,Last Half (Midnight - 8AM),"ELM ST & WILLOW AV Somerville, MA",DAYLIGHT,CLEAR,DRY,NONE,NO CONTROLS,T-INTERSECTION,"TWO-WAY, DIVIDED, UNPROTECTED MEDIAN",ANGLE,COLLISION WITH MOTOR VEHICLE IN TRAFFIC,ROADWAY,20,0,0,0,0,0,3,0,0,0,0,0,0,0,42.3913,-71.1188,6,2.50174E+14
21034373,06/07/2021 17:38,First Half (4PM - Midnight),"HANCOCK ST & SUMMER ST Somerville, MA",DAYLIGHT,RAIN,WET,NONE,NO CONTROLS,FOUR WAY INTERSECTION,"TWO-WAY, NOT DIVIDED",SINGLE VEHICLE CRASH,COLLISION WITH PEDALCYCLE,ROADWAY,25,0,0,0,1,0,1,0,0,1,0,1,0,0,42.3918,-71.1157,6,2.50174E+14
21029267,10/06/2021 12:12,Day Shift (8AM - 4PM),"303 SUMMER ST Somerville, MA",DAYLIGHT,CLEAR,DRY,NONE,NO CONTROLS,NOT AT INTERSECTION,"TWO-WAY, NOT DIVIDED",ANGLE,COLLISION WITH PARKED MOTOR VEHICLE,ROADWAY,25,0,0,0,2,0,2,0,0,0,0,0,0,0,42.3924,-71.1164,6,2.50174E+14
23049994,01/09/2023 11:56,Day Shift (8AM - 4PM),"307 SUMMER ST Somerville, MA",DAYLIGHT,CLEAR,DRY,NONE,NO CONTROLS,NOT AT INTERSECTION,"TWO-WAY, NOT DIVIDED",ANGLE,COLLISION WITH MOTOR VEHICLE IN TRAFFIC,ROADWAY,25,0,0,0,0,2,2,0,0,0,0,0,0,0,42.3925,-71.1167,6,2.50174E+14
19065587,16/11/2019 11:57,Day Shift (8AM - 4PM),"BURNSIDE AV & SUMMER ST Somerville, MA",DAYLIGHT,CLEAR,DRY,NONE,NO CONTROLS,T-INTERSECTION,"TWO-WAY, NOT DIVIDED",HEAD ON,COLLISION WITH MOTOR VEHICLE IN TRAFFIC,ROADWAY,25,0,0,0,0,0,2,0,0,0,0,0,0,0,42.3922,-71.1163,6,2.50174E+14
23074956,29/12/2023 21:33,First Half (4PM - Midnight),"BANKS ST & ELM ST Somerville, MA",DARK - LIGHTED ROADWAY,CLEAR,DRY,NONE,NO CONTROLS,T-INTERSECTION,"TWO-WAY, DIVIDED, UNPROTECTED MEDIAN",SINGLE VEHICLE CRASH,COLLISION WITH PARKED MOTOR VEHICLE,ROADWAY,25,0,0,0,0,2,1,0,0,0,0,0,0,0,42.3909,-71.1183,6,2.50174E+14
22027077,16/05/2022 08:04,Day Shift (8AM - 4PM),"BANKS ST & ELM ST Somerville, MA",DAYLIGHT,CLEAR,DRY,NONE,NO CONTROLS,FOUR WAY INTERSECTION,"TWO-WAY, NOT DIVIDED","SIDESWIPE, SAME DIRECTION",COLLISION WITH MOTOR VEHICLE IN TRAFFIC,ROADWAY,25,0,0,0,0,0,2,0,0,0,0,0,0,0,42.3909,-71.1183,6,2.50174E+14
20029888,13/06/2020 16:38,First Half (4PM - Midnight),"DAVENPORT & ELM Somerville, MA",DAYLIGHT,CLEAR,DRY,NONE,NO CONTROLS,T-INTERSECTION,"TWO-WAY, NOT DIVIDED","SIDESWIPE, SAME DIRECTION",OTHER,ROADWAY,20,0,0,0,0,0,2,0,0,0,0,0,0,0,42.3906,-71.1179,6,2.50174E+14
19053085,15/09/2019 12:54,Day Shift (8AM - 4PM),"117 ELM ST Somerville, MA",DAYLIGHT,CLEAR,DRY,NONE,NO CONTROLS,NOT AT INTERSECTION,"TWO-WAY, DIVIDED, UNPROTECTED MEDIAN","SIDESWIPE, SAME DIRECTION",COLLISION WITH PEDALCYCLE,ROADWAY,25,0,0,0,1,0,0,1,0,1,0,1,0,1,42.3903,-71.1174,6,2.50174E+14
19062962,02/11/2019 20:29,First Half (4PM - Midnight),"BURNSIDE AV & ELM ST Somerville, MA",DARK - LIGHTED ROADWAY,CLEAR,DRY,NONE,STOP SIGNS,T-INTERSECTION,"TWO-WAY, NOT DIVIDED",ANGLE,COLLISION WITH MOTOR VEHICLE IN TRAFFIC,ROADWAY,30,0,0,0,0,0,3,0,0,0,0,0,0,0,42.3902,-71.1176,6,2.50174E+14
20062904,30/12/2020 18:43,First Half (4PM - Midnight),"BURNSIDE AV & ELM ST Somerville, MA",DARK - LIGHTED ROADWAY,CLEAR,DRY,NONE,STOP SIGNS,T-INTERSECTION,"TWO-WAY, DIVIDED, UNPROTECTED MEDIAN",ANGLE,COLLISION WITH MOTOR VEHICLE IN TRAFFIC,ROADWAY,25,0,0,0,0,0,2,0,0,0,0,0,0,0,42.3902,-71.1176,6,2.50174E+14
19052783,13/09/2019 19:47,First Half (4PM - Midnight),"BURNSIDE AV & ELM ST Somerville, MA",DARK - LIGHTED ROADWAY,CLEAR,DRY,NONE,NO CONTROLS,T-INTERSECTION,"TWO-WAY, DIVIDED, UNPROTECTED MEDIAN",UNKNOWN,COLLISION WITH MOTOR VEHICLE IN TRAFFIC,ROADWAY,25,0,0,0,0,1,0,0,0,1,0,1,0,1,42.3902,-71.1176,6,2.50174E+14
19026471,14/05/2019 15:13,Day Shift (8AM - 4PM),"403 HIGHLAND AV Somerville, MA",DAYLIGHT,CLOUDY,DRY,NONE,NO CONTROLS,NOT AT INTERSECTION,"ONE-WAY, NOT DIVIDED",SINGLE VEHICLE CRASH,COLLISION WITH PEDESTRIAN,ROADWAY,25,0,0,0,1,0,1,0,0,1,1,0,0,1,42.3962,-71.1209,6,2.50174E+14
19052766,13/09/2019 17:38,First Half (4PM - Midnight),"GROVE ST & HIGHLAND AV Somerville, MA",DAYLIGHT,CLEAR,DRY,NONE,YIELD SIGNS,FOUR WAY INTERSECTION,"TWO-WAY, DIVIDED, UNPROTECTED MEDIAN",SINGLE VEHICLE CRASH,COLLISION WITH PEDESTRIAN,ROADWAY,20,0,0,0,1,0,1,0,0,1,1,0,0,0,42.3957,-71.1205,6,2.50174E+14
22061914,28/10/2022 19:39,First Half (4PM - Midnight),"GROVE ST & HIGHLAND AV Somerville, MA",DARK - LIGHTED ROADWAY,CLEAR,DRY,NONE,NO CONTROLS,T-INTERSECTION,"ONE-WAY, NOT DIVIDED",ANGLE,COLLISION WITH MOTOR VEHICLE IN TRAFFIC,ROADWAY,25,0,0,0,0,0,3,0,0,0,0,0,0,0,42.3957,-71.1205,6,2.50174E+14
22058517,12/10/2022 13:10,Day Shift (8AM - 4PM),"421 HIGHLAND AVE Somerville, MA",DAYLIGHT,CLEAR,DRY,NONE,TRAFFIC CONTROL SIGNAL,NOT AT INTERSECTION,"ONE-WAY, NOT DIVIDED",UNKNOWN,OTHER,UNKNOWN,25,1,0,0,0,0,2,0,0,0,0,0,0,0,42.3965,-71.1218,6,2.50174E+14
20016800,28/03/2020 10:01,Day Shift (8AM - 4PM),"COLLEGE AV & HIGHLAND AV Somerville, MA",DAYLIGHT,CLEAR,DRY,NONE,TRAFFIC CONTROL SIGNAL,T-INTERSECTION,"TWO-WAY, NOT DIVIDED",ANGLE,COLLISION WITH OTHER MOVABLE OBJECT,ROADWAY,20,0,0,0,0,0,3,0,0,1,0,1,0,0,42.3965,-71.1223,6,2.50174E+14
19005022,28/01/2019 00:48,Last Half (Midnight - 8AM),"399 HIGHLAND AV Somerville, MA",DARK - LIGHTED ROADWAY,CLEAR,DRY,NONE,STOP SIGNS,UNKNOWN,UNKNOWN,"SIDESWIPE, SAME DIRECTION",COLLISION WITH MOTOR VEHICLE IN TRAFFIC,UNKNOWN,25,0,0,0,2,0,2,0,0,0,0,0,0,0,42.3959,-71.1205,6,2.50174E+14
21063134,06/12/2021 10:56,Day Shift (8AM - 4PM),"403 HIGHLAND AV Somerville, MA",DAYLIGHT,CLEAR,WET,NONE,NO CONTROLS,NOT AT INTERSECTION,"TWO-WAY, NOT DIVIDED","SIDESWIPE, SAME DIRECTION",COLLISION WITH MOTOR VEHICLE IN TRAFFIC,ROADWAY,20,0,0,0,0,0,4,0,0,0,0,0,0,0,42.3962,-71.1209,6,2.50174E+14
20005783,01/02/2020 09:42,Day Shift (8AM - 4PM),"GROVE ST & HIGHLAND AV Somerville, MA",DAYLIGHT,CLOUDY,DRY,NONE,NO CONTROLS,FOUR WAY INTERSECTION,"ONE-WAY, NOT DIVIDED","SIDESWIPE, SAME DIRECTION",COLLISION WITH MOTOR VEHICLE IN TRAFFIC,ROADWAY,25,0,0,0,0,3,3,1,0,0,0,0,0,0,42.3957,-71.1205,6,2.50174E+14
22043223,04/08/2022 15:05,Day Shift (8AM - 4PM),"COLLEGE AV & HIGHLAND AV Somerville, MA",DAWN,CLEAR,DRY,NONE,TRAFFIC CONTROL SIGNAL,FIVE-POINT OR MORE,UNKNOWN,ANGLE,COLLISION WITH MOTOR VEHICLE IN TRAFFIC,ROADWAY,25,0,0,0,0,0,4,0,0,0,0,0,0,0,42.3965,-71.1223,6,2.50174E+14
22001239,09/01/2022 13:02,Day Shift (8AM - 4PM),"403 HIGHLAND AV Somerville, MA",DARK - LIGHTED ROADWAY,CLEAR,DRY,NONE,NO CONTROLS,NOT AT INTERSECTION,"ONE-WAY, NOT DIVIDED","SIDESWIPE, SAME DIRECTION",COLLISION WITH MOTOR VEHICLE IN TRAFFIC,ROADWAY,25,0,0,0,0,0,4,0,0,0,0,0,0,0,42.3962,-71.1209,6,2.50174E+14
19013336,11/03/2019 09:46,Day Shift (8AM - 4PM),"GROVE ST & HIGHLAND AV Somerville, MA",DAYLIGHT,CLEAR,SNOW,NONE,STOP SIGNS,T-INTERSECTION,"TWO-WAY, NOT DIVIDED","SIDESWIPE, SAME DIRECTION",COLLISION WITH LIGHT POLE OR OTHER POST/SUPPORT,ROADWAY,20,0,0,0,0,0,2,0,0,0,0,0,0,0,42.3957,-71.1205,6,2.50174E+14
22006577,09/02/2022 21:39,First Half (4PM - Midnight),"HIGHLAND AVE. & GROVE ST. Somerville, MA",DARK - LIGHTED ROADWAY,CLEAR,DRY,NONE,NO CONTROLS,NOT AT INTERSECTION,"ONE-WAY, NOT DIVIDED",ANGLE,COLLISION WITH MOTOR VEHICLE IN TRAFFIC,ROADWAY,20,0,0,0,0,0,2,0,0,0,0,0,0,1,42.3957,-71.1205,6,2.50174E+14
20041163,25/08/2020 17:51,First Half (4PM - Midnight),"421 HIGHLAND AVE Somerville, MA",DAYLIGHT,CLEAR,DRY,NONE,NO CONTROLS,NOT AT INTERSECTION,"ONE-WAY, NOT DIVIDED",REAR-END,COLLISION WITH MOTOR VEHICLE IN TRAFFIC,ROADWAY,25,0,0,0,0,1,4,0,0,0,0,0,0,0,42.3965,-71.1218,6,2.50174E+14
23026716,15/05/2023 14:43,Day Shift (8AM - 4PM),"421 HIGHLAND AVE Somerville, MA",DAYLIGHT,CLOUDY,DRY,NONE,TRAFFIC CONTROL SIGNAL,T-INTERSECTION,"ONE-WAY, NOT DIVIDED","SIDESWIPE, SAME DIRECTION",COLLISION WITH MOTOR VEHICLE IN TRAFFIC,ROADWAY,25,0,0,0,0,0,3,0,0,0,0,0,0,0,42.3965,-71.1218,6,2.50174E+14
23001130,07/01/2023 19:45,First Half (4PM - Midnight),"GROVE ST & HIGHLAND AV Somerville, MA",DARK - LIGHTED ROADWAY,CLEAR,DRY,NONE,STOP SIGNS,T-INTERSECTION,"TWO-WAY, DIVIDED, UNPROTECTED MEDIAN",ANGLE,COLLISION WITH MOTOR VEHICLE IN TRAFFIC,ROADWAY,20,0,0,0,0,0,6,0,0,0,0,0,0,0,42.3957,-71.1205,6,2.50174E+14
22020098,14/04/2022 16:32,First Half (4PM - Midnight),"417 HIGHLAND AV Somerville, MA",DAYLIGHT,CLEAR,DRY,NONE,NO CONTROLS,NOT AT INTERSECTION,"ONE-WAY, NOT DIVIDED",ANGLE,COLLISION WITH MOTOR VEHICLE IN TRAFFIC,ROADWAY,25,0,0,0,0,0,3,0,0,0,0,0,0,0,42.3965,-71.1218,6,2.50174E+14
22024841,06/05/2022 15:25,Day Shift (8AM - 4PM),"415 HIGHLAND AV Somerville, MA",DAYLIGHT,CLEAR,DRY,TRAFFIC CONGESTION RELATED,NO CONTROLS,NOT AT INTERSECTION,"ONE-WAY, NOT DIVIDED",SINGLE VEHICLE CRASH,COLLISION WITH PEDALCYCLE,ROADWAY,25,0,0,0,1,0,1,0,0,1,0,1,0,0,42.3965,-71.1218,6,2.50174E+14
19006750,06/02/2019 16:04,First Half (4PM - Midnight),"GROVE ST & HIGHLAND AV Somerville, MA",DAYLIGHT,CLOUDY,DRY,NONE,NO CONTROLS,FOUR WAY INTERSECTION,"TWO-WAY, NOT DIVIDED",ANGLE,COLLISION WITH PEDALCYCLE,ROADWAY,30,0,0,0,1,0,1,0,0,1,0,1,0,0,42.3957,-71.1205,6,2.50174E+14
22011620,06/03/2022 08:13,Day Shift (8AM - 4PM),"GROVE ST & HIGHLAND AV Somerville, MA",DAYLIGHT,CLOUDY,WET,UNKNOWN,NO CONTROLS,NOT AT INTERSECTION,"ONE-WAY, NOT DIVIDED",HEAD ON,COLLISION WITH PEDESTRIAN,ROADWAY,20,0,0,0,0,1,3,0,0,1,1,0,0,1,42.3957,-71.1205,6,2.50174E+14
23072903,19/12/2023 09:23,Day Shift (8AM - 4PM),"COLLEGE AV & HIGHLAND AV Somerville, MA",DAYLIGHT,CLEAR,DRY,NONE,TRAFFIC CONTROL SIGNAL,FOUR WAY INTERSECTION,"TWO-WAY, NOT DIVIDED",ANGLE,COLLISION WITH MOTOR VEHICLE IN TRAFFIC,ROADWAY,25,0,0,0,0,0,4,0,0,0,0,0,0,0,42.3965,-71.1223,6,2.50174E+14
22056588,04/10/2022 00:34,Last Half (Midnight - 8AM),"239 ELM ST Somerville, MA",DARK - LIGHTED ROADWAY,CLEAR,DRY,NONE,NO CONTROLS,NOT AT INTERSECTION,"ONE-WAY, NOT DIVIDED","SIDESWIPE, SAME DIRECTION",COLLISION WITH PARKED MOTOR VEHICLE,ROADWAY,25,0,0,0,0,0,3,0,0,0,0,0,0,0,42.3953,-71.1216,6,2.50174E+14
24006890,06/02/2024 19:22,First Half (4PM - Midnight),"255 ELM ST Somerville, MA",DARK - LIGHTED ROADWAY,CLEAR,DRY,NONE,TRAFFIC CONTROL SIGNAL,T-INTERSECTION,"ONE-WAY, NOT DIVIDED",ANGLE,COLLISION WITH PARKED MOTOR VEHICLE,ROADWAY,20,0,0,0,0,0,2,0,0,0,0,0,0,0,42.3957,-71.1216,6,2.50174E+14
19038856,09/07/2019 13:56,Day Shift (8AM - 4PM),"416 HIGHLAND AV Somerville, MA",DAYLIGHT,CLEAR,DRY,NONE,NO CONTROLS,NOT AT INTERSECTION,"ONE-WAY, NOT DIVIDED",REAR-END,COLLISION WITH PEDESTRIAN,ROADWAY,20,0,0,0,1,0,2,0,0,0,0,0,0,0,42.396,-71.1216,6,2.50174E+14
21016631,02/04/2021 16:47,First Half (4PM - Midnight),"408 HIGHLAND AV Somerville, MA",DAYLIGHT,CLOUDY,DRY,NONE,NO CONTROLS,NOT AT INTERSECTION,"ONE-WAY, NOT DIVIDED","SIDESWIPE, SAME DIRECTION",COLLISION WITH MOTOR VEHICLE IN TRAFFIC,ROADWAY,25,0,0,0,0,0,3,0,0,0,0,0,0,0,42.3959,-71.1213,6,2.50174E+14
19046034,12/08/2019 14:20,Day Shift (8AM - 4PM),"CHESTER ST & ELM ST Somerville, MA",DAYLIGHT,CLEAR,DRY,NONE,NO CONTROLS,T-INTERSECTION,"ONE-WAY, NOT DIVIDED",ANGLE,COLLISION WITH MOTOR VEHICLE IN TRAFFIC,ROADWAY,25,0,0,0,0,1,2,0,0,0,0,0,0,0,42.3954,-71.1219,6,2.50174E+14
19005900,01/02/2019 20:30,First Half (4PM - Midnight),"406 HIGHLAND AV Somerville, MA",DARK - LIGHTED ROADWAY,CLEAR,DRY,NONE,STOP SIGNS,NOT AT INTERSECTION,"ONE-WAY, NOT DIVIDED",REAR-END,COLLISION WITH MOTOR VEHICLE IN TRAFFIC,ROADWAY,20,0,0,0,0,1,1,0,0,0,0,0,0,0,42.3959,-71.1213,6,2.50174E+14
22030246,31/05/2022 07:51,Last Half (Midnight - 8AM),"406 HIGHLAND AV Somerville, MA",DAYLIGHT,CLEAR,DRY,NONE,NO CONTROLS,NOT AT INTERSECTION,"ONE-WAY, NOT DIVIDED",ANGLE,COLLISION WITH MOTOR VEHICLE IN TRAFFIC,ROADWAY,25,0,0,0,0,0,4,0,0,0,0,0,0,0,42.3959,-71.1213,6,2.50174E+14
20053095,01/11/2020 21:00,First Half (4PM - Midnight),"233A ELM ST Somerville, MA",DARK - UNKNOWN ROADWAY LIGHTING,CLOUDY,WET,NONE,STOP SIGNS,T-INTERSECTION,"TWO-WAY, DIVIDED, UNPROTECTED MEDIAN",ANGLE,COLLISION WITH PEDALCYCLE,ROADWAY,25,0,0,0,0,0,1,0,0,1,0,1,0,1,42.3951,-71.1214,6,2.50174E+14
22025873,11/05/2022 09:11,Day Shift (8AM - 4PM),"30 DAVIS SQ Somerville, MA",DAYLIGHT,CLOUDY,DRY,NONE,NO CONTROLS,NOT AT INTERSECTION,"TWO-WAY, NOT DIVIDED","SIDESWIPE, SAME DIRECTION",COLLISION WITH PARKED MOTOR VEHICLE,ROADWAY,20,0,0,0,0,0,3,1,0,0,0,0,0,0,42.3962,-71.1222,6,2.50174E+14
19058999,14/10/2019 12:40,Day Shift (8AM - 4PM),"30 DAVIS SQ Somerville, MA",DAYLIGHT,CLEAR,DRY,NONE,TRAFFIC CONTROL SIGNAL,NOT AT INTERSECTION,"TWO-WAY, DIVIDED, UNPROTECTED MEDIAN","SIDESWIPE, SAME DIRECTION",COLLISION WITH MOTOR VEHICLE IN TRAFFIC,ROADWAY,20,0,0,0,0,0,2,0,0,0,0,0,0,0,42.3962,-71.1222,6,2.50174E+14
21035285,10/07/2021 14:22,Day Shift (8AM - 4PM),"400 HIGHLAND AV Somerville, MA",DAYLIGHT,CLEAR,DRY,NONE,NO CONTROLS,NOT AT INTERSECTION,"ONE-WAY, NOT DIVIDED",REAR-END,COLLISION WITH MOTOR VEHICLE IN TRAFFIC,ROADWAY,25,0,0,0,0,3,1,0,0,0,0,0,0,0,42.3957,-71.1209,6,2.50174E+14
19000590,04/01/2019 11:09,Day Shift (8AM - 4PM),"257 ELM ST Somerville, MA",DAYLIGHT,CLEAR,DRY,NONE,NO CONTROLS,NOT AT INTERSECTION,"ONE-WAY, NOT DIVIDED",HEAD ON,COLLISION WITH PEDESTRIAN,ROADWAY,30,0,0,0,0,1,1,0,0,1,1,0,0,0,42.3957,-71.1216,6,2.50174E+14
23026617,15/05/2023 08:12,Day Shift (8AM - 4PM),"406 HIGHLAND AV Somerville, MA",DAYLIGHT,CLOUDY,DRY,NONE,NO CONTROLS,NOT AT INTERSECTION,"ONE-WAY, NOT DIVIDED",ANGLE,COLLISION WITH MOTOR VEHICLE IN TRAFFIC,ROADWAY,25,0,0,0,0,0,3,0,0,0,0,0,0,0,42.3959,-71.1213,6,2.50174E+14
18070899,30/11/2018 21:07,First Half (4PM - Midnight),"400 HIGHLAND AVE Somerville, MA",DARK - LIGHTED ROADWAY,CLEAR,DRY,NONE,NO CONTROLS,NOT AT INTERSECTION,"ONE-WAY, NOT DIVIDED",ANGLE,COLLISION WITH MOTOR VEHICLE IN TRAFFIC,ROADWAY,20,0,0,0,0,0,4,0,0,0,0,0,0,0,42.3957,-71.1209,6,2.50174E+14
18059424,05/10/2018 11:53,Day Shift (8AM - 4PM),"2 HOLLAND ST Somerville, MA",DAYLIGHT,CLEAR,DRY,NONE,WARNING SIGNS,NOT AT INTERSECTION,"TWO-WAY, DIVIDED, UNPROTECTED MEDIAN",SINGLE VEHICLE CRASH,COLLISION WITH PEDESTRIAN,ROADWAY,25,0,0,0,0,1,1,0,0,1,1,0,0,0,42.3965,-71.1227,6,2.50174E+14
23072959,19/12/2023 14:27,Day Shift (8AM - 4PM),"55 DAVIS SQ Somerville, MA",DAYLIGHT,CLOUDY,DRY,NONE,NO CONTROLS,NOT AT INTERSECTION,"TWO-WAY, NOT DIVIDED",ANGLE,COLLISION WITH PEDALCYCLE,ROADWAY,25,0,0,0,0,1,1,0,0,1,0,1,0,0,42.3966,-71.123,6,2.50174E+14
21063450,08/12/2021 08:15,Day Shift (8AM - 4PM),"55 DAVIS SQ Somerville, MA",DAYLIGHT,CLOUDY,DRY,NONE,TRAFFIC CONTROL SIGNAL,NOT AT INTERSECTION,"TWO-WAY, NOT DIVIDED",ANGLE,COLLISION WITH MOTOR VEHICLE IN TRAFFIC,ROADWAY,25,0,0,0,1,0,2,0,0,1,0,1,0,0,42.3966,-71.123,6,2.50174E+14
18070042,27/11/2018 08:16,Day Shift (8AM - 4PM),"55 DAVIS SQ Somerville, MA",DAYLIGHT,RAIN,WET,NONE,NO CONTROLS,T-INTERSECTION,"TWO-WAY, NOT DIVIDED",ANGLE,COLLISION WITH PARKED MOTOR VEHICLE,SHOULDER - PAVED,25,0,0,0,0,0,2,0,0,0,0,0,0,0,42.3966,-71.123,6,2.50174E+14
19003899,22/01/2019 11:12,Day Shift (8AM - 4PM),"2 HOLLAND ST Somerville, MA",DAYLIGHT,CLEAR,SNOW,NONE,WARNING SIGNS,NOT AT INTERSECTION,"TWO-WAY, NOT DIVIDED",SINGLE VEHICLE CRASH,COLLISION WITH PEDESTRIAN,ROADWAY,25,0,0,1,0,0,1,0,0,1,1,0,0,0,42.3965,-71.1227,6,2.50174E+14
21016375,01/04/2021 10:17,Day Shift (8AM - 4PM),"55 DAVIS SQ Somerville, MA",DAYLIGHT,CLOUDY,DRY,NONE,TRAFFIC CONTROL SIGNAL,NOT AT INTERSECTION,"TWO-WAY, NOT DIVIDED","SIDESWIPE, SAME DIRECTION",COLLISION WITH MOTOR VEHICLE IN TRAFFIC,ROADWAY,25,0,0,0,0,0,3,0,0,0,0,0,0,0,42.3966,-71.123,6,2.50174E+14
23054554,22/09/2023 13:39,Day Shift (8AM - 4PM),"31-99 BUENA VISTA RD Somerville, MA",DAYLIGHT,CLOUDY,DRY,NONE,NO CONTROLS,NOT AT INTERSECTION,"TWO-WAY, NOT DIVIDED",ANGLE,COLLISION WITH MOTOR VEHICLE IN TRAFFIC,ROADWAY,20,0,0,0,0,0,4,0,0,0,0,0,0,0,42.397,-71.1246,6,2.50174E+14
23034542,20/06/2023 21:27,First Half (4PM - Midnight),"62 MEACHAM RD Somerville, MA",DARK - LIGHTED ROADWAY,CLEAR,DRY,NONE,NO CONTROLS,NOT AT INTERSECTION,"ONE-WAY, NOT DIVIDED",SINGLE VEHICLE CRASH,COLLISION WITH PARKED MOTOR VEHICLE,ROADWAY,25,0,0,0,0,0,2,0,0,0,0,0,0,0,42.3968,-71.1245,6,2.50174E+14