Crash Number,Date and Time of Crash,Police Shift,Crash Location,Light Conditions,Weather Conditions,Road Surface,Road Contributing Circumstances,Traffic Control Device Type,Roadway Intersection Type,Trafficway Description,Manner of Collision,First Harmful Event,First Harmful Event Location,Speed Limit,Work Zone,Count Fatal Injury ,Count Suspected Serious Injury,Count Suspected Minor Injury ,Count Possible Injury,Count No Apparent Injury,Count Unknown Injury,Count Not Reported Injury,Total Non-Motorists,Pedestrian Involvement (Non-Motorist),Cyclist Involvement (Non-Motorist),Other Non-Motorist Involvement,Hit and Run Flag,Latitude,Longitude,Ward,Block Code 
23030643,02/06/2023 15:46,Day Shift (8AM - 4PM),"64 MEACHAM RD Somerville, MA",DAYLIGHT,CLEAR,DRY,NONE,NO CONTROLS,NOT AT INTERSECTION,UNKNOWN,SINGLE VEHICLE CRASH,COLLISION WITH UNKNOWN FIXED OBJECT,OUTSIDE ROADWAY,25,0,0,0,0,0,3,0,0,1,0,0,1,0,42.3968,-71.1244,6,2.50174E+14
23048987,28/08/2023 07:30,Last Half (Midnight - 8AM),"61 DOVER ST Somerville, MA",DAYLIGHT,CLEAR,DRY,NONE,NO CONTROLS,NOT AT INTERSECTION,"ONE-WAY, NOT DIVIDED","SIDESWIPE, SAME DIRECTION",COLLISION WITH PARKED MOTOR VEHICLE,ROADWAY,20,0,0,0,0,0,4,0,0,0,0,0,0,0,42.3958,-71.1253,6,2.50174E+14
18028661,15/05/2018 12:04,Day Shift (8AM - 4PM),"79 DOVER ST Somerville, MA",DAYLIGHT,CLEAR,DRY,NONE,NO CONTROLS,T-INTERSECTION,"TWO-WAY, NOT DIVIDED","SIDESWIPE, SAME DIRECTION",COLLISION WITH PARKED MOTOR VEHICLE,ROADWAY,25,0,0,0,0,0,0,0,0,0,0,0,0,0,42.3962,-71.1246,6,2.50174E+14
19013155,10/03/2019 10:06,Day Shift (8AM - 4PM),"KINGSTON ST & MEACHAM RD Somerville, MA",DAYLIGHT,SNOW,SNOW,ROAD SURFACE CONDITION,STOP SIGNS,T-INTERSECTION,"TWO-WAY, NOT DIVIDED","SIDESWIPE, OPPOSITE DIRECTION",COLLISION WITH PARKED MOTOR VEHICLE,ROADWAY,25,0,0,0,0,0,4,0,0,0,0,0,0,0,42.3965,-71.1253,6,2.50174E+14
23025500,10/05/2023 08:11,Day Shift (8AM - 4PM),"1 DAVIS SQ Somerville, MA",DAYLIGHT,CLEAR,DRY,NONE,TRAFFIC CONTROL SIGNAL,T-INTERSECTION,"ONE-WAY, NOT DIVIDED",REAR-END,COLLISION WITH MOTOR VEHICLE IN TRAFFIC,ROADWAY,25,0,0,0,0,0,2,0,0,0,0,0,0,0,42.3963,-71.1228,6,2.50174E+14
19017852,01/04/2019 15:10,Day Shift (8AM - 4PM),"1 DAVIS SQ Somerville, MA",DAYLIGHT,CLEAR,DRY,NONE,TRAFFIC CONTROL SIGNAL,FOUR WAY INTERSECTION,UNKNOWN,ANGLE,COLLISION WITH PEDESTRIAN,ROADWAY,25,0,0,0,1,0,5,0,0,1,0,0,1,0,42.3963,-71.1228,6,2.50174E+14
22012553,10/03/2022 07:46,Last Half (Midnight - 8AM),"1 DAVIS SQ Somerville, MA",DAYLIGHT,CLOUDY,WET,NONE,TRAFFIC CONTROL SIGNAL,T-INTERSECTION,"TWO-WAY, NOT DIVIDED",ANGLE,COLLISION WITH MOTOR VEHICLE IN TRAFFIC,ROADWAY,25,0,0,0,0,1,3,0,0,0,0,0,0,0,42.3963,-71.1228,6,2.50174E+14
21053100,08/10/2021 22:38,First Half (4PM - Midnight),"1 DAVIS SQ Somerville, MA",DARK - LIGHTED ROADWAY,CLEAR,DRY,NONE,NO CONTROLS,Y-INTERSECTION,"ONE-WAY, NOT DIVIDED",HEAD ON,COLLISION WITH MOTOR VEHICLE IN TRAFFIC,ROADWAY,25,0,0,0,0,0,2,0,0,0,0,0,0,0,42.3963,-71.1228,6,2.50174E+14
22056817,04/10/2022 21:33,First Half (4PM - Midnight),"1 DAVIS SQ Somerville, MA",DARK - LIGHTED ROADWAY,RAIN,WET,NONE,TRAFFIC CONTROL SIGNAL,Y-INTERSECTION,"ONE-WAY, NOT DIVIDED",ANGLE,COLLISION WITH MOTOR VEHICLE IN TRAFFIC,ROADWAY,25,0,0,0,0,1,1,0,0,0,0,0,0,0,42.3963,-71.1228,6,2.50174E+14
19052742,13/09/2019 15:44,Day Shift (8AM - 4PM),"1 DAVIS SQ Somerville, MA",DAYLIGHT,CLEAR,DRY,NONE,TRAFFIC CONTROL SIGNAL,FOUR WAY INTERSECTION,"TWO-WAY, NOT DIVIDED",HEAD ON,COLLISION WITH MOTOR VEHICLE IN TRAFFIC,ROADWAY,20,0,0,0,0,0,3,0,0,0,0,0,0,0,42.3963,-71.1228,6,2.50174E+14
22037048,03/07/2022 16:59,First Half (4PM - Midnight),"1 DAVIS SQ Somerville, MA",DAYLIGHT,CLEAR,DRY,NONE,TRAFFIC CONTROL SIGNAL,FIVE-POINT OR MORE,"TWO-WAY, NOT DIVIDED",ANGLE,COLLISION WITH MOTOR VEHICLE IN TRAFFIC,ROADWAY,20,0,0,0,1,0,3,0,0,0,0,0,0,0,42.3963,-71.1228,6,2.50174E+14
19031141,04/06/2019 12:59,Day Shift (8AM - 4PM),"1 DAVIS SQ Somerville, MA",DAYLIGHT,CLEAR,DRY,NONE,TRAFFIC CONTROL SIGNAL,T-INTERSECTION,"ONE-WAY, NOT DIVIDED","SIDESWIPE, OPPOSITE DIRECTION",COLLISION WITH PEDALCYCLE,ROADWAY,25,0,0,0,1,0,1,0,0,1,0,1,0,0,42.3963,-71.1228,6,2.50174E+14
22046920,22/08/2022 09:44,Day Shift (8AM - 4PM),"145 ORCHARD ST Somerville, MA",DAYLIGHT,CLOUDY,DRY,NONE,STOP SIGNS,NOT AT INTERSECTION,"ONE-WAY, NOT DIVIDED","SIDESWIPE, SAME DIRECTION",COLLISION WITH PARKED MOTOR VEHICLE,ROADWAY,20,0,0,0,0,0,3,0,0,0,0,0,0,0,42.3954,-71.1252,6,2.50174E+14
20019607,14/04/2020 10:53,Day Shift (8AM - 4PM),"1 DAVIS SQ Somerville, MA",DAYLIGHT,CLEAR,DRY,NONE,YIELD SIGNS,FIVE-POINT OR MORE,"TWO-WAY, NOT DIVIDED",ANGLE,COLLISION WITH MOTOR VEHICLE IN TRAFFIC,ROADWAY,25,0,0,0,1,0,1,0,0,0,0,0,0,0,42.3963,-71.1228,6,2.50174E+14
22070563,15/12/2022 12:01,Day Shift (8AM - 4PM),"DOVER ST & ORCHARD ST Somerville, MA",DAYLIGHT,CLOUDY,WET,NONE,STOP SIGNS,T-INTERSECTION,"ONE-WAY, NOT DIVIDED",ANGLE,COLLISION WITH MOTOR VEHICLE IN TRAFFIC,ROADWAY,20,0,0,0,0,0,2,0,0,0,0,0,0,0,42.3955,-71.1254,6,2.50174E+14
21012664,11/03/2021 20:16,First Half (4PM - Midnight),"1 DAVIS SQ Somerville, MA",DARK - LIGHTED ROADWAY,CLEAR,DRY,NONE,TRAFFIC CONTROL SIGNAL,FOUR WAY INTERSECTION,"TWO-WAY, NOT DIVIDED","SIDESWIPE, OPPOSITE DIRECTION",COLLISION WITH MOTOR VEHICLE IN TRAFFIC,ROADWAY,25,0,0,0,0,0,2,0,0,0,0,0,0,0,42.3963,-71.1228,6,2.50174E+14
19016552,26/03/2019 09:44,Day Shift (8AM - 4PM),"DOVER ST & ORCHARD ST Somerville, MA",DAYLIGHT,CLEAR,DRY,NONE,STOP SIGNS,FOUR WAY INTERSECTION,"ONE-WAY, NOT DIVIDED",ANGLE,COLLISION WITH MOTOR VEHICLE IN TRAFFIC,ROADWAY,20,0,0,0,0,0,3,0,0,0,0,0,0,0,42.3955,-71.1254,6,2.50174E+14
21048376,15/09/2021 10:41,Day Shift (8AM - 4PM),"100 DOVER ST Somerville, MA",DAYLIGHT,CLOUDY,DRY,NONE,NO CONTROLS,NOT AT INTERSECTION,"ONE-WAY, NOT DIVIDED","SIDESWIPE, SAME DIRECTION",COLLISION WITH PARKED MOTOR VEHICLE,ROADWAY,25,0,0,0,0,0,3,0,0,0,0,0,0,0,42.3963,-71.1238,6,2.50174E+14
19053100,15/09/2019 14:47,Day Shift (8AM - 4PM),"1 DAVIS SQ Somerville, MA",DAYLIGHT,CLEAR,DRY,NONE,NO CONTROLS,NOT AT INTERSECTION,"ONE-WAY, NOT DIVIDED","SIDESWIPE, SAME DIRECTION",COLLISION WITH MOTOR VEHICLE IN TRAFFIC,ROADWAY,20,0,0,0,0,0,2,1,0,0,0,0,0,0,42.3963,-71.1228,6,2.50174E+14
20062396,27/12/2020 09:56,Day Shift (8AM - 4PM),"55 CHESTER STREET Somerville, MA",DAYLIGHT,CLEAR,DRY,OBSTRUCTION IN ROADWAY,NO CONTROLS,NOT AT INTERSECTION,"ONE-WAY, NOT DIVIDED",SINGLE VEHICLE CRASH,COLLISION WITH OTHER MOVABLE OBJECT,SHOULDER - PAVED,25,0,0,0,0,0,2,0,0,0,0,0,0,0,42.3952,-71.1224,6,2.50174E+14
20057183,25/11/2020 09:10,Day Shift (8AM - 4PM),"260 ELM ST Somerville, MA",DAYLIGHT,CLOUDY,DRY,NONE,NO CONTROLS,NOT AT INTERSECTION,"ONE-WAY, NOT DIVIDED","SIDESWIPE, SAME DIRECTION",COLLISION WITH PARKED MOTOR VEHICLE,ROADWAY,25,0,0,0,0,0,3,0,0,0,0,0,0,0,42.3956,-71.1225,6,2.50174E+14
21045299,30/08/2021 20:19,First Half (4PM - Midnight),"282 ELM ST Somerville, MA",DARK - LIGHTED ROADWAY,CLEAR,DRY,NONE,NO CONTROLS,NOT AT INTERSECTION,"ONE-WAY, NOT DIVIDED","SIDESWIPE, SAME DIRECTION",COLLISION WITH MOTOR VEHICLE IN TRAFFIC,ROADWAY,25,0,0,0,0,0,3,1,0,0,0,0,0,1,42.3961,-71.1224,6,2.50174E+14
20042115,31/08/2020 19:14,First Half (4PM - Midnight),"260 ELM ST Somerville, MA",DAYLIGHT,CLEAR,DRY,OTHER,NO CONTROLS,NOT AT INTERSECTION,"ONE-WAY, NOT DIVIDED","SIDESWIPE, SAME DIRECTION",COLLISION WITH PARKED MOTOR VEHICLE,ROADWAY,25,0,0,0,0,0,3,0,0,0,0,0,0,0,42.3956,-71.1225,6,2.50174E+14
23007675,11/02/2023 03:42,Last Half (Midnight - 8AM),"278 ELM ST Somerville, MA",DARK - LIGHTED ROADWAY,CLEAR,DRY,NONE,NO CONTROLS,T-INTERSECTION,"ONE-WAY, NOT DIVIDED",ANGLE,COLLISION WITH MOTOR VEHICLE IN TRAFFIC,ROADWAY,25,0,0,0,0,0,4,0,0,0,0,0,0,0,42.396,-71.1225,6,2.50174E+14
19061294,25/10/2019 11:52,Day Shift (8AM - 4PM),"55 CHESTER ST Somerville, MA",DAYLIGHT,CLOUDY,DRY,NONE,NO CONTROLS,T-INTERSECTION,"ONE-WAY, NOT DIVIDED",ANGLE,COLLISION WITH PARKED MOTOR VEHICLE,ROADWAY,20,0,0,0,0,0,3,0,0,0,0,0,0,0,42.3952,-71.1224,6,2.50174E+14
21023655,12/05/2021 12:11,Day Shift (8AM - 4PM),"274 ELM ST Somerville, MA",DAYLIGHT,CLEAR,DRY,NONE,NO CONTROLS,NOT AT INTERSECTION,"ONE-WAY, NOT DIVIDED",REAR-END,COLLISION WITH MOTOR VEHICLE IN TRAFFIC,ROADWAY,25,0,0,0,1,0,2,0,0,0,0,0,0,0,42.396,-71.1225,6,2.50174E+14
20058746,04/12/2020 10:54,Day Shift (8AM - 4PM),"HERBERT ST & DAY ST Somerville, MA",DAYLIGHT,CLOUDY,OTHER,WORK ZONE,NO CONTROLS,DRIVEWAY,"ONE-WAY, NOT DIVIDED",ANGLE,COLLISION WITH WORK ZONE MAINTENANCE EQUIPMENT,OUTSIDE ROADWAY,20,1,0,0,0,0,1,0,0,0,0,0,0,0,42.3958,-71.1231,6,2.50174E+14
18039026,30/06/2018 10:54,Day Shift (8AM - 4PM),"58 DAY ST Somerville, MA",DAYLIGHT,CLEAR,DRY,OBSTRUCTION IN ROADWAY,NO CONTROLS,NOT AT INTERSECTION,"ONE-WAY, NOT DIVIDED","SIDESWIPE, SAME DIRECTION",COLLISION WITH PARKED MOTOR VEHICLE,ROADWAY,25,0,0,0,0,0,1,0,0,0,0,0,0,0,42.3958,-71.1228,6,2.50174E+14
19072964,27/12/2019 09:59,Day Shift (8AM - 4PM),"53 CHESTER ST Somerville, MA",DAYLIGHT,CLOUDY,WET,NONE,NO CONTROLS,NOT AT INTERSECTION,"ONE-WAY, NOT DIVIDED",SINGLE VEHICLE CRASH,COLLISION WITH UNKNOWN FIXED OBJECT,OUTSIDE ROADWAY,25,0,0,0,0,0,2,0,0,0,0,0,0,0,42.3951,-71.1225,6,2.50174E+14
22011953,07/03/2022 20:04,First Half (4PM - Midnight),"DAY ST & ORCHARD ST Somerville, MA",DARK - LIGHTED ROADWAY,RAIN,WET,OTHER,STOP SIGNS,FOUR WAY INTERSECTION,"ONE-WAY, NOT DIVIDED",SINGLE VEHICLE CRASH,COLLISION WITH PEDESTRIAN,ROADWAY,25,0,0,0,0,1,1,0,0,1,1,0,0,0,42.3949,-71.1248,6,2.50174E+14
20055181,13/11/2020 15:44,Day Shift (8AM - 4PM),"DAY ST & ORCHARD ST Somerville, MA",DARK - UNKNOWN ROADWAY LIGHTING,CLOUDY,WET,NONE,STOP SIGNS,FOUR WAY INTERSECTION,"ONE-WAY, NOT DIVIDED",ANGLE,COLLISION WITH MOTOR VEHICLE IN TRAFFIC,ROADWAY,25,0,0,0,0,0,4,0,0,0,0,0,0,0,42.3949,-71.1248,6,2.50174E+14
23028141,22/05/2023 07:36,Last Half (Midnight - 8AM),"156 ORCHARD ST Somerville, MA",DAYLIGHT,CLEAR,DRY,NONE,NO CONTROLS,NOT AT INTERSECTION,"ONE-WAY, NOT DIVIDED","SIDESWIPE, SAME DIRECTION",COLLISION WITH PARKED MOTOR VEHICLE,ROADWAY,25,0,0,0,0,0,3,0,0,0,0,0,0,0,42.3957,-71.126,6,2.50174E+14
23027312,18/05/2023 06:19,Last Half (Midnight - 8AM),"49 DOVER ST Somerville, MA",DAYLIGHT,CLEAR,DRY,NONE,NO CONTROLS,NOT AT INTERSECTION,"ONE-WAY, NOT DIVIDED",SINGLE VEHICLE CRASH,COLLISION WITH PARKED MOTOR VEHICLE,ROADWAY,25,0,0,0,0,0,5,0,0,0,0,0,0,0,42.3955,-71.1259,6,2.50174E+14
19025695,10/05/2019 09:10,Day Shift (8AM - 4PM),"384 HIGHLAND AV Somerville, MA",DAYLIGHT,CLOUDY,DRY,NONE,TRAFFIC CONTROL SIGNAL,T-INTERSECTION,"ONE-WAY, NOT DIVIDED","SIDESWIPE, SAME DIRECTION",COLLISION WITH MOTOR VEHICLE IN TRAFFIC,ROADWAY,20,0,0,0,0,0,2,0,0,0,0,0,0,0,42.3951,-71.1197,6,2.50174E+14
22027668,18/05/2022 18:13,First Half (4PM - Midnight),"1 CUTTER Somerville, MA",DAYLIGHT,CLEAR,DRY,NONE,TRAFFIC CONTROL SIGNAL,NOT AT INTERSECTION,"ONE-WAY, NOT DIVIDED",SINGLE VEHICLE CRASH,COLLISION WITH TREE,UNKNOWN,25,0,0,0,0,1,0,0,0,0,0,0,0,0,42.3947,-71.1203,6,2.50174E+14
19004721,26/01/2019 11:53,Day Shift (8AM - 4PM),"1 GROVE ST Somerville, MA",DAYLIGHT,CLEAR,DRY,NONE,STOP SIGNS,NOT AT INTERSECTION,"TWO-WAY, DIVIDED, UNPROTECTED MEDIAN",REAR-END,COLLISION WITH MOTOR VEHICLE IN TRAFFIC,ROADWAY,20,0,0,0,0,0,3,0,0,0,0,0,0,0,42.3947,-71.1213,6,2.50174E+14
24003706,21/01/2024 15:59,Day Shift (8AM - 4PM),"CHESTER ST & ORCHARD ST Somerville, MA",DUSK,CLOUDY,"SAND, MUD, DIRT, OIL, GRAVEL",TRAFFIC CONTROL DEVICE,STOP SIGNS,FOUR WAY INTERSECTION,"ONE-WAY, NOT DIVIDED",ANGLE,COLLISION WITH MOTOR VEHICLE IN TRAFFIC,ROADWAY,25,0,0,0,0,0,2,1,0,0,0,0,0,0,42.394,-71.1238,6,2.50174E+14
19070579,13/12/2019 10:24,Day Shift (8AM - 4PM),"244 ELM ST Somerville, MA",DAYLIGHT,CLEAR,DRY,NONE,NO CONTROLS,NOT AT INTERSECTION,"ONE-WAY, NOT DIVIDED",ANGLE,COLLISION WITH MOTOR VEHICLE IN TRAFFIC,ROADWAY,20,0,0,0,0,0,3,0,0,0,0,0,0,0,42.395,-71.1221,6,2.50174E+14
19006763,06/02/2019 17:41,First Half (4PM - Midnight),"244 ELM ST Somerville, MA",DARK - LIGHTED ROADWAY,CLEAR,DRY,NONE,NO CONTROLS,NOT AT INTERSECTION,"ONE-WAY, NOT DIVIDED",REAR-END,COLLISION WITH MOTOR VEHICLE IN TRAFFIC,ROADWAY,20,0,0,0,0,0,2,0,0,0,0,0,0,0,42.395,-71.1221,6,2.50174E+14
20009683,20/02/2020 19:36,First Half (4PM - Midnight),"244 ELM ST Somerville, MA",DARK - UNKNOWN ROADWAY LIGHTING,CLEAR,DRY,NONE,NO CONTROLS,T-INTERSECTION,"ONE-WAY, NOT DIVIDED",HEAD ON,COLLISION WITH PEDESTRIAN,ROADWAY,20,0,0,2,0,0,4,0,0,2,2,0,0,0,42.395,-71.1221,6,2.50174E+14
20057161,25/11/2020 03:32,Last Half (Midnight - 8AM),"48 CHESTER ST Somerville, MA",DARK - LIGHTED ROADWAY,CLEAR,DRY,NONE,NO CONTROLS,NOT AT INTERSECTION,"ONE-WAY, NOT DIVIDED",REAR-END,COLLISION WITH PARKED MOTOR VEHICLE,ROADWAY,20,0,0,0,1,0,2,0,0,0,0,0,0,0,42.3948,-71.1224,6,2.50174E+14
18043752,23/07/2018 12:03,Day Shift (8AM - 4PM),"244 ELM ST Somerville, MA",DAYLIGHT,CLOUDY,WET,NONE,NO CONTROLS,NOT AT INTERSECTION,"ONE-WAY, NOT DIVIDED",REAR-END,COLLISION WITH MOTOR VEHICLE IN TRAFFIC,ROADWAY,30,0,0,1,0,0,4,0,0,0,0,0,0,0,42.395,-71.1221,6,2.50174E+14
21045490,31/08/2021 17:57,First Half (4PM - Midnight),"BOWERS AVE & ELM ST Somerville, MA",DAYLIGHT,CLEAR,DRY,NONE,NO CONTROLS,FOUR WAY INTERSECTION,"ONE-WAY, NOT DIVIDED","SIDESWIPE, SAME DIRECTION",COLLISION WITH PEDALCYCLE,ROADWAY,25,0,0,0,1,0,1,0,0,1,0,1,0,0,42.3947,-71.1214,6,2.50174E+14
19041769,23/07/2019 10:35,Day Shift (8AM - 4PM),"230 ELM ST Somerville, MA",DAYLIGHT,RAIN,WET,UNKNOWN,NO CONTROLS,NOT AT INTERSECTION,"ONE-WAY, NOT DIVIDED",REAR-END,COLLISION WITH MOTOR VEHICLE IN TRAFFIC,ROADWAY,20,0,0,0,0,0,3,0,0,0,0,0,0,0,42.3947,-71.1218,6,2.50174E+14
21045267,30/08/2021 17:22,First Half (4PM - Midnight),"CHESTER ST & COTTAGE AV Somerville, MA",DAYLIGHT,CLEAR,DRY,NONE,NO CONTROLS,FOUR WAY INTERSECTION,"TWO-WAY, NOT DIVIDED",REAR-END,COLLISION WITH MOTOR VEHICLE IN TRAFFIC,ROADWAY,25,0,0,0,0,0,1,2,0,0,0,0,0,0,42.3946,-71.123,6,2.50174E+14
19032601,11/06/2019 06:49,Last Half (Midnight - 8AM),"236 ELM ST Somerville, MA",DAYLIGHT,RAIN,WET,NONE,UNKNOWN,NOT AT INTERSECTION,"ONE-WAY, NOT DIVIDED","SIDESWIPE, SAME DIRECTION",COLLISION WITH PEDALCYCLE,ROADWAY,25,0,0,0,0,0,2,0,0,1,0,1,0,0,42.3949,-71.1219,6,2.50174E+14
20037413,01/08/2020 17:41,First Half (4PM - Midnight),"236 ELM ST Somerville, MA",DAYLIGHT,CLEAR,DRY,UNKNOWN,NO CONTROLS,NOT AT INTERSECTION,"ONE-WAY, NOT DIVIDED",SINGLE VEHICLE CRASH,COLLISION WITH PEDESTRIAN,ROADWAY,25,0,0,0,0,1,2,0,0,1,1,0,0,0,42.3949,-71.1219,6,2.50174E+14
20002451,15/01/2020 09:17,Day Shift (8AM - 4PM),"230 ELM ST Somerville, MA",DAYLIGHT,CLEAR,WET,NONE,NO CONTROLS,T-INTERSECTION,"ONE-WAY, NOT DIVIDED",SINGLE VEHICLE CRASH,COLLISION WITH PEDESTRIAN,ROADWAY,25,0,0,0,1,0,2,0,0,1,1,0,0,0,42.3947,-71.1218,6,2.50174E+14
23056498,02/10/2023 19:12,First Half (4PM - Midnight),"0 ELM ST. Somerville, MA",DARK - LIGHTED ROADWAY,CLEAR,DRY,NONE,NO CONTROLS,NOT AT INTERSECTION,"TWO-WAY, DIVIDED, UNPROTECTED MEDIAN",REAR-END,COLLISION WITH MOTOR VEHICLE IN TRAFFIC,ROADWAY,25,0,0,0,0,0,3,0,0,0,0,0,0,0,42.3947,-71.1214,6,2.50174E+14
18047073,08/08/2018 16:52,First Half (4PM - Midnight),"ELM ST & NA Somerville, MA",DAYLIGHT,RAIN,WET,UNKNOWN,UNKNOWN,NOT AT INTERSECTION,"TWO-WAY, NOT DIVIDED",REAR-END,COLLISION WITH MOTOR VEHICLE IN TRAFFIC,ROADWAY,30,0,0,0,0,0,0,1,0,0,0,0,0,1,42.3947,-71.1214,6,2.50174E+14
19012188,05/03/2019 17:44,First Half (4PM - Midnight),"166 ELM ST Somerville, MA",DARK - UNKNOWN ROADWAY LIGHTING,CLOUDY,WET,NONE,NO CONTROLS,NOT AT INTERSECTION,"TWO-WAY, DIVIDED, UNPROTECTED MEDIAN","SIDESWIPE, SAME DIRECTION",COLLISION WITH PARKED MOTOR VEHICLE,ROADWAY,20,0,0,0,0,0,3,0,0,0,0,0,0,0,42.394,-71.1211,6,2.50174E+14
22072009,23/12/2022 03:38,Last Half (Midnight - 8AM),"212 ELM ST Somerville, MA",DARK - LIGHTED ROADWAY,RAIN,WET,NONE,NO CONTROLS,NOT AT INTERSECTION,"ONE-WAY, NOT DIVIDED",SINGLE VEHICLE CRASH,COLLISION WITH LIGHT POLE OR OTHER POST/SUPPORT,ROADSIDE,20,0,0,0,0,0,2,3,0,0,0,0,0,1,42.3943,-71.1215,6,2.50174E+14
18033859,07/06/2018 06:43,Last Half (Midnight - 8AM),"166 ELM STREET Somerville, MA",DAYLIGHT,CLOUDY,DRY,NONE,NO CONTROLS,NOT AT INTERSECTION,"TWO-WAY, NOT DIVIDED","SIDESWIPE, SAME DIRECTION",COLLISION WITH PEDALCYCLE,ROADWAY,30,0,0,0,1,0,2,0,0,1,0,1,0,0,42.394,-71.1211,6,2.50174E+14
24009001,17/02/2024 08:47,Day Shift (8AM - 4PM),"212 ELM ST Somerville, MA",DAYLIGHT,CLEAR,DRY,NONE,NO CONTROLS,NOT AT INTERSECTION,"ONE-WAY, NOT DIVIDED",SINGLE VEHICLE CRASH,OTHER,ROADWAY,10,0,0,0,0,0,1,0,0,0,0,0,0,1,42.3943,-71.1215,6,2.50174E+14
19061002,23/10/2019 20:31,First Half (4PM - Midnight),"196 ELM ST Somerville, MA",DARK - LIGHTED ROADWAY,CLEAR,DRY,NONE,NO CONTROLS,NOT AT INTERSECTION,"TWO-WAY, NOT DIVIDED",REAR-END,COLLISION WITH MOTOR VEHICLE IN TRAFFIC,ROADWAY,25,0,0,0,0,1,2,0,0,0,0,0,0,0,42.394,-71.1211,6,2.50174E+14
23015955,27/03/2023 10:34,Day Shift (8AM - 4PM),"CUTTER AV & SUMMER ST Somerville, MA",DAYLIGHT,CLEAR,DRY,NONE,NO CONTROLS,T-INTERSECTION,"ONE-WAY, NOT DIVIDED",ANGLE,COLLISION WITH MOTOR VEHICLE IN TRAFFIC,ROADWAY,25,0,0,0,0,0,2,0,0,0,0,0,0,0,42.3941,-71.1206,6,2.50174E+14
19035365,23/06/2019 13:49,Day Shift (8AM - 4PM),"CUTTER AV & SUMMER ST Somerville, MA",DAYLIGHT,CLEAR,DRY,NONE,TRAFFIC CONTROL SIGNAL,T-INTERSECTION,"ONE-WAY, NOT DIVIDED","SIDESWIPE, OPPOSITE DIRECTION",COLLISION WITH MOTOR VEHICLE IN TRAFFIC,ROADWAY,25,0,0,0,1,0,1,0,0,0,0,0,0,0,42.3941,-71.1206,6,2.50174E+14
23016396,29/03/2023 14:44,Day Shift (8AM - 4PM),"CUTTER AV & SUMMER ST Somerville, MA",DAYLIGHT,CLEAR,DRY,NONE,FLASHING TRAFIC CONTROL SIGNAL,FOUR WAY INTERSECTION,"ONE-WAY, NOT DIVIDED",ANGLE,COLLISION WITH MOTOR VEHICLE IN TRAFFIC,ROADWAY,25,0,0,0,0,1,4,0,0,0,0,0,0,0,42.3941,-71.1206,6,2.50174E+14
20023131,04/05/2020 13:02,Day Shift (8AM - 4PM),"CUTTER AV & SUMMER ST Somerville, MA",DAYLIGHT,CLOUDY,DRY,NONE,TRAFFIC CONTROL SIGNAL,T-INTERSECTION,"ONE-WAY, NOT DIVIDED",ANGLE,COLLISION WITH MOTOR VEHICLE IN TRAFFIC,ROADWAY,25,0,0,0,1,0,3,0,0,0,0,0,0,0,42.3941,-71.1206,6,2.50174E+14
24002941,17/01/2024 11:59,Day Shift (8AM - 4PM),"CUTTER AV & SUMMER ST Somerville, MA",DAYLIGHT,CLEAR,DRY,NONE,TRAFFIC CONTROL SIGNAL,FOUR WAY INTERSECTION,"ONE-WAY, NOT DIVIDED",ANGLE,COLLISION WITH MOTOR VEHICLE IN TRAFFIC,ROADWAY,20,0,0,0,0,0,3,0,0,0,0,0,0,0,42.3941,-71.1206,6,2.50174E+14
22040772,22/07/2022 17:25,First Half (4PM - Midnight),"CUTTER AV & SUMMER ST Somerville, MA",DAYLIGHT,CLEAR,DRY,NONE,TRAFFIC CONTROL SIGNAL,FOUR WAY INTERSECTION,"TWO-WAY, NOT DIVIDED",ANGLE,COLLISION WITH MOTOR VEHICLE IN TRAFFIC,ROADWAY,25,0,0,0,0,0,3,0,0,0,0,0,0,0,42.3941,-71.1206,6,2.50174E+14
21042856,17/08/2021 22:43,First Half (4PM - Midnight),"CUTTER AV & SUMMER ST Somerville, MA",DARK - LIGHTED ROADWAY,CLEAR,DRY,NONE,TRAFFIC CONTROL SIGNAL,T-INTERSECTION,"ONE-WAY, NOT DIVIDED",ANGLE,COLLISION WITH MOTOR VEHICLE IN TRAFFIC,ROADWAY,20,0,0,0,0,0,4,0,0,0,0,0,0,0,42.3941,-71.1206,6,2.50174E+14
18060270,09/10/2018 19:11,First Half (4PM - Midnight),"ORCHARD ST & RUSSELL ST Somerville, MA",DARK - LIGHTED ROADWAY,CLEAR,DRY,OTHER,STOP SIGNS,FOUR WAY INTERSECTION,"ONE-WAY, NOT DIVIDED",HEAD ON,COLLISION WITH MOTOR VEHICLE IN TRAFFIC,ROADWAY,25,0,0,0,0,0,3,0,0,0,0,0,0,0,42.3928,-71.1223,6,2.50174E+14
19049055,27/08/2019 09:01,Day Shift (8AM - 4PM),"ORCHARD ST & RUSSELL ST Somerville, MA",DAYLIGHT,CLEAR,DRY,NONE,STOP SIGNS,FOUR WAY INTERSECTION,"ONE-WAY, NOT DIVIDED",ANGLE,COLLISION WITH MOTOR VEHICLE IN TRAFFIC,ROADWAY,20,0,0,0,0,1,0,2,0,0,0,0,0,0,42.3928,-71.1223,6,2.50174E+14