Crash Number,Date and Time of Crash,Police Shift,Crash Location,Light Conditions,Weather Conditions,Road Surface,Road Contributing Circumstances,Traffic Control Device Type,Roadway Intersection Type,Trafficway Description,Manner of Collision,First Harmful Event,First Harmful Event Location,Speed Limit,Work Zone,Count Fatal Injury ,Count Suspected Serious Injury,Count Suspected Minor Injury ,Count Possible Injury,Count No Apparent Injury,Count Unknown Injury,Count Not Reported Injury,Total Non-Motorists,Pedestrian Involvement (Non-Motorist),Cyclist Involvement (Non-Motorist),Other Non-Motorist Involvement,Hit and Run Flag,Latitude,Longitude,Ward,Block Code 
19069484,07/12/2019 17:46,First Half (4PM - Midnight),"ORCHARD ST & RUSSELL ST Somerville, MA",DARK - LIGHTED ROADWAY,CLEAR,SLUSH,NONE,STOP SIGNS,FOUR WAY INTERSECTION,"ONE-WAY, NOT DIVIDED",ANGLE,COLLISION WITH PEDESTRIAN,ROADWAY,25,0,0,0,1,0,2,0,0,1,1,0,0,0,42.3928,-71.1223,6,2.50174E+14
19034070,17/06/2019 17:28,First Half (4PM - Midnight),"ORCHARD ST & RUSSELL ST Somerville, MA",DAYLIGHT,CLEAR,DRY,NONE,STOP SIGNS,FOUR WAY INTERSECTION,"ONE-WAY, NOT DIVIDED",REAR-END,COLLISION WITH MOTOR VEHICLE IN TRAFFIC,ROADWAY,25,0,0,0,1,0,2,0,0,0,0,0,0,0,42.3928,-71.1223,6,2.50174E+14
20036364,25/07/2020 14:43,Day Shift (8AM - 4PM),"COTTAGE AV & RUSSELL ST Somerville, MA",DAYLIGHT,CLEAR,DRY,NONE,STOP SIGNS,T-INTERSECTION,"ONE-WAY, NOT DIVIDED","SIDESWIPE, SAME DIRECTION",COLLISION WITH MOTOR VEHICLE IN TRAFFIC,ROADWAY,20,0,0,0,0,0,1,1,0,0,0,0,0,0,42.3934,-71.1215,6,2.50174E+14
19022256,23/04/2019 16:56,First Half (4PM - Midnight),"COTTAGE AV & RUSSELL ST Somerville, MA",DAYLIGHT,CLEAR,DRY,TRAFFIC CONGESTION RELATED,NO CONTROLS,T-INTERSECTION,"ONE-WAY, NOT DIVIDED","SIDESWIPE, SAME DIRECTION",COLLISION WITH MOTOR VEHICLE IN TRAFFIC,ROADWAY,20,0,0,0,0,0,4,0,0,0,0,0,0,0,42.3934,-71.1215,6,2.50174E+14
23040996,21/07/2023 14:34,Day Shift (8AM - 4PM),"50 CRAIGIE ST Somerville, MA",DAYLIGHT,CLEAR,DRY,NONE,NO CONTROLS,NOT AT INTERSECTION,"TWO-WAY, NOT DIVIDED",ANGLE,COLLISION WITH MOTOR VEHICLE IN TRAFFIC,ROADWAY,20,0,0,0,0,0,2,0,0,0,0,0,0,0,42.3872,-71.112,3,2.50174E+14
19026622,15/05/2019 09:07,Day Shift (8AM - 4PM),"226 SUMMER ST Somerville, MA",DAYLIGHT,CLEAR,DRY,NONE,NO CONTROLS,NOT AT INTERSECTION,"TWO-WAY, NOT DIVIDED",SINGLE VEHICLE CRASH,UNKNOWN,UNKNOWN,20,0,0,0,0,0,2,0,0,0,0,0,0,0,42.3888,-71.1117,3,2.50174E+14
18029133,17/05/2018 08:44,Day Shift (8AM - 4PM),"5 ELM ST Somerville, MA",DAYLIGHT,CLEAR,DRY,OBSTRUCTION IN ROADWAY,NO CONTROLS,NOT AT INTERSECTION,"TWO-WAY, NOT DIVIDED","SIDESWIPE, OPPOSITE DIRECTION",COLLISION WITH PEDALCYCLE,ROADWAY,10,0,0,0,0,0,0,2,0,1,0,0,0,0,42.3861,-71.1135,3,2.50174E+14
18021080,10/04/2018 10:03,Day Shift (8AM - 4PM),"226 SUMMER ST Somerville, MA",DAYLIGHT,CLEAR,DRY,NONE,STOP SIGNS,FOUR WAY INTERSECTION,"TWO-WAY, DIVIDED, UNPROTECTED MEDIAN",ANGLE,COLLISION WITH MOTOR VEHICLE IN TRAFFIC,ROADWAY,25,0,0,0,1,0,1,0,0,0,0,0,0,0,42.3888,-71.1117,3,2.50174E+14
22029014,24/05/2022 18:53,First Half (4PM - Midnight),"LOWELL ST & SUMMER ST Somerville, MA",DAYLIGHT,CLEAR,DRY,OTHER,STOP SIGNS,FOUR WAY INTERSECTION,"TWO-WAY, DIVIDED, UNPROTECTED MEDIAN",ANGLE,COLLISION WITH MOTOR VEHICLE IN TRAFFIC,ROADWAY,20,0,0,0,0,0,3,0,0,0,0,0,0,0,42.3878,-71.1096,3,2.50174E+14
19054866,23/09/2019 17:18,First Half (4PM - Midnight),"LOWELL ST & SUMMER ST Somerville, MA",DAYLIGHT,CLEAR,DRY,NONE,STOP SIGNS,FOUR WAY INTERSECTION,"TWO-WAY, NOT DIVIDED",ANGLE,COLLISION WITH MOTOR VEHICLE IN TRAFFIC,ROADWAY,25,0,0,0,0,0,2,0,0,0,0,0,0,0,42.3878,-71.1096,3,2.50174E+14
21012783,12/03/2021 10:15,Day Shift (8AM - 4PM),"LOWELL ST & SUMMER ST Somerville, MA",DAYLIGHT,CLEAR,DRY,NONE,STOP SIGNS,FOUR WAY INTERSECTION,"TWO-WAY, NOT DIVIDED","SIDESWIPE, SAME DIRECTION",COLLISION WITH PARKED MOTOR VEHICLE,ROADWAY,20,0,0,0,0,0,1,0,0,0,0,0,0,1,42.3878,-71.1096,3,2.50174E+14
23018685,08/04/2023 17:57,First Half (4PM - Midnight),"LOWELL ST & SUMMER ST Somerville, MA",DAYLIGHT,CLEAR,DRY,NONE,FLASHING TRAFIC CONTROL SIGNAL,FOUR WAY INTERSECTION,"TWO-WAY, NOT DIVIDED",ANGLE,COLLISION WITH MOTOR VEHICLE IN TRAFFIC,ROADWAY,25,0,0,0,0,0,3,0,0,0,0,0,0,0,42.3878,-71.1096,3,2.50174E+14
18031823,29/05/2018 09:28,Day Shift (8AM - 4PM),"CRAIGIE ST & NA Somerville, MA",DAYLIGHT,CLEAR,DRY,NONE,NO CONTROLS,NOT AT INTERSECTION,"TWO-WAY, NOT DIVIDED","SIDESWIPE, OPPOSITE DIRECTION",COLLISION WITH MOTOR VEHICLE IN TRAFFIC,ROADWAY,25,0,0,0,0,0,4,0,0,0,0,0,0,0,42.3868,-71.1118,3,2.50174E+14
22041418,26/07/2022 12:28,Day Shift (8AM - 4PM),"SILVEY PLACE & CRAGIE STREET Somerville, MA",DAYLIGHT,CLOUDY,DRY,NONE,STOP SIGNS,T-INTERSECTION,"TWO-WAY, NOT DIVIDED",ANGLE,COLLISION WITH MOTOR VEHICLE IN TRAFFIC,ROADWAY,20,0,0,0,0,0,4,0,0,0,0,0,0,0,42.3874,-71.1113,3,2.50174E+14
23038515,10/07/2023 09:51,Day Shift (8AM - 4PM),"IBBETSON ST & KIMBALL Somerville, MA",DAYLIGHT,RAIN,WET,NONE,STOP SIGNS,FOUR WAY INTERSECTION,"TWO-WAY, NOT DIVIDED",ANGLE,COLLISION WITH MOTOR VEHICLE IN TRAFFIC,ROADWAY,20,0,0,0,0,0,4,0,0,0,0,0,0,0,42.3862,-71.1114,3,2.50174E+14
23002252,13/01/2023 18:45,First Half (4PM - Midnight),"32 BELMONT ST Somerville, MA",DARK - LIGHTED ROADWAY,RAIN,WET,NONE,NO CONTROLS,DRIVEWAY,"ONE-WAY, NOT DIVIDED",SINGLE VEHICLE CRASH,OTHER,UNKNOWN,20,0,0,0,0,0,1,0,0,0,0,0,0,0,42.386,-71.1103,3,2.50174E+14
19023149,27/04/2019 15:57,Day Shift (8AM - 4PM),"BELMONT ST & SOMERVILLE AV Somerville, MA",DAYLIGHT,CLEAR,DRY,NONE,STOP SIGNS,T-INTERSECTION,"ONE-WAY, NOT DIVIDED",SINGLE VEHICLE CRASH,COLLISION WITH PEDALCYCLE,ROADWAY,20,0,0,0,0,0,3,0,0,1,0,1,0,0,42.3843,-71.111,3,2.50174E+14
19065623,16/11/2019 14:41,Day Shift (8AM - 4PM),"BELMONT ST & SOMERVILLE AV Somerville, MA",DAYLIGHT,CLEAR,DRY,NONE,STOP SIGNS,T-INTERSECTION,"ONE-WAY, NOT DIVIDED",ANGLE,COLLISION WITH PARKED MOTOR VEHICLE,ROADWAY,25,0,0,0,0,0,3,0,0,0,0,0,0,0,42.3843,-71.111,3,2.50174E+14
21009428,23/02/2021 09:21,Day Shift (8AM - 4PM),"85 LOWELL ST Somerville, MA",DAYLIGHT,CLEAR,DRY,NONE,NO CONTROLS,NOT AT INTERSECTION,"ONE-WAY, NOT DIVIDED",SINGLE VEHICLE CRASH,COLLISION WITH TREE,ROADSIDE,25,0,0,0,0,0,2,0,0,0,0,0,0,0,42.3873,-71.1098,3,2.50174E+14
21044852,28/08/2021 11:15,Day Shift (8AM - 4PM),"651 SOMERVILLE AV Somerville, MA",DAYLIGHT,CLEAR,DRY,NONE,TRAFFIC CONTROL SIGNAL,NOT AT INTERSECTION,"TWO-WAY, NOT DIVIDED",ANGLE,COLLISION WITH MOTOR VEHICLE IN TRAFFIC,ROADWAY,25,0,0,0,0,0,4,0,0,0,0,0,0,0,42.3847,-71.1113,3,2.50174E+14
19014426,15/03/2019 19:21,First Half (4PM - Midnight),"BELMONT ST & SOMERVILLE AV Somerville, MA",DARK - LIGHTED ROADWAY,CLOUDY,DRY,NONE,STOP SIGNS,T-INTERSECTION,"TWO-WAY, NOT DIVIDED",ANGLE,COLLISION WITH PEDALCYCLE,ROADWAY,30,0,0,0,0,1,2,0,0,1,0,1,0,0,42.3843,-71.111,3,2.50174E+14
18068869,20/11/2018 16:33,First Half (4PM - Midnight),"651 SOMERVILLE AV Somerville, MA",DARK - LIGHTED ROADWAY,SNOW,WET,UNKNOWN,TRAFFIC CONTROL SIGNAL,T-INTERSECTION,"TWO-WAY, NOT DIVIDED",HEAD ON,COLLISION WITH PEDESTRIAN,ROADWAY,30,0,0,1,0,0,1,0,0,1,1,0,0,0,42.3847,-71.1113,3,2.50174E+14
18025730,01/05/2018 16:08,First Half (4PM - Midnight),"LOWELL ST & SOMERVILLE AV Somerville, MA",DAYLIGHT,CLEAR,DRY,UNKNOWN,TRAFFIC CONTROL SIGNAL,T-INTERSECTION,"TWO-WAY, DIVIDED, UNPROTECTED MEDIAN","SIDESWIPE, SAME DIRECTION",COLLISION WITH PEDALCYCLE,ROADWAY,25,0,0,0,0,1,1,0,0,1,0,1,0,0,42.3846,-71.1119,3,2.50174E+14
21020185,23/04/2021 17:16,First Half (4PM - Midnight),"IBBETSON ST & SOMERVILLE AV Somerville, MA",DAYLIGHT,CLEAR,DRY,NONE,TRAFFIC CONTROL SIGNAL,T-INTERSECTION,"TWO-WAY, DIVIDED, UNPROTECTED MEDIAN",REAR-END,COLLISION WITH MOTOR VEHICLE IN TRAFFIC,UNKNOWN,25,0,0,0,0,0,3,1,0,0,0,0,0,0,42.3849,-71.1124,3,2.50174E+14
20061764,22/12/2020 16:39,First Half (4PM - Midnight),"SOMERVILLE AVE & IBBETSON ST Somerville, MA",DUSK,CLEAR,WET,NONE,NO CONTROLS,T-INTERSECTION,"TWO-WAY, NOT DIVIDED",REAR-END,COLLISION WITH MOTOR VEHICLE IN TRAFFIC,ROADWAY,25,0,0,0,0,0,3,0,0,0,0,0,0,0,42.3849,-71.1124,3,2.50174E+14
19029076,25/05/2019 21:13,First Half (4PM - Midnight),"LOWELL ST & SOMERVILLE AV Somerville, MA",DARK - LIGHTED ROADWAY,CLEAR,DRY,NONE,TRAFFIC CONTROL SIGNAL,T-INTERSECTION,"TWO-WAY, NOT DIVIDED",HEAD ON,COLLISION WITH PEDALCYCLE,ROADWAY,30,0,0,0,1,0,1,0,0,1,0,1,0,0,42.3846,-71.1119,3,2.50174E+14
23019485,12/04/2023 09:22,Day Shift (8AM - 4PM),"SOMERVILLE AVE & LOWELL ST Somerville, MA",DAYLIGHT,CLOUDY,DRY,NONE,TRAFFIC CONTROL SIGNAL,T-INTERSECTION,"TWO-WAY, NOT DIVIDED",REAR-END,COLLISION WITH MOTOR VEHICLE IN TRAFFIC,ROADWAY,25,0,0,0,0,0,3,0,0,0,0,0,0,0,42.3846,-71.1119,3,2.50174E+14
20050048,16/10/2020 08:51,Day Shift (8AM - 4PM),"LOWELL ST & SOMERVILLE AV Somerville, MA",DAYLIGHT,CLOUDY,DRY,NONE,NO CONTROLS,T-INTERSECTION,"TWO-WAY, NOT DIVIDED",ANGLE,COLLISION WITH PEDALCYCLE,ROADWAY,25,0,0,0,1,0,1,0,0,1,0,1,0,0,42.3846,-71.1119,3,2.50174E+14
23053737,18/09/2023 22:54,First Half (4PM - Midnight),"MOSSLAND ST & SOMERVILLE AV Somerville, MA",DARK - LIGHTED ROADWAY,RAIN,WET,UNKNOWN,TRAFFIC CONTROL SIGNAL,NOT AT INTERSECTION,"TWO-WAY, NOT DIVIDED",REAR-END,COLLISION WITH MOTOR VEHICLE IN TRAFFIC,ROADWAY,25,0,0,0,0,1,1,0,0,1,0,1,0,0,42.3872,-71.1167,2,2.50174E+14
19004407,24/01/2019 21:50,First Half (4PM - Midnight),"MOSSLAND ST & SOMERVILLE AVE Somerville, MA",DARK - LIGHTED ROADWAY,RAIN,WET,NONE,TRAFFIC CONTROL SIGNAL,UNKNOWN,UNKNOWN,"SIDESWIPE, SAME DIRECTION",COLLISION WITH PEDALCYCLE,UNKNOWN,25,0,0,0,1,0,2,0,0,1,0,1,0,0,42.3872,-71.1167,2,2.50174E+14
20053193,02/11/2020 11:31,Day Shift (8AM - 4PM),"BEACON ST & ROSELAND ST Somerville, MA",DAYLIGHT,CLOUDY,DRY,NONE,NO CONTROLS,T-INTERSECTION,"TWO-WAY, NOT DIVIDED",REAR-END,COLLISION WITH MOTOR VEHICLE IN TRAFFIC,ROADWAY,25,0,0,0,0,0,3,0,0,0,0,0,0,0,42.3867,-71.1163,2,2.50174E+14
20009306,18/02/2020 18:22,First Half (4PM - Midnight),"BEACON ST & ROSELAND ST Somerville, MA",DARK - LIGHTED ROADWAY,RAIN,WET,UNKNOWN,NO CONTROLS,T-INTERSECTION,"TWO-WAY, DIVIDED, UNPROTECTED MEDIAN",SINGLE VEHICLE CRASH,COLLISION WITH PEDESTRIAN,ROADWAY,25,0,0,0,1,0,2,0,0,1,1,0,0,0,42.3867,-71.1163,2,2.50174E+14
24018285,02/04/2024 16:07,First Half (4PM - Midnight),"374 BEACON ST Somerville, MA",DAYLIGHT,CLEAR,DRY,NONE,NO CONTROLS,NOT AT INTERSECTION,"TWO-WAY, DIVIDED, UNPROTECTED MEDIAN",REAR-END,COLLISION WITH PEDALCYCLE,ROADWAY,25,0,0,0,0,0,2,0,0,1,0,1,0,0,42.3864,-71.1165,2,2.50174E+14
22027991,20/05/2022 07:40,Last Half (Midnight - 8AM),"BEACON ST & OXFORD ST Somerville, MA",DAYLIGHT,CLOUDY,DRY,NONE,NO CONTROLS,T-INTERSECTION,"TWO-WAY, NOT DIVIDED","SIDESWIPE, SAME DIRECTION",COLLISION WITH PEDALCYCLE,ROADWAY,25,0,0,0,1,0,2,0,0,1,0,1,0,0,42.3862,-71.1161,2,2.50174E+14
23036049,28/06/2023 08:32,Day Shift (8AM - 4PM),"BEACON ST & PRENTISS ST Somerville, MA",DAYLIGHT,RAIN,WET,OBSTRUCTION IN ROADWAY,NO CONTROLS,T-INTERSECTION,"TWO-WAY, DIVIDED, UNPROTECTED MEDIAN",SINGLE VEHICLE CRASH,COLLISION WITH PEDALCYCLE,ROADWAY,25,0,0,0,0,0,2,0,0,1,0,1,0,0,42.3847,-71.1143,2,2.50174E+14
21049277,19/09/2021 18:19,First Half (4PM - Midnight),"347 BEACON ST Somerville, MA",DUSK,CLEAR,DRY,NONE,NO CONTROLS,UNKNOWN,"TWO-WAY, NOT DIVIDED",HEAD ON,COLLISION WITH PEDALCYCLE,ROADWAY,25,0,0,0,1,0,2,0,0,1,0,1,0,0,42.3856,-71.1151,2,2.50174E+14
19025594,09/05/2019 18:33,First Half (4PM - Midnight),"BEACON ST & FOREST ST Somerville, MA",DAYLIGHT,CLEAR,DRY,NONE,NO CONTROLS,T-INTERSECTION,"TWO-WAY, NOT DIVIDED",ANGLE,COLLISION WITH MOTOR VEHICLE IN TRAFFIC,ROADWAY,25,0,0,0,0,0,2,0,0,0,0,0,0,0,42.3855,-71.1152,2,2.50174E+14
18066229,07/11/2018 18:52,First Half (4PM - Midnight),"BEACON ST & OXFORD ST Somerville, MA",DARK - LIGHTED ROADWAY,CLEAR,DRY,NONE,STOP SIGNS,T-INTERSECTION,"TWO-WAY, DIVIDED, UNPROTECTED MEDIAN",SINGLE VEHICLE CRASH,COLLISION WITH PEDALCYCLE,ROADWAY,25,0,0,0,1,0,2,0,0,1,0,1,0,0,42.3862,-71.1161,2,2.50174E+14
19069287,06/12/2019 19:28,First Half (4PM - Midnight),"1 GREENWOOD TERR Somerville, MA",DARK - LIGHTED ROADWAY,RAIN,WET,NONE,NO CONTROLS,NOT AT INTERSECTION,"TWO-WAY, NOT DIVIDED","SIDESWIPE, SAME DIRECTION",COLLISION WITH PARKED MOTOR VEHICLE,ROADSIDE,25,0,0,0,0,0,3,0,0,0,0,0,0,0,42.385,-71.1145,2,2.50174E+14
19054200,20/09/2019 18:57,First Half (4PM - Midnight),"BEACON ST & FOREST ST Somerville, MA",DARK - LIGHTED ROADWAY,CLEAR,DRY,NONE,NO CONTROLS,T-INTERSECTION,"TWO-WAY, NOT DIVIDED",HEAD ON,COLLISION WITH PEDALCYCLE,ROADWAY,20,0,0,0,0,0,0,5,0,1,0,1,0,0,42.3855,-71.1152,2,2.50174E+14
21060775,20/11/2021 09:18,Day Shift (8AM - 4PM),"BEACON ST & PRENTISS ST Somerville, MA",DAYLIGHT,CLEAR,DRY,NONE,NO CONTROLS,T-INTERSECTION,"TWO-WAY, DIVIDED, UNPROTECTED MEDIAN",ANGLE,COLLISION WITH PEDALCYCLE,OUTSIDE ROADWAY,25,0,0,0,1,0,2,0,0,1,0,1,0,0,42.3847,-71.1143,2,2.50174E+14
23056752,03/10/2023 08:00,Day Shift (8AM - 4PM),"BEACON ST & OXFORD ST Somerville, MA",DAYLIGHT,CLEAR,DRY,NONE,NO CONTROLS,T-INTERSECTION,"TWO-WAY, NOT DIVIDED","SIDESWIPE, SAME DIRECTION",COLLISION WITH MOTOR VEHICLE IN TRAFFIC,ROADWAY,25,0,0,0,1,0,1,0,0,1,0,1,0,0,42.3862,-71.1161,2,2.50174E+14
23047353,20/08/2023 17:57,First Half (4PM - Midnight),"BEACON ST & OXFORD ST Somerville, MA",DAYLIGHT,CLEAR,DRY,NONE,NO CONTROLS,T-INTERSECTION,"TWO-WAY, NOT DIVIDED",ANGLE,COLLISION WITH MOTOR VEHICLE IN TRAFFIC,ROADWAY,25,0,0,0,1,0,2,0,0,1,0,1,0,0,42.3862,-71.1161,2,2.50174E+14
18066392,08/11/2018 12:06,Day Shift (8AM - 4PM),"662 SOMERVILLE AVE Somerville, MA",DAYLIGHT,CLEAR,DRY,NONE,NO CONTROLS,NOT AT INTERSECTION,"TWO-WAY, DIVIDED, UNPROTECTED MEDIAN",ANGLE,COLLISION WITH MOTOR VEHICLE IN TRAFFIC,ROADWAY,25,0,0,0,1,0,1,0,0,0,0,0,0,0,42.3847,-71.1123,2,2.50174E+14
19066948,23/11/2019 15:15,Day Shift (8AM - 4PM),"652 SOMERVILLE AV Somerville, MA",DAYLIGHT,CLOUDY,DRY,NONE,TRAFFIC CONTROL SIGNAL,T-INTERSECTION,"TWO-WAY, NOT DIVIDED",REAR-END,COLLISION WITH MOTOR VEHICLE IN TRAFFIC,ROADWAY,20,0,0,0,0,1,4,0,0,0,0,0,0,0,42.3845,-71.112,2,2.50174E+14
21035999,14/07/2021 07:55,Last Half (Midnight - 8AM),"680 SOMERVILLE AV Somerville, MA",DAYLIGHT,CLOUDY,DRY,NONE,TRAFFIC CONTROL SIGNAL,T-INTERSECTION,"TWO-WAY, NOT DIVIDED",REAR-END,COLLISION WITH MOTOR VEHICLE IN TRAFFIC,ROADWAY,25,0,0,0,0,0,3,0,0,0,0,0,0,0,42.3851,-71.1132,2,2.50174E+14
19008279,14/02/2019 18:42,First Half (4PM - Midnight),"BEACON ST & MILLER ST Somerville, MA",DARK - LIGHTED ROADWAY,CLEAR,DRY,NONE,TRAFFIC CONTROL SIGNAL,T-INTERSECTION,UNKNOWN,"SIDESWIPE, SAME DIRECTION",COLLISION WITH MOTOR VEHICLE IN TRAFFIC,UNKNOWN,20,0,0,0,0,0,3,0,0,0,0,0,0,0,42.3842,-71.1136,2,2.50174E+14
18059756,07/10/2018 11:51,Day Shift (8AM - 4PM),"308 BEACON ST Somerville, MA",DAYLIGHT,CLEAR,DRY,NONE,NO CONTROLS,NOT AT INTERSECTION,"TWO-WAY, NOT DIVIDED","SIDESWIPE, SAME DIRECTION",COLLISION WITH MOTOR VEHICLE IN TRAFFIC,ROADSIDE,25,0,0,0,0,0,2,0,0,0,0,0,0,0,42.3839,-71.1136,2,2.50174E+14
21047489,10/09/2021 23:08,First Half (4PM - Midnight),"316 BEACON ST Somerville, MA",DARK - LIGHTED ROADWAY,CLEAR,DRY,NONE,NO CONTROLS,NOT AT INTERSECTION,"TWO-WAY, NOT DIVIDED","SIDESWIPE, SAME DIRECTION",COLLISION WITH PARKED MOTOR VEHICLE,ROADSIDE,25,0,0,0,0,0,2,0,0,0,0,0,0,0,42.3841,-71.1141,2,2.50174E+14
22030953,03/06/2022 10:21,Day Shift (8AM - 4PM),"BEACON ST & EUSTIS ST Somerville, MA",DAYLIGHT,CLOUDY,WET,OBSTRUCTION IN ROADWAY,STOP SIGNS,T-INTERSECTION,"TWO-WAY, NOT DIVIDED",ANGLE,COLLISION WITH MOTOR VEHICLE IN TRAFFIC,ROADWAY,25,0,0,0,0,0,6,0,0,0,0,0,0,0,42.3837,-71.1131,2,2.50174E+14
21036392,16/07/2021 09:46,Day Shift (8AM - 4PM),"290 BEACON ST Somerville, MA",DAYLIGHT,CLEAR,DRY,NONE,NO CONTROLS,NOT AT INTERSECTION,"TWO-WAY, NOT DIVIDED",ANGLE,COLLISION WITH PEDALCYCLE,ROADWAY,25,0,0,0,0,1,2,0,0,1,0,1,0,0,42.3833,-71.1129,2,2.50174E+14
19047643,20/08/2019 13:50,Day Shift (8AM - 4PM),"260 BEACON ST Somerville, MA",DAYLIGHT,CLEAR,DRY,TRAFFIC CONGESTION RELATED,NO CONTROLS,NOT AT INTERSECTION,"TWO-WAY, NOT DIVIDED",REAR-END,COLLISION WITH MOTOR VEHICLE IN TRAFFIC,ROADWAY,20,1,0,0,0,0,1,1,0,0,0,0,0,0,42.3823,-71.1119,2,2.50174E+14
21029100,09/06/2021 15:45,Day Shift (8AM - 4PM),"278 BEACON ST Somerville, MA",DAYLIGHT,CLEAR,DRY,NONE,NO CONTROLS,NOT AT INTERSECTION,"TWO-WAY, DIVIDED, UNPROTECTED MEDIAN",ANGLE,COLLISION WITH MOTOR VEHICLE IN TRAFFIC,ROADWAY,25,0,0,0,1,0,3,1,0,0,0,0,0,0,42.3828,-71.1124,2,2.50174E+14
20060492,15/12/2020 16:01,First Half (4PM - Midnight),"260 BEACON ST Somerville, MA",DUSK,CLOUDY,DRY,NONE,NO CONTROLS,NOT AT INTERSECTION,"TWO-WAY, NOT DIVIDED",REAR-END,COLLISION WITH MOTOR VEHICLE IN TRAFFIC,ROADWAY,20,0,0,0,0,0,1,1,0,0,0,0,0,0,42.3823,-71.1119,2,2.50174E+14
20009907,21/02/2020 21:49,First Half (4PM - Midnight),"252 BEACON ST Somerville, MA",DARK - UNKNOWN ROADWAY LIGHTING,CLEAR,DRY,NONE,NO CONTROLS,NOT AT INTERSECTION,"TWO-WAY, NOT DIVIDED","SIDESWIPE, SAME DIRECTION",COLLISION WITH PARKED MOTOR VEHICLE,ROADWAY,20,0,0,0,0,1,2,0,0,0,0,0,0,0,42.3822,-71.1115,2,2.50174E+14
19067929,29/11/2019 11:33,Day Shift (8AM - 4PM),"244 BEACON ST Somerville, MA",DAYLIGHT,CLEAR,DRY,NONE,FLASHING TRAFIC CONTROL SIGNAL,T-INTERSECTION,"TWO-WAY, NOT DIVIDED","SIDESWIPE, SAME DIRECTION",COLLISION WITH PARKED MOTOR VEHICLE,ROADWAY,25,0,0,0,0,1,3,0,0,0,0,0,0,0,42.3821,-71.1113,2,2.50174E+14
19061983,29/10/2019 08:33,Day Shift (8AM - 4PM),"ELM ST & WHITE ST Somerville, MA",DAYLIGHT,CLOUDY,WET,NONE,NO CONTROLS,T-INTERSECTION,"TWO-WAY, NOT DIVIDED",ANGLE,COLLISION WITH PEDALCYCLE,ROADWAY,25,0,0,0,0,1,2,0,0,1,0,1,0,0,42.3896,-71.117,6,2.50174E+14
24012216,04/03/2024 08:39,Day Shift (8AM - 4PM),"CHERRY ST & ELM ST Somerville, MA",DAYLIGHT,CLEAR,DRY,NONE,NO CONTROLS,T-INTERSECTION,"TWO-WAY, NOT DIVIDED","SIDESWIPE, SAME DIRECTION",COLLISION WITH MOTOR VEHICLE IN TRAFFIC,ROADWAY,20,0,0,0,0,1,1,0,0,1,0,1,0,0,42.3892,-71.1166,6,2.50174E+14
21033376,01/07/2021 20:49,First Half (4PM - Midnight),"101 ELM ST Somerville, MA",DARK - LIGHTED ROADWAY,RAIN,WET,NONE,NO CONTROLS,NOT AT INTERSECTION,"TWO-WAY, NOT DIVIDED","SIDESWIPE, SAME DIRECTION",COLLISION WITH PEDALCYCLE,ROADWAY,20,0,0,0,1,0,1,0,0,1,0,1,0,0,42.3898,-71.117,6,2.50174E+14
18045493,31/07/2018 13:26,Day Shift (8AM - 4PM),"CHERRY ST & ELM ST Somerville, MA",DAYLIGHT,CLEAR,DRY,NONE,STOP SIGNS,T-INTERSECTION,"TWO-WAY, DIVIDED, UNPROTECTED MEDIAN",ANGLE,COLLISION WITH MOTOR VEHICLE IN TRAFFIC,ROADWAY,25,0,0,0,0,0,2,0,0,0,0,0,0,0,42.3892,-71.1166,6,2.50174E+14
19067428,26/11/2019 10:05,Day Shift (8AM - 4PM),"264 SUMMER ST Somerville, MA",DAYLIGHT,CLEAR,DRY,NONE,NO CONTROLS,NOT AT INTERSECTION,"TWO-WAY, NOT DIVIDED",SINGLE VEHICLE CRASH,COLLISION WITH PEDESTRIAN,ROADWAY,25,0,0,0,0,1,2,0,0,1,1,0,0,0,42.3905,-71.114,5,2.50174E+14
21031501,22/06/2021 14:50,Day Shift (8AM - 4PM),"11 SARTWELL AV Somerville, MA",DAYLIGHT,RAIN,WET,UNKNOWN,NO CONTROLS,T-INTERSECTION,"ONE-WAY, NOT DIVIDED",SINGLE VEHICLE CRASH,COLLISION WITH UNKNOWN FIXED OBJECT,OUTSIDE ROADWAY,20,0,0,0,0,0,2,0,0,0,0,0,0,0,42.3897,-71.1149,5,2.50174E+14