Crash Number,Date and Time of Crash,Police Shift,Crash Location,Light Conditions,Weather Conditions,Road Surface,Road Contributing Circumstances,Traffic Control Device Type,Roadway Intersection Type,Trafficway Description,Manner of Collision,First Harmful Event,First Harmful Event Location,Speed Limit,Work Zone,Count Fatal Injury ,Count Suspected Serious Injury,Count Suspected Minor Injury ,Count Possible Injury,Count No Apparent Injury,Count Unknown Injury,Count Not Reported Injury,Total Non-Motorists,Pedestrian Involvement (Non-Motorist),Cyclist Involvement (Non-Motorist),Other Non-Motorist Involvement,Hit and Run Flag,Latitude,Longitude,Ward,Block Code 
20052710,30/10/2020 15:07,Day Shift (8AM - 4PM),"CEDAR ST & ELM ST Somerville, MA",DAYLIGHT,CLOUDY,WET,NONE,TRAFFIC CONTROL SIGNAL,T-INTERSECTION,"TWO-WAY, NOT DIVIDED",ANGLE,COLLISION WITH MOTOR VEHICLE IN TRAFFIC,ROADWAY,25,0,0,0,0,0,6,0,0,0,0,0,0,0,42.3879,-71.1154,5,2.50174E+14
23034626,21/06/2023 10:01,Day Shift (8AM - 4PM),"ELM ST & MOSSLAND ST Somerville, MA",DAYLIGHT,CLEAR,DRY,NONE,FLASHING TRAFIC CONTROL SIGNAL,FOUR WAY INTERSECTION,"TWO-WAY, DIVIDED, UNPROTECTED MEDIAN",REAR TO REAR,COLLISION WITH MOTOR VEHICLE IN TRAFFIC,OUTSIDE ROADWAY,25,0,0,0,0,0,3,0,0,0,0,0,0,0,42.3879,-71.1154,5,2.50174E+14
21033146,30/06/2021 19:49,First Half (4PM - Midnight),"CEDAR ST & ELM ST Somerville, MA",DARK - LIGHTED ROADWAY,RAIN,WET,UNKNOWN,TRAFFIC CONTROL SIGNAL,FOUR WAY INTERSECTION,"TWO-WAY, NOT DIVIDED",ANGLE,COLLISION WITH MOTOR VEHICLE IN TRAFFIC,ROADWAY,20,0,0,0,3,0,0,0,0,0,0,0,0,0,42.3879,-71.1154,5,2.50174E+14
19030956,03/06/2019 13:36,Day Shift (8AM - 4PM),"CEDAR ST & ELM ST Somerville, MA",DAYLIGHT,CLEAR,DRY,NONE,TRAFFIC CONTROL SIGNAL,FOUR WAY INTERSECTION,"TWO-WAY, NOT DIVIDED",ANGLE,COLLISION WITH MOTOR VEHICLE IN TRAFFIC,ROADWAY,25,0,0,0,1,0,1,0,0,0,0,0,0,0,42.3879,-71.1154,5,2.50174E+14
24014087,13/03/2024 04:19,Last Half (Midnight - 8AM),"ELM ST & MOSSLAND ST Somerville, MA",DARK - LIGHTED ROADWAY,CLEAR,DRY,NONE,TRAFFIC CONTROL SIGNAL,FOUR WAY INTERSECTION,"TWO-WAY, DIVIDED, UNPROTECTED MEDIAN","SIDESWIPE, SAME DIRECTION",COLLISION WITH MOTOR VEHICLE IN TRAFFIC,ROADWAY,20,0,0,0,0,0,2,0,0,0,0,0,0,0,42.3879,-71.1154,5,2.50174E+14
20004879,27/01/2020 17:43,First Half (4PM - Midnight),"ELM ST & CEDAR Somerville, MA",DUSK,CLEAR,DRY,NONE,TRAFFIC CONTROL SIGNAL,FOUR WAY INTERSECTION,"TWO-WAY, NOT DIVIDED",REAR-END,COLLISION WITH MOTOR VEHICLE IN TRAFFIC,ROADWAY,30,0,0,0,0,3,3,0,0,0,0,0,0,0,42.3879,-71.1154,5,2.50174E+14
21004017,21/01/2021 08:07,Day Shift (8AM - 4PM),"58 PORTER ST Somerville, MA",DAYLIGHT,CLOUDY,DRY,NONE,NO CONTROLS,NOT AT INTERSECTION,"TWO-WAY, NOT DIVIDED","SIDESWIPE, OPPOSITE DIRECTION",COLLISION WITH MOTOR VEHICLE IN TRAFFIC,ROADWAY,25,0,0,0,0,0,3,0,0,0,0,0,0,0,42.3891,-71.1118,5,2.50174E+14
18026134,03/05/2018 11:42,Day Shift (8AM - 4PM),"33 LINDEN AV Somerville, MA",DAYLIGHT,CLOUDY,DRY,NONE,NO CONTROLS,DRIVEWAY,"TWO-WAY, NOT DIVIDED",SINGLE VEHICLE CRASH,OTHER,OUTSIDE ROADWAY,25,0,0,0,0,0,1,0,0,0,0,0,0,0,42.3887,-71.1132,5,2.50174E+14
23004276,25/01/2023 07:47,Last Half (Midnight - 8AM),"13 ELM ST Somerville, MA",DAYLIGHT,CLEAR,UNKNOWN,UNKNOWN,NO CONTROLS,UNKNOWN,"TWO-WAY, NOT DIVIDED","SIDESWIPE, OPPOSITE DIRECTION",OTHER,ROADWAY,25,0,0,0,0,0,2,0,0,0,0,0,0,0,42.3864,-71.1138,5,2.50174E+14
22066832,23/11/2022 12:22,Day Shift (8AM - 4PM),"701 SOMERVILLE AV Somerville, MA",DAYLIGHT,CLEAR,DRY,OBSTRUCTION IN ROADWAY,NO CONTROLS,NOT AT INTERSECTION,"TWO-WAY, NOT DIVIDED",ANGLE,COLLISION WITH PEDALCYCLE,ROADWAY,25,0,0,0,0,1,1,0,0,1,0,1,0,0,42.3859,-71.1139,5,2.50174E+14
23003646,21/01/2023 18:13,First Half (4PM - Midnight),"BEACON ST & SOMERVILLE AV Somerville, MA",DARK - LIGHTED ROADWAY,CLEAR,DRY,NONE,FLASHING TRAFIC CONTROL SIGNAL,T-INTERSECTION,"TWO-WAY, DIVIDED, UNPROTECTED MEDIAN",ANGLE,COLLISION WITH MOTOR VEHICLE IN TRAFFIC,ROADWAY,25,0,0,0,0,0,3,0,0,0,0,0,0,0,42.3869,-71.1161,5,2.50174E+14
19071710,19/12/2019 11:51,Day Shift (8AM - 4PM),"BEACON ST & SOMERVILLE AV Somerville, MA",DAYLIGHT,CLEAR,DRY,NONE,TRAFFIC CONTROL SIGNAL,T-INTERSECTION,"TWO-WAY, NOT DIVIDED",HEAD ON,COLLISION WITH MOTOR VEHICLE IN TRAFFIC,ROADWAY,25,0,0,0,0,0,2,0,0,0,0,0,0,0,42.3869,-71.1161,5,2.50174E+14
21030724,18/06/2021 08:56,Day Shift (8AM - 4PM),"ELM ST & SOMERVILLE AV Somerville, MA",DAYLIGHT,CLEAR,DRY,NONE,TRAFFIC CONTROL SIGNAL,Y-INTERSECTION,"TWO-WAY, NOT DIVIDED","SIDESWIPE, SAME DIRECTION",COLLISION WITH MOTOR VEHICLE IN TRAFFIC,ROADWAY,25,0,0,0,0,0,3,0,0,0,0,0,0,0,42.3858,-71.1135,5,2.50174E+14
19005798,01/02/2019 08:26,Day Shift (8AM - 4PM),"BEACON ST & SOMERVILLE AV Somerville, MA",DAYLIGHT,CLEAR,DRY,NONE,NO CONTROLS,T-INTERSECTION,"TWO-WAY, NOT DIVIDED","SIDESWIPE, SAME DIRECTION",COLLISION WITH PARKED MOTOR VEHICLE,ROADWAY,25,0,0,0,0,0,3,0,0,0,0,0,0,0,42.3869,-71.1161,5,2.50174E+14
18034332,09/06/2018 15:25,Day Shift (8AM - 4PM),"701 SOMERVILLE AV Somerville, MA",DAYLIGHT,CLEAR,DRY,NONE,NO CONTROLS,NOT AT INTERSECTION,"TWO-WAY, NOT DIVIDED",ANGLE,COLLISION WITH PEDALCYCLE,ROADWAY,30,0,0,0,1,0,2,0,0,1,0,1,0,0,42.3859,-71.1139,5,2.50174E+14
21022425,05/05/2021 12:41,Day Shift (8AM - 4PM),"BEACON ST & SOMERVILLE AVE Somerville, MA",DAYLIGHT,CLEAR,DRY,NONE,NO CONTROLS,T-INTERSECTION,"TWO-WAY, NOT DIVIDED",SINGLE VEHICLE CRASH,COLLISION WITH LIGHT POLE OR OTHER POST/SUPPORT,ROADWAY,25,0,0,0,0,0,1,0,0,0,0,0,0,0,42.3869,-71.1161,5,2.50174E+14
18070539,29/11/2018 10:04,Day Shift (8AM - 4PM),"CRAIGIE ST & SOMERVILLE AV Somerville, MA",DAYLIGHT,CLEAR,DRY,NONE,STOP SIGNS,T-INTERSECTION,"TWO-WAY, NOT DIVIDED",ANGLE,COLLISION WITH PEDALCYCLE,ROADWAY,25,0,0,0,0,1,1,0,0,1,0,1,0,0,42.3851,-71.1129,5,2.50174E+14
22011192,04/03/2022 08:13,Day Shift (8AM - 4PM),"ELM ST & PORTER ST Somerville, MA",DAYLIGHT,CLEAR,DRY,NONE,NO CONTROLS,T-INTERSECTION,"TWO-WAY, NOT DIVIDED",ANGLE,COLLISION WITH MOTOR VEHICLE IN TRAFFIC,ROADWAY,25,0,0,0,1,0,0,0,0,0,0,0,0,1,42.3861,-71.1138,5,2.50174E+14
21023555,11/05/2021 21:18,First Half (4PM - Midnight),"3 MOSSLAND ST Somerville, MA",DARK - LIGHTED ROADWAY,CLEAR,DRY,NONE,TRAFFIC CONTROL SIGNAL,NOT AT INTERSECTION,"ONE-WAY, NOT DIVIDED","SIDESWIPE, SAME DIRECTION",COLLISION WITH MOTOR VEHICLE IN TRAFFIC,ROADWAY,25,0,0,0,1,0,2,0,0,1,0,1,0,0,42.3873,-71.1163,5,2.50174E+14
19026915,16/05/2019 15:03,Day Shift (8AM - 4PM),"723 SOMERVILLE AV Somerville, MA",DAYLIGHT,CLEAR,DRY,NONE,NO CONTROLS,DRIVEWAY,"TWO-WAY, NOT DIVIDED",SINGLE VEHICLE CRASH,COLLISION WITH PEDESTRIAN,ROADWAY,25,0,0,0,0,1,2,0,0,1,1,0,0,0,42.3861,-71.1142,5,2.50174E+14
19068296,01/12/2019 23:00,First Half (4PM - Midnight),"30 ELM ST Somerville, MA",DARK - LIGHTED ROADWAY,SNOW,SNOW,ROAD SURFACE CONDITION,STOP SIGNS,T-INTERSECTION,"TWO-WAY, NOT DIVIDED",SINGLE VEHICLE CRASH,OTHER,OUTSIDE ROADWAY,25,0,0,0,0,0,1,0,0,0,0,0,0,0,42.3868,-71.1148,5,2.50174E+14
22001821,13/01/2022 06:06,Last Half (Midnight - 8AM),"BEACON ST & SOMERVILLE AVE Somerville, MA",DARK - LIGHTED ROADWAY,CLEAR,UNKNOWN,NONE,TRAFFIC CONTROL SIGNAL,T-INTERSECTION,UNKNOWN,"SIDESWIPE, OPPOSITE DIRECTION",COLLISION WITH MOTOR VEHICLE IN TRAFFIC,ROADWAY,25,0,0,0,0,0,0,2,0,0,0,0,0,0,42.3869,-71.1161,5,2.50174E+14
19023565,29/04/2019 18:57,First Half (4PM - Midnight),"ELM ST & PORTER ST Somerville, MA",DAYLIGHT,CLOUDY,DRY,NONE,NO CONTROLS,T-INTERSECTION,"TWO-WAY, NOT DIVIDED",ANGLE,COLLISION WITH PEDALCYCLE,ROADWAY,30,0,0,0,0,1,2,0,0,1,0,1,0,0,42.3861,-71.1138,5,2.50174E+14
21064742,16/12/2021 16:43,First Half (4PM - Midnight),"ELM ST & PORTER ST Somerville, MA",DARK - LIGHTED ROADWAY,CLEAR,DRY,NONE,NO CONTROLS,T-INTERSECTION,"TWO-WAY, DIVIDED, UNPROTECTED MEDIAN",SINGLE VEHICLE CRASH,COLLISION WITH PEDESTRIAN,ROADWAY,25,0,0,1,0,0,3,0,0,1,1,0,0,0,42.3861,-71.1138,5,2.50174E+14
19037377,02/07/2019 11:30,Day Shift (8AM - 4PM),"ELM ST & PORTER ST Somerville, MA",DAYLIGHT,CLOUDY,DRY,NONE,NO CONTROLS,T-INTERSECTION,"TWO-WAY, NOT DIVIDED",SINGLE VEHICLE CRASH,COLLISION WITH PEDESTRIAN,ROADWAY,25,0,0,0,1,0,1,0,0,1,1,0,0,0,42.3861,-71.1138,5,2.50174E+14
19005596,31/01/2019 07:59,Last Half (Midnight - 8AM),"727 SOMERVILLE AV Somerville, MA",DAYLIGHT,CLEAR,DRY,NONE,NO CONTROLS,NOT AT INTERSECTION,"TWO-WAY, DIVIDED, UNPROTECTED MEDIAN","SIDESWIPE, SAME DIRECTION",COLLISION WITH MOTOR VEHICLE IN TRAFFIC,ROADWAY,25,0,0,0,1,0,3,0,0,0,0,0,0,0,42.3863,-71.1147,5,2.50174E+14
21019251,17/04/2021 23:33,First Half (4PM - Midnight),"20 MOSSLAND ST Somerville, MA",DARK - LIGHTED ROADWAY,CLEAR,DRY,NONE,NO CONTROLS,NOT AT INTERSECTION,"ONE-WAY, NOT DIVIDED",UNKNOWN,COLLISION WITH PARKED MOTOR VEHICLE,ROADWAY,20,0,0,0,0,0,2,1,0,0,0,0,0,0,42.3878,-71.1159,5,2.50174E+14
19026206,13/05/2019 07:45,Last Half (Midnight - 8AM),"76 ELM ST Somerville, MA",DAYLIGHT,CLEAR,DRY,NONE,NO CONTROLS,NOT AT INTERSECTION,"TWO-WAY, NOT DIVIDED","SIDESWIPE, SAME DIRECTION",COLLISION WITH PEDALCYCLE,ROADWAY,20,0,0,0,1,0,1,0,0,1,0,1,0,0,42.3886,-71.1164,5,2.50174E+14
23005231,30/01/2023 14:19,Day Shift (8AM - 4PM),"ELM ST & HOLYOKE RD Somerville, MA",DAYLIGHT,CLOUDY,DRY,NONE,NO CONTROLS,T-INTERSECTION,"TWO-WAY, NOT DIVIDED",ANGLE,COLLISION WITH PARKED MOTOR VEHICLE,ROADWAY,25,0,0,0,0,0,4,0,0,0,0,0,0,0,42.389,-71.1164,5,2.50174E+14
18058655,01/10/2018 18:16,First Half (4PM - Midnight),"ELM ST & HOLYOKE RD Somerville, MA",DARK - LIGHTED ROADWAY,RAIN,WET,NONE,NO CONTROLS,T-INTERSECTION,"TWO-WAY, NOT DIVIDED",SINGLE VEHICLE CRASH,COLLISION WITH MOTOR VEHICLE IN TRAFFIC,ROADWAY,25,0,0,0,0,0,5,0,0,0,0,0,0,0,42.389,-71.1164,5,2.50174E+14
21028817,08/06/2021 09:05,Day Shift (8AM - 4PM),"28 CEDAR ST Somerville, MA",DAYLIGHT,CLEAR,DRY,NONE,NO CONTROLS,NOT AT INTERSECTION,"ONE-WAY, NOT DIVIDED","SIDESWIPE, SAME DIRECTION",COLLISION WITH PARKED MOTOR VEHICLE,ROADWAY,20,0,0,0,0,0,4,0,0,0,0,0,0,0,42.3892,-71.1148,5,2.50174E+14
22050853,08/09/2022 18:55,First Half (4PM - Midnight),"789 SOMERVILLE AV Somerville, MA",DAYLIGHT,CLEAR,DRY,NONE,NO CONTROLS,NOT AT INTERSECTION,"TWO-WAY, DIVIDED, UNPROTECTED MEDIAN",SINGLE VEHICLE CRASH,COLLISION WITH PEDALCYCLE,ROADWAY,25,0,0,0,0,0,2,0,0,1,0,1,0,0,42.3876,-71.1171,5,2.50174E+14
21055147,19/10/2021 21:50,First Half (4PM - Midnight),"781 SOMERVILLE AV Somerville, MA",DARK - LIGHTED ROADWAY,CLEAR,DRY,NONE,TRAFFIC CONTROL SIGNAL,UNKNOWN,"TWO-WAY, NOT DIVIDED",REAR-END,COLLISION WITH MOTOR VEHICLE IN TRAFFIC,ROADWAY,25,0,0,0,0,1,2,0,0,0,0,0,0,0,42.3874,-71.1168,5,2.50174E+14
20015174,17/03/2020 23:01,First Half (4PM - Midnight),"801 SOMERVILLE AVE Somerville, MA",DARK - LIGHTED ROADWAY,CLEAR,DRY,NONE,NO CONTROLS,NOT AT INTERSECTION,"TWO-WAY, NOT DIVIDED",SINGLE VEHICLE CRASH,COLLISION WITH GUARDRAIL,OUTSIDE ROADWAY,25,1,0,1,0,0,2,0,0,0,0,0,0,0,42.3879,-71.1175,5,2.50174E+14
20047391,02/10/2020 07:53,Last Half (Midnight - 8AM),"ALBION ST & LOWELL ST Somerville, MA",DAYLIGHT,CLOUDY,DRY,NONE,STOP SIGNS,T-INTERSECTION,"TWO-WAY, DIVIDED, UNPROTECTED MEDIAN",UNKNOWN,COLLISION WITH MOTOR VEHICLE IN TRAFFIC,ROADWAY,20,0,0,0,0,0,2,0,0,0,0,0,0,0,42.3914,-71.1071,5,2.50174E+14
22069900,11/12/2022 19:08,First Half (4PM - Midnight),"ALBION ST & LOWELL ST Somerville, MA",DARK - LIGHTED ROADWAY,SNOW,ICE,OTHER,STOP SIGNS,T-INTERSECTION,"ONE-WAY, NOT DIVIDED",SINGLE VEHICLE CRASH,OTHER,ROADWAY,20,0,0,0,0,0,2,0,0,0,0,0,0,0,42.3914,-71.1071,5,2.50174E+14
20003532,20/01/2020 19:25,First Half (4PM - Midnight),"ALBION ST & LOWELL ST Somerville, MA",DARK - LIGHTED ROADWAY,CLEAR,DRY,NONE,STOP SIGNS,FOUR WAY INTERSECTION,"TWO-WAY, NOT DIVIDED",ANGLE,COLLISION WITH MOTOR VEHICLE IN TRAFFIC,ROADWAY,25,0,0,0,0,0,2,0,0,0,0,0,0,0,42.3914,-71.1071,5,2.50174E+14
19005544,30/01/2019 23:41,First Half (4PM - Midnight),"99 ALBION ST Somerville, MA",DARK - LIGHTED ROADWAY,OTHER,WET,NONE,STOP SIGNS,FOUR WAY INTERSECTION,"TWO-WAY, NOT DIVIDED",ANGLE,COLLISION WITH MOTOR VEHICLE IN TRAFFIC,ROADWAY,20,0,0,0,0,0,3,0,0,0,0,0,0,0,42.3918,-71.107,5,2.50174E+14
21016409,01/04/2021 12:32,Day Shift (8AM - 4PM),"ALBION ST & LOWELL ST Somerville, MA",DAYLIGHT,CLOUDY,WET,NONE,STOP SIGNS,FOUR WAY INTERSECTION,"TWO-WAY, NOT DIVIDED",HEAD ON,COLLISION WITH MOTOR VEHICLE IN TRAFFIC,ROADWAY,20,0,0,0,0,0,2,0,0,0,0,0,0,0,42.3914,-71.1071,5,2.50174E+14
19073633,31/12/2019 19:31,First Half (4PM - Midnight),"ALBION ST & LOWELL ST Somerville, MA",DARK - LIGHTED ROADWAY,CLEAR,WET,NONE,STOP SIGNS,FOUR WAY INTERSECTION,"TWO-WAY, NOT DIVIDED",ANGLE,COLLISION WITH MOTOR VEHICLE IN TRAFFIC,ROADWAY,25,0,0,0,0,0,4,0,0,0,0,0,0,0,42.3914,-71.1071,5,2.50174E+14
20014041,11/03/2020 13:16,Day Shift (8AM - 4PM),"ALBION ST & LOWELL ST Somerville, MA",DAYLIGHT,CLEAR,DRY,NONE,STOP SIGNS,T-INTERSECTION,"TWO-WAY, NOT DIVIDED",ANGLE,COLLISION WITH MOTOR VEHICLE IN TRAFFIC,ROADWAY,25,0,0,0,0,0,2,0,0,0,0,0,0,0,42.3914,-71.1071,5,2.50174E+14
19066372,20/11/2019 18:54,First Half (4PM - Midnight),"ALBION ST & LOWELL ST Somerville, MA",DARK - LIGHTED ROADWAY,RAIN,WET,NONE,STOP SIGNS,FOUR WAY INTERSECTION,"TWO-WAY, NOT DIVIDED",ANGLE,COLLISION WITH MOTOR VEHICLE IN TRAFFIC,ROADWAY,25,0,0,0,0,0,2,0,0,0,0,0,0,0,42.3914,-71.1071,5,2.50174E+14
21021096,28/04/2021 17:40,First Half (4PM - Midnight),"ALBION ST & LOWELL ST Somerville, MA",DAYLIGHT,CLOUDY,DRY,NONE,STOP SIGNS,T-INTERSECTION,"TWO-WAY, DIVIDED, UNPROTECTED MEDIAN",ANGLE,COLLISION WITH MOTOR VEHICLE IN TRAFFIC,ROADWAY,20,0,0,0,0,1,3,0,0,0,0,0,0,0,42.3914,-71.1071,5,2.50174E+14
20041479,27/08/2020 17:53,First Half (4PM - Midnight),"ALBION ST & LOWELL ST Somerville, MA",DAYLIGHT,CLEAR,DRY,NONE,NO CONTROLS,FOUR WAY INTERSECTION,"TWO-WAY, DIVIDED, UNPROTECTED MEDIAN",ANGLE,COLLISION WITH MOTOR VEHICLE IN TRAFFIC,ROADWAY,25,0,0,0,0,1,3,0,0,0,0,0,0,0,42.3914,-71.1071,5,2.50174E+14
20011449,28/02/2020 15:22,Day Shift (8AM - 4PM),"ALBION ST & LOWELL ST Somerville, MA",DAYLIGHT,CLEAR,DRY,NONE,NO CONTROLS,T-INTERSECTION,"TWO-WAY, NOT DIVIDED",SINGLE VEHICLE CRASH,COLLISION WITH PEDESTRIAN,ROADWAY,20,0,0,0,0,0,1,3,0,1,1,0,0,0,42.3914,-71.1071,5,2.50174E+14
19022063,22/04/2019 16:00,First Half (4PM - Midnight),"ALBION ST & LOWELL ST Somerville, MA",DAYLIGHT,RAIN,WET,NONE,STOP SIGNS,T-INTERSECTION,"TWO-WAY, NOT DIVIDED",ANGLE,COLLISION WITH MOTOR VEHICLE IN TRAFFIC,ROADWAY,25,0,0,0,0,0,4,0,0,0,0,0,0,0,42.3914,-71.1071,5,2.50174E+14
18058644,01/10/2018 16:40,First Half (4PM - Midnight),"ALBION ST & LOWELL ST Somerville, MA",DAYLIGHT,CLOUDY,WET,NONE,STOP SIGNS,FOUR WAY INTERSECTION,"TWO-WAY, NOT DIVIDED",ANGLE,COLLISION WITH MOTOR VEHICLE IN TRAFFIC,ROADWAY,20,0,0,0,0,1,4,0,0,0,0,0,0,0,42.3914,-71.1071,5,2.50174E+14
20043120,07/09/2020 16:08,First Half (4PM - Midnight),"ALBION ST & LOWELL ST Somerville, MA",DAYLIGHT,CLEAR,DRY,NONE,STOP SIGNS,FOUR WAY INTERSECTION,"TWO-WAY, DIVIDED, UNPROTECTED MEDIAN",HEAD ON,COLLISION WITH MOTOR VEHICLE IN TRAFFIC,ROADWAY,25,0,0,0,0,0,2,0,0,0,0,0,0,0,42.3914,-71.1071,5,2.50174E+14
21027021,29/05/2021 13:13,Day Shift (8AM - 4PM),"143 CEDAR ST Somerville, MA",DAYLIGHT,RAIN,WET,NONE,NO CONTROLS,NOT AT INTERSECTION,"TWO-WAY, DIVIDED, UNPROTECTED MEDIAN",HEAD ON,OTHER,OUTSIDE ROADWAY,20,0,0,0,0,0,1,0,0,0,0,0,0,0,42.3934,-71.1112,5,2.50174E+14
23058971,13/10/2023 10:58,Day Shift (8AM - 4PM),"ALBION ST & LOWELL ST Somerville, MA",DAYLIGHT,CLEAR,DRY,NONE,STOP SIGNS,T-INTERSECTION,"ONE-WAY, NOT DIVIDED",SINGLE VEHICLE CRASH,COLLISION WITH PEDALCYCLE,ROADWAY,20,0,0,0,0,1,1,0,0,1,0,1,0,0,42.3914,-71.1071,5,2.50174E+14
19072668,24/12/2019 20:28,First Half (4PM - Midnight),"ALBION ST & LOWELL ST Somerville, MA",DARK - LIGHTED ROADWAY,CLEAR,DRY,NONE,STOP SIGNS,FOUR WAY INTERSECTION,"TWO-WAY, NOT DIVIDED",ANGLE,COLLISION WITH MOTOR VEHICLE IN TRAFFIC,ROADWAY,20,0,0,0,0,0,2,0,0,0,0,0,0,0,42.3914,-71.1071,5,2.50174E+14
22033819,16/06/2022 09:36,Day Shift (8AM - 4PM),"ALBION ST & LOWELL ST Somerville, MA",DAYLIGHT,CLOUDY,DRY,NONE,STOP SIGNS,FOUR WAY INTERSECTION,"TWO-WAY, NOT DIVIDED",HEAD ON,COLLISION WITH MOTOR VEHICLE IN TRAFFIC,ROADWAY,25,0,0,0,0,0,3,0,0,0,0,0,0,0,42.3914,-71.1071,5,2.50174E+14
20057867,29/11/2020 20:20,First Half (4PM - Midnight),"179 ALBION ST Somerville, MA",DARK - LIGHTED ROADWAY,CLEAR,DRY,NONE,NO CONTROLS,NOT AT INTERSECTION,"ONE-WAY, NOT DIVIDED","SIDESWIPE, SAME DIRECTION",COLLISION WITH PARKED MOTOR VEHICLE,ROADWAY,20,0,0,0,0,0,3,0,0,0,0,0,0,0,42.3933,-71.1114,5,2.50174E+14
19037643,03/07/2019 17:48,First Half (4PM - Midnight),"ALBION ST & LOWELL ST Somerville, MA",DAYLIGHT,CLEAR,DRY,NONE,STOP SIGNS,T-INTERSECTION,"TWO-WAY, DIVIDED, UNPROTECTED MEDIAN",UNKNOWN,COLLISION WITH MOTOR VEHICLE IN TRAFFIC,ROADWAY,25,0,0,1,0,0,2,1,0,1,0,1,0,0,42.3914,-71.1071,5,2.50174E+14
19054163,20/09/2019 16:08,First Half (4PM - Midnight),"ALBION ST & LOWELL ST Somerville, MA",DAYLIGHT,CLOUDY,DRY,NONE,STOP SIGNS,T-INTERSECTION,"TWO-WAY, NOT DIVIDED",ANGLE,COLLISION WITH MOTOR VEHICLE IN TRAFFIC,ROADWAY,25,0,0,0,0,0,2,0,0,0,0,0,0,0,42.3914,-71.1071,5,2.50174E+14
19050486,02/09/2019 15:26,Day Shift (8AM - 4PM),"ALBION ST & LOWELL ST Somerville, MA",DAYLIGHT,CLOUDY,DRY,NONE,STOP SIGNS,UNKNOWN,UNKNOWN,ANGLE,COLLISION WITH MOTOR VEHICLE IN TRAFFIC,ROADWAY,25,0,0,0,0,0,2,0,0,0,0,0,0,0,42.3914,-71.1071,5,2.50174E+14
22068441,03/12/2022 15:15,Day Shift (8AM - 4PM),"ALBION ST & CEDAR ST Somerville, MA",DAYLIGHT,RAIN,WET,NONE,STOP SIGNS,T-INTERSECTION,"TWO-WAY, NOT DIVIDED",SINGLE VEHICLE CRASH,COLLISION WITH CURB,OUTSIDE ROADWAY,25,0,0,0,0,0,2,0,0,0,0,0,0,0,42.3933,-71.1116,5,2.50174E+14
23071767,14/12/2023 08:23,Day Shift (8AM - 4PM),"124 ALBION ST Somerville, MA",DAYLIGHT,CLEAR,DRY,OBSTRUCTION IN ROADWAY,NO CONTROLS,T-INTERSECTION,"ONE-WAY, NOT DIVIDED",ANGLE,COLLISION WITH MOTOR VEHICLE IN TRAFFIC,ROADWAY,20,0,0,0,0,0,2,0,0,0,0,0,0,0,42.392,-71.1089,5,2.50174E+14
22006039,07/02/2022 08:49,Day Shift (8AM - 4PM),"125 HUDSON ST Somerville, MA",DAYLIGHT,CLOUDY,WET,NONE,NO CONTROLS,NOT AT INTERSECTION,"ONE-WAY, NOT DIVIDED","SIDESWIPE, SAME DIRECTION",COLLISION WITH PARKED MOTOR VEHICLE,ROADWAY,20,0,0,0,0,0,0,1,0,1,0,0,1,0,42.3916,-71.1091,5,2.50174E+14
19062135,29/10/2019 21:01,First Half (4PM - Midnight),"CEDAR ST & SPENCER AV Somerville, MA",DARK - LIGHTED ROADWAY,RAIN,WET,NONE,NO CONTROLS,T-INTERSECTION,"ONE-WAY, NOT DIVIDED","SIDESWIPE, OPPOSITE DIRECTION",COLLISION WITH PARKED MOTOR VEHICLE,ROADWAY,25,0,0,0,0,0,1,0,0,0,0,0,0,0,42.3928,-71.112,5,2.50174E+14
21030915,19/06/2021 08:57,Day Shift (8AM - 4PM),"116 ALBION ST Somerville, MA",DAYLIGHT,CLEAR,DRY,NONE,NO CONTROLS,NOT AT INTERSECTION,"ONE-WAY, NOT DIVIDED","SIDESWIPE, OPPOSITE DIRECTION",COLLISION WITH MOTOR VEHICLE IN TRAFFIC,ROADWAY,20,0,0,0,0,0,2,0,0,0,0,0,0,1,42.3919,-71.1086,5,2.50174E+14
22000281,03/01/2022 06:53,Last Half (Midnight - 8AM),"98 HUDOSN ST Somerville, MA",DAYLIGHT,CLOUDY,DRY,NONE,NO CONTROLS,NOT AT INTERSECTION,"ONE-WAY, NOT DIVIDED","SIDESWIPE, SAME DIRECTION",COLLISION WITH PARKED MOTOR VEHICLE,ROADWAY,25,0,0,0,0,1,2,0,0,0,0,0,0,0,42.3908,-71.108,5,2.50174E+14
20033173,04/07/2020 03:31,Last Half (Midnight - 8AM),"184 LOWELL ST Somerville, MA",DARK - LIGHTED ROADWAY,CLEAR,DRY,NONE,TRAFFIC CONTROL SIGNAL,FOUR WAY INTERSECTION,"TWO-WAY, DIVIDED, UNPROTECTED MEDIAN",SINGLE VEHICLE CRASH,OTHER,OUTSIDE ROADWAY,25,0,0,0,0,0,3,0,0,0,0,0,0,1,42.3904,-71.108,5,2.50174E+14