Crash Number,Date and Time of Crash,Police Shift,Crash Location,Light Conditions,Weather Conditions,Road Surface,Road Contributing Circumstances,Traffic Control Device Type,Roadway Intersection Type,Trafficway Description,Manner of Collision,First Harmful Event,First Harmful Event Location,Speed Limit,Work Zone,Count Fatal Injury ,Count Suspected Serious Injury,Count Suspected Minor Injury ,Count Possible Injury,Count No Apparent Injury,Count Unknown Injury,Count Not Reported Injury,Total Non-Motorists,Pedestrian Involvement (Non-Motorist),Cyclist Involvement (Non-Motorist),Other Non-Motorist Involvement,Hit and Run Flag,Latitude,Longitude,Ward,Block Code 
19024953,06/05/2019 15:56,Day Shift (8AM - 4PM),"184 LOWELL STREET Somerville, MA",DAYLIGHT,CLEAR,DRY,NONE,TRAFFIC CONTROL SIGNAL,NOT AT INTERSECTION,"TWO-WAY, DIVIDED, UNPROTECTED MEDIAN",SINGLE VEHICLE CRASH,COLLISION WITH TREE,ROADWAY,25,0,0,0,0,0,2,0,0,0,0,0,0,0,42.3904,-71.108,5,2.50174E+14
19004754,26/01/2019 15:01,Day Shift (8AM - 4PM),"HUDSON ST & LOWELL ST Somerville, MA",DAYLIGHT,CLEAR,DRY,NONE,STOP SIGNS,T-INTERSECTION,"TWO-WAY, DIVIDED, UNPROTECTED MEDIAN",ANGLE,COLLISION WITH PEDALCYCLE,ROADWAY,25,0,0,0,1,0,2,0,0,1,0,1,0,0,42.3908,-71.1076,5,2.50174E+14
19018697,05/04/2019 17:27,First Half (4PM - Midnight),"HUDSON ST & LOWELL ST Somerville, MA",DAYLIGHT,CLOUDY,DRY,NONE,STOP SIGNS,FOUR WAY INTERSECTION,"TWO-WAY, NOT DIVIDED",ANGLE,COLLISION WITH MOTOR VEHICLE IN TRAFFIC,ROADWAY,25,0,0,1,0,0,1,0,0,0,0,0,0,0,42.3908,-71.1076,5,2.50174E+14
22030278,31/05/2022 10:32,Day Shift (8AM - 4PM),"285 HIGHLAND AV Somerville, MA",DAYLIGHT,CLEAR,DRY,NONE,NO CONTROLS,NOT AT INTERSECTION,"TWO-WAY, NOT DIVIDED",ANGLE,COLLISION WITH MOTOR VEHICLE IN TRAFFIC,ROADWAY,25,0,0,0,1,0,3,0,0,0,0,0,0,0,42.3923,-71.1121,5,2.50174E+14
18032194,30/05/2018 14:43,Day Shift (8AM - 4PM),"HIGHLAND AV & LOWELL ST Somerville, MA",DAYLIGHT,CLEAR,DRY,OTHER,TRAFFIC CONTROL SIGNAL,FOUR WAY INTERSECTION,"TWO-WAY, NOT DIVIDED","SIDESWIPE, SAME DIRECTION",COLLISION WITH MOTOR VEHICLE IN TRAFFIC,ROADWAY,25,1,0,0,0,0,0,4,0,0,0,0,0,0,42.3902,-71.108,5,2.50174E+14
20036251,24/07/2020 20:58,First Half (4PM - Midnight),"HIGHLAND AV & LOWELL ST Somerville, MA",DARK - LIGHTED ROADWAY,CLEAR,DRY,NONE,TRAFFIC CONTROL SIGNAL,FOUR WAY INTERSECTION,"TWO-WAY, NOT DIVIDED",ANGLE,COLLISION WITH MOTOR VEHICLE IN TRAFFIC,ROADWAY,30,0,0,0,0,0,3,1,0,0,0,0,0,1,42.3902,-71.108,5,2.50174E+14
23068218,27/11/2023 10:24,Day Shift (8AM - 4PM),"HIGHLAND AV & LOWELL ST Somerville, MA",DAYLIGHT,CLEAR,DRY,NONE,TRAFFIC CONTROL SIGNAL,T-INTERSECTION,"TWO-WAY, NOT DIVIDED",ANGLE,COLLISION WITH PARKED MOTOR VEHICLE,ROADWAY,25,0,0,0,0,0,2,0,0,0,0,0,0,0,42.3902,-71.108,5,2.50174E+14
20044299,15/09/2020 07:32,Last Half (Midnight - 8AM),"178 HUDSON ST Somerville, MA",DAYLIGHT,CLEAR,DRY,NONE,NO CONTROLS,NOT AT INTERSECTION,"ONE-WAY, NOT DIVIDED",ANGLE,COLLISION WITH PARKED MOTOR VEHICLE,ROADWAY,20,0,0,0,0,0,3,0,0,0,0,0,0,0,42.3925,-71.1118,5,2.50174E+14
21043935,23/08/2021 11:55,Day Shift (8AM - 4PM),"HIGHLAND AV & LOWELL ST Somerville, MA",DAYLIGHT,CLEAR,DRY,NONE,TRAFFIC CONTROL SIGNAL,T-INTERSECTION,"TWO-WAY, DIVIDED, UNPROTECTED MEDIAN","SIDESWIPE, SAME DIRECTION",COLLISION WITH MOTOR VEHICLE IN TRAFFIC,ROADWAY,20,0,0,0,0,0,4,0,0,0,0,0,0,0,42.3902,-71.108,5,2.50174E+14
23003934,23/01/2023 12:38,Day Shift (8AM - 4PM),"229 HIGHLAND AV Somerville, MA",DAYLIGHT,SNOW,WET,NONE,NO CONTROLS,NOT AT INTERSECTION,"TWO-WAY, NOT DIVIDED",HEAD ON,COLLISION WITH MOTOR VEHICLE IN TRAFFIC,ROADWAY,30,0,0,0,0,0,2,0,0,0,0,0,0,0,42.3907,-71.1086,5,2.50174E+14
22036016,28/06/2022 03:48,Last Half (Midnight - 8AM),"275 HIGHLAND AV Somerville, MA",DARK - LIGHTED ROADWAY,CLEAR,DRY,NONE,NO CONTROLS,NOT AT INTERSECTION,"TWO-WAY, NOT DIVIDED",ANGLE,COLLISION WITH PARKED MOTOR VEHICLE,ROADWAY,25,0,0,0,0,0,3,0,0,0,0,0,0,0,42.392,-71.1115,5,2.50174E+14
20044297,15/09/2020 07:19,Last Half (Midnight - 8AM),"247A HIGHLAND AVE Somerville, MA",DAYLIGHT,CLEAR,DRY,NONE,NO CONTROLS,T-INTERSECTION,"TWO-WAY, NOT DIVIDED","SIDESWIPE, SAME DIRECTION",COLLISION WITH PARKED MOTOR VEHICLE,ROADWAY,25,0,0,0,0,0,3,0,0,0,0,0,0,1,42.3911,-71.1099,5,2.50174E+14
20021040,22/04/2020 14:24,Day Shift (8AM - 4PM),"245 HIGHLAND AV Somerville, MA",DAYLIGHT,CLOUDY,DRY,NONE,NO CONTROLS,NOT AT INTERSECTION,"ONE-WAY, NOT DIVIDED",SINGLE VEHICLE CRASH,COLLISION WITH PARKED MOTOR VEHICLE,OUTSIDE ROADWAY,25,0,0,0,0,0,2,0,0,0,0,0,0,0,42.3912,-71.1097,5,2.50174E+14
22022816,27/04/2022 17:17,First Half (4PM - Midnight),"HIGHLAND AV & PORTER ST Somerville, MA",DAYLIGHT,RAIN,WET,NONE,STOP SIGNS,T-INTERSECTION,"TWO-WAY, NOT DIVIDED",ANGLE,COLLISION WITH MOTOR VEHICLE IN TRAFFIC,ROADWAY,25,0,0,0,1,0,2,0,0,0,0,0,0,0,42.3912,-71.1102,5,2.50174E+14
21055539,21/10/2021 23:56,First Half (4PM - Midnight),"243 HIGHLAND AV Somerville, MA",DARK - LIGHTED ROADWAY,CLEAR,DRY,NONE,NO CONTROLS,NOT AT INTERSECTION,"TWO-WAY, DIVIDED, UNPROTECTED MEDIAN",SINGLE VEHICLE CRASH,COLLISION WITH PARKED MOTOR VEHICLE,ROADWAY,25,0,0,0,0,0,3,0,0,0,0,0,0,0,42.3911,-71.1096,5,2.50174E+14
21037518,21/07/2021 17:59,First Half (4PM - Midnight),"237 HIGHLAND AV Somerville, MA",DAYLIGHT,CLEAR,DRY,OTHER,NO CONTROLS,NOT AT INTERSECTION,"TWO-WAY, DIVIDED, UNPROTECTED MEDIAN","SIDESWIPE, OPPOSITE DIRECTION",COLLISION WITH PARKED MOTOR VEHICLE,ROADWAY,25,0,0,0,0,0,3,0,0,0,0,0,0,0,42.391,-71.1092,5,2.50174E+14
23033711,16/06/2023 15:18,Day Shift (8AM - 4PM),"223 HIGHLAND AV Somerville, MA",DAYLIGHT,CLEAR,DRY,NONE,NO CONTROLS,NOT AT INTERSECTION,"TWO-WAY, NOT DIVIDED","SIDESWIPE, SAME DIRECTION",COLLISION WITH PARKED MOTOR VEHICLE,ROADWAY,25,0,0,0,0,0,3,0,0,0,0,0,0,0,42.3905,-71.1082,5,2.50174E+14
22060698,22/10/2022 21:07,First Half (4PM - Midnight),"CROCKER ST & HIGHLAND AV Somerville, MA",DARK - LIGHTED ROADWAY,CLEAR,DRY,NONE,STOP SIGNS,T-INTERSECTION,"TWO-WAY, DIVIDED, UNPROTECTED MEDIAN",ANGLE,COLLISION WITH MOTOR VEHICLE IN TRAFFIC,ROADWAY,20,0,0,0,0,0,3,0,0,0,0,0,0,0,42.3909,-71.1094,5,2.50174E+14
21037969,23/07/2021 14:48,Day Shift (8AM - 4PM),"235 HIGHLAND AV Somerville, MA",DAYLIGHT,CLEAR,DRY,NONE,TRAFFIC CONTROL SIGNAL,Y-INTERSECTION,"ONE-WAY, NOT DIVIDED",REAR-END,COLLISION WITH MOTOR VEHICLE IN TRAFFIC,UNKNOWN,25,0,0,0,1,0,1,1,0,0,0,0,0,0,42.3908,-71.109,5,2.50174E+14
19055511,26/09/2019 17:54,First Half (4PM - Midnight),"227 HIGHLAND AV Somerville, MA",DUSK,RAIN,WET,NONE,NO CONTROLS,NOT AT INTERSECTION,"TWO-WAY, NOT DIVIDED",REAR-END,COLLISION WITH MOTOR VEHICLE IN TRAFFIC,ROADWAY,25,0,0,0,0,1,3,0,0,0,0,0,0,0,42.3907,-71.1085,5,2.50174E+14
18066765,10/11/2018 07:16,Last Half (Midnight - 8AM),"265 HIGHLAND AV Somerville, MA",DAYLIGHT,RAIN,WET,NONE,NO CONTROLS,NOT AT INTERSECTION,"TWO-WAY, NOT DIVIDED","SIDESWIPE, SAME DIRECTION",COLLISION WITH PEDALCYCLE,ROADWAY,25,0,0,0,0,1,0,0,0,1,0,1,0,1,42.3918,-71.1108,5,2.50174E+14
20034622,13/07/2020 17:26,First Half (4PM - Midnight),"277 HIGHLAND AV Somerville, MA",DAYLIGHT,CLEAR,DRY,NONE,NO CONTROLS,DRIVEWAY,"TWO-WAY, NOT DIVIDED",ANGLE,COLLISION WITH MOTOR VEHICLE IN TRAFFIC,ROADWAY,25,0,0,0,0,0,2,0,0,0,0,0,0,0,42.3921,-71.1117,5,2.50174E+14
24013481,10/03/2024 06:55,Last Half (Midnight - 8AM),"237 HIGHLAND AV Somerville, MA",DAWN,RAIN,WET,ROAD SURFACE CONDITION,NO CONTROLS,NOT AT INTERSECTION,"TWO-WAY, NOT DIVIDED","SIDESWIPE, SAME DIRECTION",COLLISION WITH PARKED MOTOR VEHICLE,ROADWAY,25,0,0,0,0,0,1,0,0,0,0,0,0,0,42.391,-71.1092,5,2.50174E+14
21021350,30/04/2021 00:57,Last Half (Midnight - 8AM),"251 HIGHLAND AV Somerville, MA",DARK - LIGHTED ROADWAY,RAIN,WET,UNKNOWN,NO CONTROLS,NOT AT INTERSECTION,"TWO-WAY, NOT DIVIDED",REAR-END,COLLISION WITH PARKED MOTOR VEHICLE,ROADWAY,25,0,0,1,0,0,1,0,0,0,0,0,0,0,42.3914,-71.11,5,2.50174E+14
19021044,17/04/2019 15:48,Day Shift (8AM - 4PM),"265 HIGHLAND AV Somerville, MA",DAYLIGHT,CLEAR,DRY,NONE,NO CONTROLS,NOT AT INTERSECTION,"TWO-WAY, NOT DIVIDED",REAR-END,COLLISION WITH MOTOR VEHICLE IN TRAFFIC,ROADWAY,30,0,0,0,0,1,3,0,0,0,0,0,0,0,42.3918,-71.1108,5,2.50174E+14
21060275,17/11/2021 14:07,Day Shift (8AM - 4PM),"CEDAR ST & LEXINGTON AV Somerville, MA",DAYLIGHT,CLEAR,DRY,NONE,STOP SIGNS,FOUR WAY INTERSECTION,"TWO-WAY, NOT DIVIDED",ANGLE,COLLISION WITH MOTOR VEHICLE IN TRAFFIC,ROADWAY,25,0,0,0,0,0,2,0,0,0,0,0,0,0,42.3934,-71.1116,6,2.50174E+14
22008852,20/02/2022 21:22,First Half (4PM - Midnight),"146 CEDAR ST Somerville, MA",DARK - LIGHTED ROADWAY,CLEAR,DRY,NONE,NO CONTROLS,NOT AT INTERSECTION,"TWO-WAY, DIVIDED, UNPROTECTED MEDIAN",SINGLE VEHICLE CRASH,COLLISION WITH PEDESTRIAN,ROADWAY,25,0,0,0,1,0,2,0,0,1,1,0,0,0,42.3937,-71.1114,6,2.50174E+14
18061673,16/10/2018 19:30,First Half (4PM - Midnight),"154 CEDAR ST Somerville, MA",DARK - LIGHTED ROADWAY,CLEAR,DRY,NONE,NO CONTROLS,NOT AT INTERSECTION,"TWO-WAY, NOT DIVIDED",ANGLE,COLLISION WITH PEDALCYCLE,ROADWAY,25,0,0,0,0,0,1,0,0,1,0,1,0,1,42.3939,-71.1115,6,2.50174E+14
23035823,27/06/2023 09:19,Day Shift (8AM - 4PM),"132 CEDAR ST Somerville, MA",DAYLIGHT,CLOUDY,DRY,NONE,NO CONTROLS,NOT AT INTERSECTION,"TWO-WAY, NOT DIVIDED",REAR-END,COLLISION WITH MOTOR VEHICLE IN TRAFFIC,ROADWAY,25,0,0,0,0,0,3,0,0,0,0,0,0,0,42.3932,-71.1119,6,2.50174E+14
18028681,15/05/2018 13:59,Day Shift (8AM - 4PM),"HANCOCK ST & SPENCER AV Somerville, MA",DAYLIGHT,CLEAR,DRY,NONE,NO CONTROLS,T-INTERSECTION,"TWO-WAY, NOT DIVIDED","SIDESWIPE, SAME DIRECTION",COLLISION WITH PARKED MOTOR VEHICLE,ROADWAY,25,0,0,0,0,0,2,0,0,0,0,0,0,0,42.3939,-71.1144,6,2.50174E+14
21066723,30/12/2021 19:17,First Half (4PM - Midnight),"319 HIGHLAND AV Somerville, MA",DARK - LIGHTED ROADWAY,RAIN,WET,NONE,NO CONTROLS,NOT AT INTERSECTION,"TWO-WAY, DIVIDED, UNPROTECTED MEDIAN",REAR-END,COLLISION WITH MOTOR VEHICLE IN TRAFFIC,ROADWAY,25,0,0,0,0,0,4,0,0,0,0,0,0,0,42.3933,-71.1145,6,2.50174E+14
19067037,24/11/2019 00:59,Last Half (Midnight - 8AM),"CHERRY ST & HIGHLAND AV Somerville, MA",DARK - LIGHTED ROADWAY,CLEAR,DRY,NONE,STOP SIGNS,T-INTERSECTION,"TWO-WAY, NOT DIVIDED",ANGLE,COLLISION WITH MOTOR VEHICLE IN TRAFFIC,ROADWAY,25,0,0,0,0,0,3,0,0,0,0,0,0,1,42.3929,-71.114,6,2.50174E+14
23055760,28/09/2023 18:42,First Half (4PM - Midnight),"HANCOCK ST & HIGHLAND AV Somerville, MA",DARK - LIGHTED ROADWAY,CLEAR,DRY,NONE,STOP SIGNS,FOUR WAY INTERSECTION,"TWO-WAY, NOT DIVIDED",ANGLE,COLLISION WITH MOTOR VEHICLE IN TRAFFIC,ROADWAY,20,0,0,0,0,0,4,0,0,0,0,0,0,0,42.3933,-71.1149,6,2.50174E+14
22051046,09/09/2022 16:06,First Half (4PM - Midnight),"48 SPENCER AV Somerville, MA",UNKNOWN,UNKNOWN,UNKNOWN,UNKNOWN,UNKNOWN,UNKNOWN,UNKNOWN,UNKNOWN,UNKNOWN,UNKNOWN,0,0,0,0,0,0,0,1,0,0,0,0,0,0,42.3935,-71.114,6,2.50174E+14
18075033,21/12/2018 17:10,First Half (4PM - Midnight),"HIGHLAND AV & HANCOCK ST Somerville, MA",DARK - LIGHTED ROADWAY,RAIN,WET,NONE,STOP SIGNS,FOUR WAY INTERSECTION,"TWO-WAY, NOT DIVIDED",ANGLE,COLLISION WITH MOTOR VEHICLE IN TRAFFIC,ROADWAY,30,0,0,0,0,0,3,0,0,0,0,0,0,0,42.3933,-71.1149,6,2.50174E+14
21008763,19/02/2021 04:55,Last Half (Midnight - 8AM),"71 HANCOCK ST Somerville, MA",DARK - UNKNOWN ROADWAY LIGHTING,SNOW,WET,NONE,NO CONTROLS,NOT AT INTERSECTION,"TWO-WAY, NOT DIVIDED","SIDESWIPE, SAME DIRECTION",COLLISION WITH PARKED MOTOR VEHICLE,ROADWAY,25,0,0,0,0,0,2,0,0,0,0,0,0,0,42.3924,-71.1152,6,2.50174E+14
18062132,19/10/2018 10:06,Day Shift (8AM - 4PM),"44 CHERRY ST Somerville, MA",DAYLIGHT,CLEAR,DRY,NONE,STOP SIGNS,FOUR WAY INTERSECTION,"TWO-WAY, NOT DIVIDED",ANGLE,COLLISION WITH PARKED MOTOR VEHICLE,ROADWAY,25,0,0,0,0,0,3,0,0,0,0,0,0,0,42.3917,-71.1152,6,2.50174E+14
19034084,17/06/2019 18:00,First Half (4PM - Midnight),"HALL ST & NA Somerville, MA",DAYLIGHT,CLEAR,DRY,NONE,WARNING SIGNS,T-INTERSECTION,"ONE-WAY, NOT DIVIDED",SINGLE VEHICLE CRASH,COLLISION WITH LIGHT POLE OR OTHER POST/SUPPORT,OUTSIDE ROADWAY,25,0,0,0,0,0,0,1,0,0,0,0,0,1,42.3915,-71.1139,5,2.50174E+14
18030538,23/05/2018 11:58,Day Shift (8AM - 4PM),"CHERRY ST & SUMMER ST Somerville, MA",DAYLIGHT,CLEAR,DRY,TRAFFIC CONTROL DEVICE,STOP SIGNS,FOUR WAY INTERSECTION,"TWO-WAY, NOT DIVIDED",HEAD ON,COLLISION WITH MOTOR VEHICLE IN TRAFFIC,ROADWAY,25,0,0,0,0,0,2,0,0,0,0,0,0,0,42.3914,-71.115,5,2.50174E+14
18039089,30/06/2018 17:21,First Half (4PM - Midnight),"CHERRY ST & SUMMER ST Somerville, MA",DAYLIGHT,CLEAR,DRY,NONE,STOP SIGNS,FOUR WAY INTERSECTION,"TWO-WAY, NOT DIVIDED",ANGLE,COLLISION WITH MOTOR VEHICLE IN TRAFFIC,ROADWAY,25,0,0,0,0,0,2,0,0,0,0,0,0,0,42.3914,-71.115,5,2.50174E+14
18035480,14/06/2018 15:25,Day Shift (8AM - 4PM),"CHERRY ST & SUMMER ST Somerville, MA",DAYLIGHT,CLOUDY,DRY,UNKNOWN,STOP SIGNS,FOUR WAY INTERSECTION,"TWO-WAY, NOT DIVIDED",ANGLE,COLLISION WITH MOTOR VEHICLE IN TRAFFIC,ROADWAY,25,0,0,0,0,0,3,0,0,0,0,0,0,0,42.3914,-71.115,5,2.50174E+14
22050588,07/09/2022 14:53,Day Shift (8AM - 4PM),"CEDAR ST & HIGHLAND AV Somerville, MA",DAYLIGHT,CLOUDY,DRY,NONE,TRAFFIC CONTROL SIGNAL,FOUR WAY INTERSECTION,"ONE-WAY, NOT DIVIDED","SIDESWIPE, SAME DIRECTION",COLLISION WITH PARKED MOTOR VEHICLE,ROADWAY,25,0,0,0,0,0,3,0,0,0,0,0,0,0,42.3922,-71.1124,5,2.50174E+14
18064540,30/11/2018 14:37,Day Shift (8AM - 4PM),"270 HIGHLAND AV Somerville, MA",DAYLIGHT,CLEAR,DRY,NONE,NO CONTROLS,NOT AT INTERSECTION,"TWO-WAY, NOT DIVIDED",HEAD ON,COLLISION WITH MOTOR VEHICLE IN TRAFFIC,ROADWAY,25,0,0,0,0,0,2,0,0,0,0,0,0,0,42.3913,-71.1113,5,2.50174E+14
19067036,24/11/2019 00:59,Last Half (Midnight - 8AM),"18 EASTMAN RD Somerville, MA",DARK - LIGHTED ROADWAY,CLEAR,DRY,NONE,NO CONTROLS,NOT AT INTERSECTION,"TWO-WAY, NOT DIVIDED",ANGLE,COLLISION WITH PARKED MOTOR VEHICLE,ROADWAY,20,0,0,0,0,0,3,0,0,0,0,0,0,0,42.3911,-71.112,5,2.50174E+14
19032762,11/06/2019 19:02,First Half (4PM - Midnight),"CEDAR ST & HIGHLAND Somerville, MA",DAYLIGHT,CLEAR,DRY,NONE,TRAFFIC CONTROL SIGNAL,FOUR WAY INTERSECTION,"TWO-WAY, NOT DIVIDED","SIDESWIPE, SAME DIRECTION",COLLISION WITH PARKED MOTOR VEHICLE,ROADWAY,25,0,0,0,0,0,2,0,0,0,0,0,0,1,42.3922,-71.1124,5,2.50174E+14
23031177,04/06/2023 15:40,Day Shift (8AM - 4PM),"CEDAR ST & HIGHLAND AV Somerville, MA",DAYLIGHT,CLOUDY,DRY,NONE,TRAFFIC CONTROL SIGNAL,T-INTERSECTION,"TWO-WAY, NOT DIVIDED",REAR-END,COLLISION WITH MOTOR VEHICLE IN TRAFFIC,ROADWAY,25,0,0,0,0,0,3,0,0,0,0,0,0,0,42.3922,-71.1124,5,2.50174E+14
18043486,22/07/2018 01:31,Last Half (Midnight - 8AM),"66 PORTER ST Somerville, MA",DARK - LIGHTED ROADWAY,CLEAR,DRY,NONE,NO CONTROLS,NOT AT INTERSECTION,"TWO-WAY, NOT DIVIDED",SINGLE VEHICLE CRASH,OTHER,OUTSIDE ROADWAY,20,0,0,0,0,0,1,0,0,0,0,0,0,0,42.3895,-71.1117,5,2.50174E+14
23048198,24/08/2023 12:29,Day Shift (8AM - 4PM),"CEDAR ST & HIGHLAND AV Somerville, MA",DAYLIGHT,CLOUDY,DRY,NONE,TRAFFIC CONTROL SIGNAL,T-INTERSECTION,"ONE-WAY, NOT DIVIDED",SINGLE VEHICLE CRASH,COLLISION WITH PEDESTRIAN,ROADWAY,20,0,0,1,0,0,3,0,0,1,1,0,0,0,42.3922,-71.1124,5,2.50174E+14
20027095,27/05/2020 18:09,First Half (4PM - Midnight),"75 CEDAR ST Somerville, MA",DAYLIGHT,CLEAR,DRY,OBSTRUCTION IN ROADWAY,NO CONTROLS,NOT AT INTERSECTION,"ONE-WAY, NOT DIVIDED",SINGLE VEHICLE CRASH,COLLISION WITH PEDESTRIAN,ROADWAY,25,0,0,0,0,1,2,0,0,1,1,0,0,0,42.391,-71.1131,5,2.50174E+14
21016355,01/04/2021 08:42,Day Shift (8AM - 4PM),"278 HIGHLAND AV Somerville, MA",DAYLIGHT,CLOUDY,WET,NONE,TRAFFIC CONTROL SIGNAL,FOUR WAY INTERSECTION,"TWO-WAY, NOT DIVIDED",ANGLE,COLLISION WITH MOTOR VEHICLE IN TRAFFIC,ROADWAY,25,0,0,0,0,1,2,0,0,0,0,0,0,0,42.3918,-71.1119,5,2.50174E+14
18026355,04/05/2018 10:45,Day Shift (8AM - 4PM),"243 SUMMER ST Somerville, MA",DAYLIGHT,CLOUDY,DRY,NONE,NO CONTROLS,NOT AT INTERSECTION,"TWO-WAY, NOT DIVIDED","SIDESWIPE, SAME DIRECTION",COLLISION WITH MOTOR VEHICLE IN TRAFFIC,ROADWAY,30,0,0,0,0,0,1,0,0,0,0,0,0,1,42.3898,-71.1124,5,2.50174E+14
24001704,10/01/2024 11:52,Day Shift (8AM - 4PM),"CEDAR ST & HIGHLAND AV Somerville, MA",DAYLIGHT,CLOUDY,DRY,NONE,TRAFFIC CONTROL SIGNAL,FOUR WAY INTERSECTION,"TWO-WAY, NOT DIVIDED",SINGLE VEHICLE CRASH,COLLISION WITH PEDESTRIAN,ROADWAY,25,0,0,0,0,1,3,0,0,1,0,0,1,0,42.3922,-71.1124,5,2.50174E+14
21066363,28/12/2021 10:52,Day Shift (8AM - 4PM),"CROWN ST & PORTER ST Somerville, MA",DAYLIGHT,CLEAR,WET,NONE,NO CONTROLS,T-INTERSECTION,"TWO-WAY, NOT DIVIDED",ANGLE,COLLISION WITH MOTOR VEHICLE IN TRAFFIC,ROADWAY,25,0,0,0,0,0,2,0,0,0,0,0,0,0,42.3899,-71.1111,3,2.50174E+14
23029745,29/05/2023 22:06,First Half (4PM - Midnight),"89 PORTER ST Somerville, MA",DARK - LIGHTED ROADWAY,CLEAR,DRY,NONE,NO CONTROLS,NOT AT INTERSECTION,"TWO-WAY, NOT DIVIDED",ANGLE,COLLISION WITH PARKED MOTOR VEHICLE,ROADWAY,20,0,0,0,0,0,2,0,0,0,0,0,0,0,42.39,-71.1108,3,2.50174E+14
24002764,16/01/2024 11:41,Day Shift (8AM - 4PM),"107 PORTER ST Somerville, MA",DAYLIGHT,SNOW,SLUSH,ROAD SURFACE CONDITION,NO CONTROLS,NOT AT INTERSECTION,"TWO-WAY, NOT DIVIDED",SINGLE VEHICLE CRASH,COLLISION WITH TREE,ROADWAY,20,0,0,0,0,0,2,0,0,0,0,0,0,0,42.3906,-71.1104,3,2.50174E+14
24002773,16/01/2024 12:25,Day Shift (8AM - 4PM),"252 HIGHLAND AV Somerville, MA",DAYLIGHT,SNOW,SLUSH,ROAD SURFACE CONDITION,NO CONTROLS,NOT AT INTERSECTION,"TWO-WAY, NOT DIVIDED",SINGLE VEHICLE CRASH,COLLISION WITH CURB,ROADWAY,20,0,0,0,0,0,2,0,0,0,0,0,0,0,42.391,-71.1102,3,2.50174E+14
18070365,28/11/2018 14:49,Day Shift (8AM - 4PM),"89 PORTER ST Somerville, MA",DAYLIGHT,CLEAR,DRY,NONE,NO CONTROLS,T-INTERSECTION,"TWO-WAY, NOT DIVIDED",SINGLE VEHICLE CRASH,COLLISION WITH PEDALCYCLE,UNKNOWN,25,0,0,0,0,1,2,0,0,1,0,1,0,0,42.39,-71.1108,3,2.50174E+14
19040222,15/07/2019 20:04,First Half (4PM - Midnight),"21 CROCKER ST Somerville, MA",DUSK,CLEAR,DRY,NONE,NO CONTROLS,NOT AT INTERSECTION,"ONE-WAY, NOT DIVIDED",REAR-END,COLLISION WITH PARKED MOTOR VEHICLE,ROADWAY,20,0,0,0,0,0,3,0,0,0,0,0,0,0,42.3902,-71.1102,3,2.50174E+14
22001100,08/01/2022 09:39,Day Shift (8AM - 4PM),"15 CROCKER ST Somerville, MA",DAYLIGHT,SNOW,SNOW,NONE,NO CONTROLS,NOT AT INTERSECTION,"ONE-WAY, NOT DIVIDED","SIDESWIPE, SAME DIRECTION",COLLISION WITH PARKED MOTOR VEHICLE,ROADWAY,15,0,0,0,0,0,1,0,0,0,0,0,0,0,42.3904,-71.11,3,2.50174E+14
24002769,16/01/2024 12:01,Day Shift (8AM - 4PM),"106 PORTER ST Somerville, MA",DAYLIGHT,SNOW,SNOW,ROAD SURFACE CONDITION,NO CONTROLS,T-INTERSECTION,"TWO-WAY, NOT DIVIDED",SINGLE VEHICLE CRASH,COLLISION WITH UTILITY POLE,ROADWAY,20,0,0,0,0,0,1,0,0,0,0,0,0,0,42.3907,-71.1108,5,2.50174E+14
23026313,13/05/2023 15:28,Day Shift (8AM - 4PM),"116 PORTER ST Somerville, MA",DAYLIGHT,CLEAR,DRY,OBSTRUCTION IN ROADWAY,NO CONTROLS,NOT AT INTERSECTION,"TWO-WAY, NOT DIVIDED","SIDESWIPE, SAME DIRECTION",COLLISION WITH PARKED MOTOR VEHICLE,ROADWAY,25,0,0,0,0,0,3,0,0,0,0,0,0,0,42.391,-71.1106,5,2.50174E+14
21047349,10/09/2021 10:18,Day Shift (8AM - 4PM),"258 HIGHLAND AV Somerville, MA",DAYLIGHT,CLEAR,DRY,NONE,NO CONTROLS,NOT AT INTERSECTION,"TWO-WAY, NOT DIVIDED","SIDESWIPE, SAME DIRECTION",COLLISION WITH PEDALCYCLE,ROADWAY,25,0,0,0,0,1,2,0,0,1,0,1,0,0,42.3912,-71.1106,5,2.50174E+14
20055487,15/11/2020 13:29,Day Shift (8AM - 4PM),"229 SUMMER ST Somerville, MA",DAYLIGHT,CLEAR,DRY,NONE,NO CONTROLS,NOT AT INTERSECTION,"TWO-WAY, NOT DIVIDED","SIDESWIPE, SAME DIRECTION",COLLISION WITH PARKED MOTOR VEHICLE,ROADWAY,25,0,0,0,0,0,2,0,0,0,0,0,0,0,42.3892,-71.1115,3,2.50174E+14