Crash Number,Date and Time of Crash,Police Shift,Crash Location,Light Conditions,Weather Conditions,Road Surface,Road Contributing Circumstances,Traffic Control Device Type,Roadway Intersection Type,Trafficway Description,Manner of Collision,First Harmful Event,First Harmful Event Location,Speed Limit,Work Zone,Count Fatal Injury ,Count Suspected Serious Injury,Count Suspected Minor Injury ,Count Possible Injury,Count No Apparent Injury,Count Unknown Injury,Count Not Reported Injury,Total Non-Motorists,Pedestrian Involvement (Non-Motorist),Cyclist Involvement (Non-Motorist),Other Non-Motorist Involvement,Hit and Run Flag,Latitude,Longitude,Ward,Block Code 
18063857,27/10/2018 21:08,First Half (4PM - Midnight),"112 LOWELL ST Somerville, MA",DARK - LIGHTED ROADWAY,RAIN,WET,NONE,NO CONTROLS,NOT AT INTERSECTION,"ONE-WAY, NOT DIVIDED",HEAD ON,COLLISION WITH PARKED MOTOR VEHICLE,ROADWAY,25,0,0,0,0,0,3,0,0,0,0,0,0,0,42.3881,-71.1095,3,2.50174E+14
19046827,16/08/2019 09:42,Day Shift (8AM - 4PM),"75 PORTER ST Somerville, MA",DAYLIGHT,CLEAR,DRY,NONE,NO CONTROLS,NOT AT INTERSECTION,"TWO-WAY, NOT DIVIDED",SINGLE VEHICLE CRASH,COLLISION WITH PEDESTRIAN,ROADWAY,25,0,0,0,1,0,1,0,0,1,1,0,0,0,42.3895,-71.1113,3,2.50174E+14
18019441,02/04/2018 14:39,Day Shift (8AM - 4PM),"227 SUMMER ST Somerville, MA",DAYLIGHT,CLEAR,DRY,NONE,FLASHING TRAFIC CONTROL SIGNAL,FOUR WAY INTERSECTION,"TWO-WAY, DIVIDED, UNPROTECTED MEDIAN",ANGLE,COLLISION WITH PARKED MOTOR VEHICLE,ROADWAY,25,0,0,0,0,0,1,0,0,0,0,0,0,0,42.3891,-71.1113,3,2.50174E+14
1800000006,23/03/2018 11:03,Day Shift (8AM - 4PM),"SUMMER ST & PORTER ST Somerville, MA",DAYLIGHT,CLEAR,DRY,NONE,STOP SIGNS,FOUR WAY INTERSECTION,"TWO-WAY, NOT DIVIDED",ANGLE,COLLISION WITH PEDESTRIAN,ROADWAY,35,0,0,0,2,0,1,0,0,0,0,0,0,0,42.3892,-71.1116,3,2.50174E+14
20032801,01/07/2020 20:06,First Half (4PM - Midnight),"PORTER ST & SUMMER ST Somerville, MA",DUSK,CLEAR,DRY,NONE,STOP SIGNS,FOUR WAY INTERSECTION,"TWO-WAY, NOT DIVIDED",ANGLE,COLLISION WITH PEDALCYCLE,ROADWAY,25,0,0,0,1,0,2,0,0,0,0,0,0,0,42.3892,-71.1116,3,2.50174E+14
19067108,24/11/2019 16:37,First Half (4PM - Midnight),"CEDAR ST & SUMMER ST Somerville, MA",DARK - LIGHTED ROADWAY,RAIN,WET,UNKNOWN,TRAFFIC CONTROL SIGNAL,T-INTERSECTION,"TWO-WAY, DIVIDED, UNPROTECTED MEDIAN",UNKNOWN,COLLISION WITH PARKED MOTOR VEHICLE,UNKNOWN,20,0,0,0,1,0,1,0,0,0,0,0,0,0,42.3905,-71.1136,5,2.50174E+14
23038139,08/07/2023 09:03,Day Shift (8AM - 4PM),"CEDAR ST & SUMMER ST Somerville, MA",DAYLIGHT,CLEAR,DRY,NONE,TRAFFIC CONTROL SIGNAL,FOUR WAY INTERSECTION,"ONE-WAY, NOT DIVIDED",SINGLE VEHICLE CRASH,COLLISION WITH LIGHT POLE OR OTHER POST/SUPPORT,ROADSIDE,20,0,0,0,0,0,2,1,0,1,0,0,1,0,42.3905,-71.1136,5,2.50174E+14
21004056,21/01/2021 10:30,Day Shift (8AM - 4PM),"CEDAR ST & SUMMER ST Somerville, MA",DAYLIGHT,CLOUDY,DRY,NONE,TRAFFIC CONTROL SIGNAL,FOUR WAY INTERSECTION,"TWO-WAY, NOT DIVIDED",ANGLE,COLLISION WITH MOTOR VEHICLE IN TRAFFIC,ROADWAY,25,0,0,0,0,0,2,0,0,0,0,0,0,0,42.3905,-71.1136,5,2.50174E+14
19013027,09/03/2019 15:22,Day Shift (8AM - 4PM),"259 SUMMER ST Somerville, MA",DAYLIGHT,CLEAR,DRY,NONE,NO CONTROLS,NOT AT INTERSECTION,"TWO-WAY, NOT DIVIDED","SIDESWIPE, SAME DIRECTION",COLLISION WITH PARKED MOTOR VEHICLE,ROADWAY,20,0,0,0,0,0,1,0,0,1,0,0,1,1,42.3904,-71.1132,5,2.50174E+14
21027586,01/06/2021 17:05,First Half (4PM - Midnight),"LINDEN AV & SUMMER ST Somerville, MA",DAYLIGHT,CLEAR,DRY,NONE,STOP SIGNS,FOUR WAY INTERSECTION,"TWO-WAY, DIVIDED, UNPROTECTED MEDIAN",ANGLE,COLLISION WITH MOTOR VEHICLE IN TRAFFIC,ROADWAY,25,0,0,0,0,0,3,0,0,0,0,0,0,0,42.3898,-71.1127,5,2.50174E+14
23053065,15/09/2023 17:07,First Half (4PM - Midnight),"71 CEDAR ST Somerville, MA",DAYLIGHT,CLEAR,DRY,OTHER,NO CONTROLS,NOT AT INTERSECTION,"TWO-WAY, NOT DIVIDED","SIDESWIPE, SAME DIRECTION",COLLISION WITH MOTOR VEHICLE IN TRAFFIC,ROADWAY,20,0,0,0,0,0,3,0,0,0,0,0,0,0,42.3908,-71.1132,5,2.50174E+14
20007141,07/02/2020 19:08,First Half (4PM - Midnight),"73 ALBION ST Somerville, MA",DARK - ROADWAY NOT LIGHTED,CLEAR,WET,NONE,NO CONTROLS,NOT AT INTERSECTION,"ONE-WAY, NOT DIVIDED","SIDESWIPE, SAME DIRECTION",COLLISION WITH PARKED MOTOR VEHICLE,ROADWAY,25,0,0,0,0,0,4,0,0,0,0,0,0,0,42.3912,-71.1062,5,2.50174E+14
19036914,30/06/2019 11:20,Day Shift (8AM - 4PM),"16 WOODBINE ST Somerville, MA",DAYLIGHT,RAIN,WET,NONE,NO CONTROLS,NOT AT INTERSECTION,"TWO-WAY, NOT DIVIDED","SIDESWIPE, SAME DIRECTION",COLLISION WITH PARKED MOTOR VEHICLE,ROADWAY,25,0,0,0,0,0,2,0,0,0,0,0,0,0,42.3913,-71.1053,5,2.50174E+14
19015872,22/03/2019 15:44,Day Shift (8AM - 4PM),"77 ALBION ST Somerville, MA",DAYLIGHT,CLEAR,DRY,NONE,NO CONTROLS,NOT AT INTERSECTION,"ONE-WAY, NOT DIVIDED",SINGLE VEHICLE CRASH,COLLISION WITH TREE,OUTSIDE ROADWAY,20,0,0,0,0,0,1,0,0,0,0,0,0,0,42.3912,-71.1064,5,2.50174E+14
19030631,01/06/2019 18:42,First Half (4PM - Midnight),"59 ALBION ST Somerville, MA",DAYLIGHT,CLOUDY,DRY,NONE,NO CONTROLS,NOT AT INTERSECTION,"ONE-WAY, NOT DIVIDED",REAR-END,COLLISION WITH MOTOR VEHICLE IN TRAFFIC,ROADWAY,25,0,0,0,1,0,1,0,0,0,0,0,0,0,42.3909,-71.1055,5,2.50174E+14
22043362,05/08/2022 08:12,Day Shift (8AM - 4PM),"59 ALBION ST Somerville, MA",DAYLIGHT,CLEAR,DRY,NONE,NO CONTROLS,NOT AT INTERSECTION,"ONE-WAY, NOT DIVIDED","SIDESWIPE, SAME DIRECTION",COLLISION WITH PARKED MOTOR VEHICLE,ROADSIDE,25,0,0,0,0,0,3,0,0,0,0,0,0,0,42.3909,-71.1055,5,2.50174E+14
23053904,19/09/2023 16:03,First Half (4PM - Midnight),"27R ALBION ST Somerville, MA",DAYLIGHT,CLEAR,DRY,NONE,NO CONTROLS,DRIVEWAY,"TWO-WAY, NOT DIVIDED",SINGLE VEHICLE CRASH,COLLISION WITH DITCH,ROADWAY,25,0,0,0,1,0,0,0,0,0,0,0,0,0,42.3906,-71.1036,5,2.50174E+14
21016228,31/03/2021 13:51,Day Shift (8AM - 4PM),"ALBION ST & CENTRAL ST Somerville, MA",DAYLIGHT,CLOUDY,DRY,NONE,NO CONTROLS,T-INTERSECTION,"TWO-WAY, NOT DIVIDED",ANGLE,COLLISION WITH MOPED,ROADWAY,20,0,0,0,0,1,3,0,0,0,0,0,0,0,42.3898,-71.1025,5,2.50174E+14
21063128,06/12/2021 10:24,Day Shift (8AM - 4PM),"CENTRAL ST & WILLOUGHBY ST Somerville, MA",DAYLIGHT,CLOUDY,DRY,NONE,NO CONTROLS,T-INTERSECTION,"TWO-WAY, NOT DIVIDED",ANGLE,COLLISION WITH MOTOR VEHICLE IN TRAFFIC,ROADWAY,25,0,0,0,0,1,2,0,0,0,0,0,0,0,42.3898,-71.1024,5,2.50174E+14
18065664,04/11/2018 18:13,First Half (4PM - Midnight),"5 ALBION ST Somerville, MA",DARK - LIGHTED ROADWAY,CLEAR,DRY,NONE,NO CONTROLS,NOT AT INTERSECTION,"ONE-WAY, NOT DIVIDED","SIDESWIPE, SAME DIRECTION",COLLISION WITH PARKED MOTOR VEHICLE,ROADWAY,25,0,0,0,0,0,4,0,0,0,0,0,0,0,42.39,-71.1028,5,2.50174E+14
18059288,04/10/2018 17:22,First Half (4PM - Midnight),"CENTRAL ST & WILLOUGHBY ST Somerville, MA",DAYLIGHT,CLEAR,DRY,NONE,STOP SIGNS,T-INTERSECTION,"TWO-WAY, DIVIDED, UNPROTECTED MEDIAN",HEAD ON,COLLISION WITH MOTOR VEHICLE IN TRAFFIC,ROADWAY,25,0,0,0,1,0,3,0,0,0,0,0,0,0,42.3898,-71.1024,5,2.50174E+14
23053326,16/09/2023 20:51,First Half (4PM - Midnight),"BENTON RD & HUDSON ST Somerville, MA",DARK - LIGHTED ROADWAY,CLEAR,DRY,NONE,NO CONTROLS,T-INTERSECTION,"TWO-WAY, NOT DIVIDED","SIDESWIPE, SAME DIRECTION",COLLISION WITH PARKED MOTOR VEHICLE,ROADSIDE,25,0,0,0,0,0,3,0,0,0,0,0,0,0,42.3899,-71.1047,5,2.50174E+14
19035778,25/06/2019 11:58,Day Shift (8AM - 4PM),"38 ALBION ST Somerville, MA",DAYLIGHT,CLOUDY,WET,NONE,NO CONTROLS,NOT AT INTERSECTION,"ONE-WAY, NOT DIVIDED","SIDESWIPE, SAME DIRECTION",COLLISION WITH PARKED MOTOR VEHICLE,ROADWAY,20,0,0,0,0,0,3,0,0,0,0,0,0,0,42.3903,-71.1046,5,2.50174E+14
21044292,25/08/2021 09:48,Day Shift (8AM - 4PM),"CENTRAL ST & HUDSON ST Somerville, MA",DAYLIGHT,CLEAR,DRY,NONE,STOP SIGNS,T-INTERSECTION,"ONE-WAY, NOT DIVIDED","SIDESWIPE, SAME DIRECTION",COLLISION WITH PARKED MOTOR VEHICLE,ROADWAY,25,0,0,0,0,0,3,0,0,0,0,0,0,0,42.3892,-71.1028,5,2.50174E+14
22061364,26/10/2022 08:34,Day Shift (8AM - 4PM),"189 LOWELL ST Somerville, MA",DAYLIGHT,CLOUDY,WET,NONE,NO CONTROLS,NOT AT INTERSECTION,"TWO-WAY, NOT DIVIDED",REAR-END,COLLISION WITH PARKED MOTOR VEHICLE,ROADWAY,20,0,0,0,0,0,3,0,0,0,0,0,0,0,42.3905,-71.1076,5,2.50174E+14
19004644,26/01/2019 00:10,Last Half (Midnight - 8AM),"BELMONT ST & HIGHLAND AV Somerville, MA",DARK - LIGHTED ROADWAY,CLEAR,DRY,NONE,WARNING SIGNS,T-INTERSECTION,"TWO-WAY, DIVIDED, UNPROTECTED MEDIAN",HEAD ON,COLLISION WITH MOTOR VEHICLE IN TRAFFIC,ROADWAY,25,0,0,0,0,0,7,0,0,0,0,0,0,0,42.3899,-71.1073,5,2.50174E+14
20048208,06/10/2020 17:42,First Half (4PM - Midnight),"189 LOWELL ST Somerville, MA",DAYLIGHT,CLEAR,DRY,OBSTRUCTION IN ROADWAY,NO CONTROLS,NOT AT INTERSECTION,"TWO-WAY, DIVIDED, UNPROTECTED MEDIAN",ANGLE,COLLISION WITH MOTOR VEHICLE IN TRAFFIC,ROADWAY,25,0,0,0,0,0,3,0,0,0,0,0,0,0,42.3905,-71.1076,5,2.50174E+14
19056828,03/10/2019 08:38,Day Shift (8AM - 4PM),"BELMONT ST & HIGHLAND AV Somerville, MA",DAYLIGHT,CLOUDY,DRY,NONE,STOP SIGNS,T-INTERSECTION,"TWO-WAY, NOT DIVIDED",HEAD ON,COLLISION WITH MOTOR VEHICLE IN TRAFFIC,ROADWAY,20,0,0,0,0,0,3,0,0,0,0,0,0,0,42.3899,-71.1073,5,2.50174E+14
24013207,08/03/2024 19:35,First Half (4PM - Midnight),"42 HUDSON ST Somerville, MA",DARK - LIGHTED ROADWAY,CLEAR,DRY,NONE,NO CONTROLS,NOT AT INTERSECTION,"ONE-WAY, NOT DIVIDED",REAR-END,COLLISION WITH PARKED MOTOR VEHICLE,ROADWAY,25,0,0,0,0,0,2,0,0,0,0,0,0,0,42.3899,-71.1052,5,2.50174E+14
21052048,03/10/2021 01:49,Last Half (Midnight - 8AM),"195 HIGHLAND AV Somerville, MA",DARK - LIGHTED ROADWAY,CLEAR,DRY,NONE,NO CONTROLS,NOT AT INTERSECTION,"TWO-WAY, NOT DIVIDED",REAR-END,COLLISION WITH PARKED MOTOR VEHICLE,ROADWAY,25,0,0,0,0,0,3,0,0,0,0,0,0,1,42.3899,-71.1064,5,2.50174E+14
21030030,14/06/2021 12:58,Day Shift (8AM - 4PM),"BELMONT ST & HIGHLAND AV Somerville, MA",DAYLIGHT,CLOUDY,WET,UNKNOWN,STOP SIGNS,T-INTERSECTION,"TWO-WAY, NOT DIVIDED",ANGLE,COLLISION WITH MOTOR VEHICLE IN TRAFFIC,ROADWAY,25,0,0,0,1,0,0,1,0,0,0,0,0,0,42.3899,-71.1073,5,2.50174E+14
23027836,20/05/2023 12:55,Day Shift (8AM - 4PM),"191 HIGHLAND AV Somerville, MA",DAYLIGHT,RAIN,WET,UNKNOWN,NO CONTROLS,NOT AT INTERSECTION,"TWO-WAY, NOT DIVIDED","SIDESWIPE, SAME DIRECTION",COLLISION WITH MOTOR VEHICLE IN TRAFFIC,ROADWAY,25,0,0,0,0,0,3,0,0,0,0,0,0,0,42.3897,-71.106,5,2.50174E+14
19010285,24/02/2019 18:20,First Half (4PM - Midnight),"191 HIGHLAND AV Somerville, MA",DARK - LIGHTED ROADWAY,RAIN,WET,NONE,NO CONTROLS,NOT AT INTERSECTION,"TWO-WAY, NOT DIVIDED",ANGLE,COLLISION WITH PEDESTRIAN,ROADWAY,30,0,0,0,1,0,1,0,0,1,1,0,0,0,42.3897,-71.106,5,2.50174E+14
23011993,07/03/2023 17:42,First Half (4PM - Midnight),"191 HIGHLAND AV Somerville, MA",DAYLIGHT,CLEAR,DRY,NONE,NO CONTROLS,NOT AT INTERSECTION,"TWO-WAY, DIVIDED, UNPROTECTED MEDIAN",SINGLE VEHICLE CRASH,COLLISION WITH PEDESTRIAN,ROADWAY,25,0,0,0,0,1,2,0,0,1,1,0,0,0,42.3897,-71.106,5,2.50174E+14
22051862,13/09/2022 09:39,Day Shift (8AM - 4PM),"205 HIGHLAND AVE Somerville, MA",DAYLIGHT,CLOUDY,WET,NONE,NO CONTROLS,NOT AT INTERSECTION,"TWO-WAY, NOT DIVIDED",HEAD ON,COLLISION WITH MOTOR VEHICLE IN TRAFFIC,ROADWAY,25,0,0,0,1,0,2,0,0,1,0,0,1,0,42.39,-71.107,5,2.50174E+14
24003761,21/01/2024 21:43,First Half (4PM - Midnight),"197 HIGHLAND AV Somerville, MA",DARK - LIGHTED ROADWAY,CLEAR,DRY,NONE,NO CONTROLS,NOT AT INTERSECTION,"TWO-WAY, NOT DIVIDED",REAR-END,COLLISION WITH PARKED MOTOR VEHICLE,ROADSIDE,35,0,0,0,0,0,3,0,0,0,0,0,0,0,42.3898,-71.1065,5,2.50174E+14
21013159,14/03/2021 08:19,Day Shift (8AM - 4PM),"185 HIGHLAND AV Somerville, MA",DAYLIGHT,CLEAR,DRY,NONE,NO CONTROLS,NOT AT INTERSECTION,"TWO-WAY, NOT DIVIDED","SIDESWIPE, SAME DIRECTION",COLLISION WITH PARKED MOTOR VEHICLE,ROADWAY,20,0,0,0,0,0,3,0,0,0,0,0,0,0,42.3894,-71.1057,5,2.50174E+14
19063228,04/11/2019 10:10,Day Shift (8AM - 4PM),"HIGHLAND AVENUE & BENTON ROAD Somerville, MA",DAYLIGHT,CLEAR,DRY,NONE,WARNING SIGNS,FOUR WAY INTERSECTION,"TWO-WAY, DIVIDED, UNPROTECTED MEDIAN",SINGLE VEHICLE CRASH,COLLISION WITH PEDESTRIAN,ROADWAY,30,0,0,0,2,0,2,0,0,2,2,0,0,0,42.389,-71.1052,5,2.50174E+14
19033356,14/06/2019 10:23,Day Shift (8AM - 4PM),"163 HIGHLAND AVE Somerville, MA",DAYLIGHT,CLEAR,DRY,NONE,NO CONTROLS,NOT AT INTERSECTION,"TWO-WAY, NOT DIVIDED","SIDESWIPE, SAME DIRECTION",COLLISION WITH MOTOR VEHICLE IN TRAFFIC,ROADWAY,30,0,0,0,1,0,3,0,0,0,0,0,0,0,42.389,-71.1043,5,2.50174E+14
23042317,27/07/2023 12:41,Day Shift (8AM - 4PM),"BENTON RD & HIGHLAND AV Somerville, MA",DAYLIGHT,CLEAR,DRY,NONE,STOP SIGNS,FOUR WAY INTERSECTION,"TWO-WAY, DIVIDED, UNPROTECTED MEDIAN",SINGLE VEHICLE CRASH,COLLISION WITH PEDESTRIAN,ROADWAY,25,0,0,1,0,0,2,0,0,1,1,0,0,0,42.389,-71.1052,5,2.50174E+14
21060667,19/11/2021 16:14,First Half (4PM - Midnight),"BENTON RD & HIGHLAND AV Somerville, MA",DUSK,CLEAR,DRY,NONE,NO CONTROLS,T-INTERSECTION,"TWO-WAY, NOT DIVIDED",REAR-END,COLLISION WITH MOTOR VEHICLE IN TRAFFIC,ROADWAY,25,0,0,0,0,0,3,0,0,0,0,0,0,0,42.389,-71.1052,5,2.50174E+14
23062001,26/10/2023 09:56,Day Shift (8AM - 4PM),"159 HIGHLAND AV Somerville, MA",DAYLIGHT,CLEAR,DRY,NONE,NO CONTROLS,T-INTERSECTION,"TWO-WAY, NOT DIVIDED",REAR-END,COLLISION WITH PARKED MOTOR VEHICLE,ROADSIDE,35,0,0,0,0,0,3,0,0,0,0,0,0,0,42.3888,-71.104,5,2.50174E+14
22067807,30/11/2022 09:12,Day Shift (8AM - 4PM),"HIGHLAND AV & WALDO ST Somerville, MA",DAYLIGHT,CLOUDY,DRY,NONE,STOP SIGNS,T-INTERSECTION,"TWO-WAY, NOT DIVIDED",HEAD ON,COLLISION WITH MOTOR VEHICLE IN TRAFFIC,ROADWAY,25,0,0,0,0,0,2,0,0,0,0,0,0,0,42.3887,-71.1043,5,2.50174E+14
22050547,07/09/2022 12:28,Day Shift (8AM - 4PM),"174 HIGHLAND AV Somerville, MA",DAYLIGHT,CLEAR,DRY,NONE,STOP SIGNS,NOT AT INTERSECTION,"TWO-WAY, NOT DIVIDED",ANGLE,COLLISION WITH PARKED MOTOR VEHICLE,ROADWAY,25,0,0,0,0,0,5,0,0,0,0,0,0,0,42.3888,-71.1052,3,2.50174E+14
22064589,10/11/2022 16:22,First Half (4PM - Midnight),"160 HIGHLAND AV Somerville, MA",DAYLIGHT,CLEAR,DRY,NONE,TRAFFIC CONTROL SIGNAL,NOT AT INTERSECTION,"TWO-WAY, NOT DIVIDED",ANGLE,COLLISION WITH MOTOR VEHICLE IN TRAFFIC,ROADWAY,25,0,0,0,2,0,6,0,0,0,0,0,0,0,42.3884,-71.104,3,2.50174E+14
19056666,02/10/2019 13:20,Day Shift (8AM - 4PM),"164 HIGHLAND AV Somerville, MA",DAYLIGHT,CLOUDY,WET,NONE,NO CONTROLS,NOT AT INTERSECTION,"TWO-WAY, NOT DIVIDED","SIDESWIPE, SAME DIRECTION",COLLISION WITH PARKED MOTOR VEHICLE,ROADWAY,20,0,0,0,0,0,5,0,0,0,0,0,0,0,42.3886,-71.1045,3,2.50174E+14
22034241,18/06/2022 08:53,Day Shift (8AM - 4PM),"76 CENTRAL ST Somerville, MA",DAYLIGHT,CLEAR,DRY,NONE,NO CONTROLS,NOT AT INTERSECTION,"TWO-WAY, NOT DIVIDED","SIDESWIPE, SAME DIRECTION",COLLISION WITH MOTOR VEHICLE IN TRAFFIC,ROADWAY,20,0,0,0,0,0,2,0,0,0,0,0,0,0,42.3883,-71.1038,3,2.50174E+14
19011011,28/02/2019 09:24,Day Shift (8AM - 4PM),"160 HIGHLAND AV Somerville, MA",DAYLIGHT,CLEAR,WET,NONE,TRAFFIC CONTROL SIGNAL,NOT AT INTERSECTION,"TWO-WAY, NOT DIVIDED",REAR-END,COLLISION WITH MOTOR VEHICLE IN TRAFFIC,ROADWAY,20,0,0,0,0,0,2,3,0,0,0,0,0,0,42.3884,-71.104,3,2.50174E+14
22064492,10/11/2022 07:09,Last Half (Midnight - 8AM),"175 SUMMER ST Somerville, MA",DAYLIGHT,CLEAR,DRY,NONE,NO CONTROLS,NOT AT INTERSECTION,"TWO-WAY, NOT DIVIDED",REAR-END,COLLISION WITH PARKED MOTOR VEHICLE,ROADWAY,25,0,0,0,0,0,2,0,0,0,0,0,0,0,42.387,-71.1071,3,2.50174E+14
20034761,14/07/2020 13:24,Day Shift (8AM - 4PM),"210 HIGHLAND AV Somerville, MA",DAYLIGHT,CLEAR,DRY,NONE,NO CONTROLS,NOT AT INTERSECTION,"TWO-WAY, NOT DIVIDED","SIDESWIPE, SAME DIRECTION",COLLISION WITH PARKED MOTOR VEHICLE,ROADSIDE,25,0,0,0,0,0,3,0,0,0,0,0,0,0,42.3897,-71.1072,3,2.50174E+14
18050124,22/08/2018 20:38,First Half (4PM - Midnight),"202 HIGHLAND AV Somerville, MA",DARK - LIGHTED ROADWAY,CLEAR,DRY,NONE,NO CONTROLS,NOT AT INTERSECTION,"TWO-WAY, DIVIDED, UNPROTECTED MEDIAN",SINGLE VEHICLE CRASH,COLLISION WITH PEDESTRIAN,ROADWAY,25,0,0,0,1,0,1,0,0,1,1,0,0,0,42.3896,-71.1071,3,2.50174E+14
20041778,29/08/2020 14:10,Day Shift (8AM - 4PM),"212 HIGHLAND AV Somerville, MA",DAYLIGHT,RAIN,WET,NONE,NO CONTROLS,NOT AT INTERSECTION,"TWO-WAY, NOT DIVIDED",ANGLE,COLLISION WITH MOTOR VEHICLE IN TRAFFIC,ROADWAY,30,0,0,0,3,0,2,0,0,0,0,0,0,0,42.3898,-71.1076,3,2.50174E+14
21032288,26/06/2021 13:43,Day Shift (8AM - 4PM),"144 LOWELL ST Somerville, MA",DAYLIGHT,CLEAR,DRY,TRAFFIC CONTROL DEVICE,WARNING SIGNS,NOT AT INTERSECTION,"ONE-WAY, NOT DIVIDED",ANGLE,COLLISION WITH MOTOR VEHICLE IN TRAFFIC,ROADWAY,25,0,0,0,0,0,3,0,0,0,0,0,0,0,42.3893,-71.1089,3,2.50174E+14
21031720,23/06/2021 16:25,First Half (4PM - Midnight),"134 LOWELL ST Somerville, MA",DAYLIGHT,CLEAR,DRY,OTHER,NO CONTROLS,NOT AT INTERSECTION,"ONE-WAY, NOT DIVIDED",SINGLE VEHICLE CRASH,COLLISION WITH TREE,ROADWAY,25,0,0,0,0,0,2,0,0,0,0,0,0,0,42.3889,-71.1092,3,2.50174E+14
24007770,11/02/2024 00:28,Last Half (Midnight - 8AM),"230 HIGHLAND AV Somerville, MA",DARK - LIGHTED ROADWAY,RAIN,WET,NONE,NO CONTROLS,NOT AT INTERSECTION,"TWO-WAY, DIVIDED, UNPROTECTED MEDIAN",REAR-END,COLLISION WITH PARKED MOTOR VEHICLE,ROADWAY,5,0,0,0,0,0,2,0,0,0,0,0,0,0,42.39,-71.1096,3,2.50174E+14
20054880,11/11/2020 13:59,Day Shift (8AM - 4PM),"236 HIGHLAND AV Somerville, MA",DAYLIGHT,CLOUDY,DRY,NONE,NO CONTROLS,NOT AT INTERSECTION,UNKNOWN,SINGLE VEHICLE CRASH,OTHER,ROADSIDE,20,0,0,0,0,0,1,0,0,0,0,0,0,0,42.39,-71.1096,3,2.50174E+14
22052184,14/09/2022 13:48,Day Shift (8AM - 4PM),"33 TOWER ST Somerville, MA",DAYLIGHT,CLEAR,DRY,NONE,NO CONTROLS,NOT AT INTERSECTION,"ONE-WAY, NOT DIVIDED",ANGLE,COLLISION WITH PARKED MOTOR VEHICLE,OUTSIDE ROADWAY,20,0,0,0,0,1,2,0,0,0,0,0,0,0,42.3896,-71.1098,3,2.50174E+14
24002739,16/01/2024 09:19,Day Shift (8AM - 4PM),"33 TOWER ST Somerville, MA",DAYLIGHT,SNOW,SNOW,NONE,NO CONTROLS,NOT AT INTERSECTION,"TWO-WAY, DIVIDED, POSITIVE MEDIAN BARRIER",SINGLE VEHICLE CRASH,COLLISION WITH LIGHT POLE OR OTHER POST/SUPPORT,OUTSIDE ROADWAY,20,0,0,0,0,1,0,0,0,0,0,0,0,0,42.3896,-71.1098,3,2.50174E+14
22072614,27/12/2022 13:06,Day Shift (8AM - 4PM),"236 HIGHLAND AV Somerville, MA",DAYLIGHT,CLEAR,DRY,NONE,NO CONTROLS,NOT AT INTERSECTION,"TWO-WAY, NOT DIVIDED",UNKNOWN,COLLISION WITH PARKED MOTOR VEHICLE,UNKNOWN,25,0,0,0,0,0,3,0,0,0,0,0,0,0,42.39,-71.1096,3,2.50174E+14
21066530,29/12/2021 13:11,Day Shift (8AM - 4PM),"3 BENTON RD Somerville, MA",DAYLIGHT,CLOUDY,DRY,NONE,NO CONTROLS,NOT AT INTERSECTION,"TWO-WAY, NOT DIVIDED","SIDESWIPE, SAME DIRECTION",COLLISION WITH PARKED MOTOR VEHICLE,ROADWAY,25,0,0,0,0,0,3,0,0,0,0,0,0,0,42.3869,-71.1063,3,2.50174E+14
23072828,18/12/2023 20:00,First Half (4PM - Midnight),"155 SUMMER ST Somerville, MA",DARK - LIGHTED ROADWAY,CLEAR,WET,NONE,NO CONTROLS,NOT AT INTERSECTION,"TWO-WAY, DIVIDED, UNPROTECTED MEDIAN","SIDESWIPE, SAME DIRECTION",COLLISION WITH PARKED MOTOR VEHICLE,ROADWAY,25,0,0,0,0,0,3,0,0,0,0,0,0,0,42.3866,-71.1055,3,2.50174E+14
18071045,01/12/2018 16:31,First Half (4PM - Midnight),"111 CENTRAL ST Somerville, MA",DARK - LIGHTED ROADWAY,CLEAR,DRY,NONE,NO CONTROLS,NOT AT INTERSECTION,"TWO-WAY, NOT DIVIDED",ANGLE,COLLISION WITH MOTOR VEHICLE IN TRAFFIC,ROADWAY,20,0,0,0,1,0,1,0,0,0,0,0,0,0,42.3899,-71.102,5,2.50174E+14
23044511,07/08/2023 07:07,Last Half (Midnight - 8AM),"54 MONTROSE ST Somerville, MA",DAYLIGHT,CLOUDY,DRY,NONE,NO CONTROLS,NOT AT INTERSECTION,"ONE-WAY, NOT DIVIDED","SIDESWIPE, OPPOSITE DIRECTION",COLLISION WITH PARKED MOTOR VEHICLE,ROADSIDE,20,0,0,0,0,1,1,0,0,0,0,0,0,0,42.389,-71.1008,3,2.50174E+14