Crash Number,Date and Time of Crash,Police Shift,Crash Location,Light Conditions,Weather Conditions,Road Surface,Road Contributing Circumstances,Traffic Control Device Type,Roadway Intersection Type,Trafficway Description,Manner of Collision,First Harmful Event,First Harmful Event Location,Speed Limit,Work Zone,Count Fatal Injury ,Count Suspected Serious Injury,Count Suspected Minor Injury ,Count Possible Injury,Count No Apparent Injury,Count Unknown Injury,Count Not Reported Injury,Total Non-Motorists,Pedestrian Involvement (Non-Motorist),Cyclist Involvement (Non-Motorist),Other Non-Motorist Involvement,Hit and Run Flag,Latitude,Longitude,Ward,Block Code 
21012042,08/03/2021 20:55,First Half (4PM - Midnight),"2 MONTROSE ST Somerville, MA",DARK - ROADWAY NOT LIGHTED,CLEAR,DRY,WORK ZONE,NO CONTROLS,NOT AT INTERSECTION,"TWO-WAY, NOT DIVIDED","SIDESWIPE, OPPOSITE DIRECTION",COLLISION WITH PARKED MOTOR VEHICLE,ROADSIDE,20,1,0,0,0,0,3,0,0,0,0,0,0,0,42.388,-71.098,3,2.50174E+14
21020187,23/04/2021 17:32,First Half (4PM - Midnight),"28 MONTROSE ST Somerville, MA",DAYLIGHT,CLEAR,DRY,UNKNOWN,NO CONTROLS,NOT AT INTERSECTION,"ONE-WAY, NOT DIVIDED",SINGLE VEHICLE CRASH,COLLISION WITH TREE,UNKNOWN,25,0,0,0,0,0,1,1,0,0,0,0,0,0,42.3885,-71.0995,3,2.50174E+14
23009675,22/02/2023 07:16,Last Half (Midnight - 8AM),"CENTRAL ST & HIGHLAND AV Somerville, MA",DAYLIGHT,CLEAR,DRY,NONE,TRAFFIC CONTROL SIGNAL,FOUR WAY INTERSECTION,"TWO-WAY, NOT DIVIDED",ANGLE,COLLISION WITH MOTOR VEHICLE IN TRAFFIC,ROADWAY,25,1,0,0,0,0,3,0,0,0,0,0,0,0,42.3884,-71.1034,5,2.50174E+14
21056170,25/10/2021 14:12,Day Shift (8AM - 4PM),"137 HIGHLAND AV Somerville, MA",DAYLIGHT,RAIN,WET,NONE,NO CONTROLS,NOT AT INTERSECTION,"TWO-WAY, NOT DIVIDED",REAR-END,COLLISION WITH MOTOR VEHICLE IN TRAFFIC,ROADWAY,25,0,0,0,0,0,4,0,0,0,0,0,0,0,42.3881,-71.102,5,2.50174E+14
18057619,26/09/2018 19:19,First Half (4PM - Midnight),"CENTRAL ST & HIGHLAND AV Somerville, MA",DARK - LIGHTED ROADWAY,CLEAR,DRY,NONE,TRAFFIC CONTROL SIGNAL,FOUR WAY INTERSECTION,"TWO-WAY, NOT DIVIDED",HEAD ON,COLLISION WITH MOTOR VEHICLE IN TRAFFIC,ROADWAY,25,0,0,0,1,0,1,0,0,0,0,0,0,0,42.3884,-71.1034,5,2.50174E+14
22050205,05/09/2022 15:14,Day Shift (8AM - 4PM),"CENTRAL ST & HIGHLAND AV Somerville, MA",DAYLIGHT,RAIN,WET,UNKNOWN,TRAFFIC CONTROL SIGNAL,FOUR WAY INTERSECTION,"TWO-WAY, DIVIDED, UNPROTECTED MEDIAN",SINGLE VEHICLE CRASH,COLLISION WITH PEDESTRIAN,ROADWAY,25,0,0,0,1,0,1,0,0,1,1,0,0,0,42.3884,-71.1034,5,2.50174E+14
18063854,27/10/2018 20:55,First Half (4PM - Midnight),"9 WILLOUGHBY ST Somerville, MA",DARK - LIGHTED ROADWAY,RAIN,WET,NONE,NO CONTROLS,NOT AT INTERSECTION,"TWO-WAY, NOT DIVIDED","SIDESWIPE, OPPOSITE DIRECTION",COLLISION WITH PARKED MOTOR VEHICLE,ROADWAY,25,0,0,0,0,0,3,0,0,0,0,0,0,0,42.3895,-71.1021,5,2.50174E+14
22053050,18/09/2022 00:37,Last Half (Midnight - 8AM),"CENTRAL ST & HIGHLAND AV Somerville, MA",DARK - LIGHTED ROADWAY,CLEAR,DRY,NONE,TRAFFIC CONTROL SIGNAL,FOUR WAY INTERSECTION,"TWO-WAY, NOT DIVIDED",ANGLE,COLLISION WITH MOTOR VEHICLE IN TRAFFIC,ROADWAY,25,0,0,1,0,0,1,0,0,0,0,0,0,0,42.3884,-71.1034,5,2.50174E+14
23000347,03/01/2023 13:45,Day Shift (8AM - 4PM),"137 HIGHLAND AV Somerville, MA",DAYLIGHT,RAIN,WET,NONE,NO CONTROLS,NOT AT INTERSECTION,"TWO-WAY, NOT DIVIDED",SINGLE VEHICLE CRASH,COLLISION WITH TREE,ROADSIDE,25,1,0,0,0,0,2,0,0,0,0,0,0,0,42.3881,-71.102,5,2.50174E+14
19055579,27/09/2019 05:54,Last Half (Midnight - 8AM),"CENTRAL ST & HIGHLAND AV Somerville, MA",DAWN,"FOG, SMOG, SMOKE",WET,NONE,TRAFFIC CONTROL SIGNAL,FOUR WAY INTERSECTION,"TWO-WAY, NOT DIVIDED",SINGLE VEHICLE CRASH,COLLISION WITH PEDESTRIAN,ROADWAY,25,0,0,0,1,0,3,0,0,1,1,0,0,0,42.3884,-71.1034,5,2.50174E+14
24005165,29/01/2024 08:42,Day Shift (8AM - 4PM),"CENTRAL ST & HIGHLAND AV Somerville, MA",DAYLIGHT,CLOUDY,WET,NONE,TRAFFIC CONTROL SIGNAL,FOUR WAY INTERSECTION,"TWO-WAY, NOT DIVIDED",SINGLE VEHICLE CRASH,COLLISION WITH LIGHT POLE OR OTHER POST/SUPPORT,ROADSIDE,25,0,0,0,0,0,2,0,0,0,0,0,0,0,42.3884,-71.1034,5,2.50174E+14
21028582,07/06/2021 00:26,Last Half (Midnight - 8AM),"CENTRAL ST & HIGHLAND AV Somerville, MA",DARK - LIGHTED ROADWAY,CLEAR,DRY,OTHER,TRAFFIC CONTROL SIGNAL,FOUR WAY INTERSECTION,"TWO-WAY, NOT DIVIDED",ANGLE,COLLISION WITH MOTOR VEHICLE IN TRAFFIC,ROADWAY,25,0,0,0,0,1,4,0,0,0,0,0,0,0,42.3884,-71.1034,5,2.50174E+14
23054748,23/09/2023 18:38,First Half (4PM - Midnight),"CENTRAL ST & HIGHLAND AV Somerville, MA",DARK - LIGHTED ROADWAY,RAIN,WET,NONE,TRAFFIC CONTROL SIGNAL,FOUR WAY INTERSECTION,"TWO-WAY, NOT DIVIDED",SINGLE VEHICLE CRASH,COLLISION WITH LIGHT POLE OR OTHER POST/SUPPORT,ROADWAY,25,0,0,0,0,0,0,1,0,0,0,0,0,0,42.3884,-71.1034,5,2.50174E+14
23003185,19/01/2023 12:52,Day Shift (8AM - 4PM),"CENTRAL ST & HIGHLAND AV Somerville, MA",DAYLIGHT,CLOUDY,DRY,NONE,TRAFFIC CONTROL SIGNAL,FOUR WAY INTERSECTION,"TWO-WAY, NOT DIVIDED",SINGLE VEHICLE CRASH,COLLISION WITH LIGHT POLE OR OTHER POST/SUPPORT,SHOULDER - PAVED,25,1,0,0,0,0,2,0,0,0,0,0,0,0,42.3884,-71.1034,5,2.50174E+14
20038234,06/08/2020 11:46,Day Shift (8AM - 4PM),"CENTRAL ST & HIGHLAND AV Somerville, MA",DAYLIGHT,CLEAR,DRY,NONE,TRAFFIC CONTROL SIGNAL,FOUR WAY INTERSECTION,"TWO-WAY, NOT DIVIDED",ANGLE,COLLISION WITH LIGHT POLE OR OTHER POST/SUPPORT,SHOULDER - PAVED,25,0,0,0,0,0,2,0,0,0,0,0,0,0,42.3884,-71.1034,5,2.50174E+14
20058951,05/12/2020 21:10,First Half (4PM - Midnight),"CENTRAL ST & HIGHLAND AV Somerville, MA",DARK - LIGHTED ROADWAY,RAIN,SLUSH,ROAD SURFACE CONDITION,NO CONTROLS,FOUR WAY INTERSECTION,"TWO-WAY, NOT DIVIDED",SINGLE VEHICLE CRASH,COLLISION WITH UTILITY POLE,ROADWAY,25,0,0,0,0,0,1,0,0,0,0,0,0,0,42.3884,-71.1034,5,2.50174E+14
19042503,26/07/2019 17:41,First Half (4PM - Midnight),"34 SYCAMORE ST Somerville, MA",DAYLIGHT,CLEAR,DRY,NONE,NO CONTROLS,T-INTERSECTION,"ONE-WAY, NOT DIVIDED",ANGLE,COLLISION WITH PEDALCYCLE,ROADWAY,20,0,0,0,0,0,2,1,0,1,0,1,0,0,42.3893,-71.1011,5,2.50174E+14
22043211,04/08/2022 13:37,Day Shift (8AM - 4PM),"101 HIGHLAND AV Somerville, MA",DAYLIGHT,CLEAR,DRY,NONE,NO CONTROLS,NOT AT INTERSECTION,"TWO-WAY, NOT DIVIDED",REAR-END,COLLISION WITH MOTOR VEHICLE IN TRAFFIC,ROADWAY,25,0,0,0,0,0,3,0,0,0,0,0,0,0,42.3873,-71.0992,3,2.50174E+14
20041434,27/08/2020 12:27,Day Shift (8AM - 4PM),"136 SCHOOL ST Somerville, MA",DAYLIGHT,CLOUDY,DRY,NONE,NO CONTROLS,NOT AT INTERSECTION,"ONE-WAY, NOT DIVIDED","SIDESWIPE, OPPOSITE DIRECTION",COLLISION WITH PARKED MOTOR VEHICLE,ROADWAY,25,1,0,0,0,0,3,0,0,0,0,0,0,0,42.3873,-71.0987,3,2.50174E+14
23049268,29/08/2023 11:55,Day Shift (8AM - 4PM),"101 HIGHLAND AV Somerville, MA",DAYLIGHT,CLOUDY,DRY,NONE,NO CONTROLS,NOT AT INTERSECTION,"TWO-WAY, NOT DIVIDED","SIDESWIPE, OPPOSITE DIRECTION",COLLISION WITH PARKED MOTOR VEHICLE,ROADSIDE,25,0,0,0,0,0,3,0,0,0,0,0,0,0,42.3873,-71.0992,3,2.50174E+14
24009368,19/02/2024 08:48,Day Shift (8AM - 4PM),"14 MADISON ST Somerville, MA",DAYLIGHT,CLEAR,DRY,NONE,NO CONTROLS,NOT AT INTERSECTION,"ONE-WAY, NOT DIVIDED",SINGLE VEHICLE CRASH,COLLISION WITH MOTOR VEHICLE IN TRAFFIC,ROADWAY,25,0,0,0,0,0,2,0,0,0,0,0,0,0,42.3877,-71.0989,3,2.50174E+14
18067455,13/11/2018 15:10,Day Shift (8AM - 4PM),"136 SCHOOL ST Somerville, MA",DAYLIGHT,CLEAR,DRY,NONE,NO CONTROLS,NOT AT INTERSECTION,"ONE-WAY, NOT DIVIDED",SINGLE VEHICLE CRASH,OTHER,ROADWAY,20,0,0,0,0,0,2,0,0,0,0,0,0,0,42.3873,-71.0987,3,2.50174E+14
22052257,14/09/2022 21:16,First Half (4PM - Midnight),"123 HIGHLAND AV Somerville, MA",DARK - ROADWAY NOT LIGHTED,CLEAR,DRY,NONE,YIELD SIGNS,NOT AT INTERSECTION,"TWO-WAY, DIVIDED, UNPROTECTED MEDIAN",SINGLE VEHICLE CRASH,COLLISION WITH PEDESTRIAN,ROADWAY,25,0,0,0,0,0,4,0,0,1,1,0,0,0,42.3877,-71.1005,3,2.50174E+14
21057078,30/10/2021 10:52,Day Shift (8AM - 4PM),"101 HIGHLAND AV Somerville, MA",DAYLIGHT,RAIN,WET,NONE,NO CONTROLS,NOT AT INTERSECTION,"TWO-WAY, NOT DIVIDED","SIDESWIPE, SAME DIRECTION",COLLISION WITH PARKED MOTOR VEHICLE,ROADWAY,25,0,0,0,0,0,3,0,0,0,0,0,0,0,42.3873,-71.0992,3,2.50174E+14
22007602,14/02/2022 23:06,First Half (4PM - Midnight),"150 HIGHLAND AV Somerville, MA",DARK - LIGHTED ROADWAY,CLEAR,DRY,NONE,NO CONTROLS,NOT AT INTERSECTION,"TWO-WAY, NOT DIVIDED",REAR-END,COLLISION WITH PARKED MOTOR VEHICLE,ROADWAY,25,0,0,0,0,0,5,0,0,0,0,0,0,1,42.3882,-71.1032,3,2.50174E+14
22032084,08/06/2022 07:42,Last Half (Midnight - 8AM),"140 HIGHLAND AV Somerville, MA",DAYLIGHT,CLOUDY,WET,NONE,NO CONTROLS,NOT AT INTERSECTION,"TWO-WAY, NOT DIVIDED",REAR-END,COLLISION WITH MOTOR VEHICLE IN TRAFFIC,ROADWAY,25,0,0,0,0,0,2,0,0,0,0,0,0,0,42.3879,-71.1025,3,2.50174E+14
19012281,06/03/2019 07:42,Last Half (Midnight - 8AM),"146 HIGHLAND AV Somerville, MA",DAYLIGHT,CLEAR,ICE,NONE,NO CONTROLS,NOT AT INTERSECTION,"TWO-WAY, DIVIDED, UNPROTECTED MEDIAN","SIDESWIPE, SAME DIRECTION",COLLISION WITH PARKED MOTOR VEHICLE,ROADWAY,25,0,0,0,0,0,4,0,0,0,0,0,0,0,42.3881,-71.103,3,2.50174E+14
21046912,07/09/2021 22:23,First Half (4PM - Midnight),"CENTRAL ST & GIBBENS ST Somerville, MA",DARK - LIGHTED ROADWAY,CLEAR,DRY,NONE,NO CONTROLS,T-INTERSECTION,"ONE-WAY, NOT DIVIDED",HEAD ON,COLLISION WITH PARKED MOTOR VEHICLE,UNKNOWN,25,0,0,0,0,0,2,0,0,0,0,0,0,0,42.3879,-71.1038,3,2.50174E+14
21049391,20/09/2021 08:16,Day Shift (8AM - 4PM),"140 HIGHLAND AV Somerville, MA",DAYLIGHT,CLEAR,WET,NONE,NO CONTROLS,NOT AT INTERSECTION,"TWO-WAY, NOT DIVIDED",HEAD ON,COLLISION WITH PARKED MOTOR VEHICLE,ROADWAY,25,0,0,0,0,0,4,0,0,0,0,0,0,0,42.3879,-71.1025,3,2.50174E+14
21008952,20/02/2021 10:50,Day Shift (8AM - 4PM),"138 HIGHLAND AV Somerville, MA",DAYLIGHT,CLEAR,WET,NONE,NO CONTROLS,NOT AT INTERSECTION,"TWO-WAY, NOT DIVIDED",REAR-END,COLLISION WITH MOTOR VEHICLE IN TRAFFIC,ROADWAY,25,0,0,0,1,0,4,0,0,0,0,0,0,0,42.3878,-71.1024,3,2.50174E+14
19022921,26/04/2019 13:22,Day Shift (8AM - 4PM),"CENTRAL ST & GIBBENS ST Somerville, MA",DAYLIGHT,CLOUDY,WET,NONE,NO CONTROLS,T-INTERSECTION,"TWO-WAY, NOT DIVIDED",ANGLE,COLLISION WITH MOTOR VEHICLE IN TRAFFIC,ROADWAY,20,0,0,0,0,0,3,0,0,0,0,0,0,0,42.3879,-71.1038,3,2.50174E+14
22034260,18/06/2022 10:00,Day Shift (8AM - 4PM),"75 CENTRAL ST Somerville, MA",DAYLIGHT,CLEAR,DRY,NONE,NO CONTROLS,NOT AT INTERSECTION,"TWO-WAY, NOT DIVIDED",REAR TO REAR,COLLISION WITH PARKED MOTOR VEHICLE,ROADWAY,20,0,0,0,0,0,2,0,0,0,0,0,0,0,42.388,-71.1035,3,2.50174E+14
19000775,05/01/2019 13:18,Day Shift (8AM - 4PM),"CENTRAL ST & OXFORD ST Somerville, MA",DAYLIGHT,CLEAR,DRY,NONE,NO CONTROLS,T-INTERSECTION,"TWO-WAY, NOT DIVIDED",SINGLE VEHICLE CRASH,COLLISION WITH MOTOR VEHICLE IN TRAFFIC,ROADWAY,25,0,0,0,0,1,1,0,0,0,0,0,0,0,42.3879,-71.1038,3,2.50174E+14
21026251,25/05/2021 15:22,Day Shift (8AM - 4PM),"5 HERSEY ST Somerville, MA",DAYLIGHT,CLEAR,DRY,NONE,NO CONTROLS,NOT AT INTERSECTION,"TWO-WAY, NOT DIVIDED",HEAD ON,COLLISION WITH MOTOR VEHICLE IN TRAFFIC,ROADWAY,25,0,0,0,0,0,3,0,0,0,0,0,0,0,42.3866,-71.1017,3,2.50174E+14
19003586,20/01/2019 12:40,Day Shift (8AM - 4PM),"BENTON RD & SUMMER ST Somerville, MA",DAYLIGHT,"SLEET, HAIL, FREEZING RAIN OR DRIZZLE",SNOW,ROAD SURFACE CONDITION,NO CONTROLS,FOUR WAY INTERSECTION,"TWO-WAY, DIVIDED, UNPROTECTED MEDIAN","SIDESWIPE, SAME DIRECTION",COLLISION WITH MOTOR VEHICLE IN TRAFFIC,ROADWAY,25,0,0,0,0,0,3,0,0,0,0,0,0,0,42.3866,-71.1068,3,2.50174E+14
21057227,30/10/2021 23:27,First Half (4PM - Midnight),"BENTON RD & SUMMER ST Somerville, MA",DARK - LIGHTED ROADWAY,"SLEET, HAIL, FREEZING RAIN OR DRIZZLE",WET,OTHER,NO CONTROLS,NOT AT INTERSECTION,"TWO-WAY, NOT DIVIDED","SIDESWIPE, OPPOSITE DIRECTION",COLLISION WITH MOTOR VEHICLE IN TRAFFIC,ROADWAY,20,0,0,0,0,0,5,0,0,0,0,0,0,0,42.3866,-71.1068,3,2.50174E+14
21056048,24/10/2021 20:34,First Half (4PM - Midnight),"SPRING ST & SUMMER ST Somerville, MA",DARK - LIGHTED ROADWAY,CLEAR,DRY,NONE,NO CONTROLS,T-INTERSECTION,"TWO-WAY, DIVIDED, UNPROTECTED MEDIAN","SIDESWIPE, SAME DIRECTION",COLLISION WITH PARKED MOTOR VEHICLE,ROADWAY,20,0,0,0,0,1,1,0,0,0,0,0,0,0,42.387,-71.1079,3,2.50174E+14
23004017,23/01/2023 21:36,First Half (4PM - Midnight),"14 HARVARD PL Somerville, MA",DARK - LIGHTED ROADWAY,SNOW,SNOW,ROAD SURFACE CONDITION,NO CONTROLS,NOT AT INTERSECTION,"TWO-WAY, NOT DIVIDED",ANGLE,COLLISION WITH PARKED MOTOR VEHICLE,ROADWAY,25,0,0,0,0,0,3,0,0,0,0,0,0,0,42.386,-71.108,3,2.50174E+14
19012657,08/03/2019 01:04,Last Half (Midnight - 8AM),"54/47 ATHERTON ST Somerville, MA",DARK - LIGHTED ROADWAY,CLEAR,ICE,NONE,NO CONTROLS,NOT AT INTERSECTION,"ONE-WAY, NOT DIVIDED",UNKNOWN,COLLISION WITH PARKED MOTOR VEHICLE,ROADSIDE,25,0,0,0,0,0,3,0,0,0,0,0,0,0,42.385,-71.108,3,2.50174E+14
19062838,02/11/2019 10:26,Day Shift (8AM - 4PM),"19 BELMONT ST Somerville, MA",DAYLIGHT,CLEAR,DRY,NONE,NO CONTROLS,NOT AT INTERSECTION,"ONE-WAY, NOT DIVIDED",REAR-END,COLLISION WITH MOTOR VEHICLE IN TRAFFIC,ROADWAY,25,0,0,0,0,0,2,0,0,0,0,0,0,0,42.3854,-71.1103,3,2.50174E+14
19007411,10/02/2019 02:48,Last Half (Midnight - 8AM),"11 BELMONT ST Somerville, MA",DARK - LIGHTED ROADWAY,CLEAR,DRY,NONE,NO CONTROLS,NOT AT INTERSECTION,"ONE-WAY, NOT DIVIDED","SIDESWIPE, SAME DIRECTION",COLLISION WITH PARKED MOTOR VEHICLE,ROADWAY,25,0,0,0,0,0,3,0,0,0,0,0,0,0,42.3849,-71.1105,3,2.50174E+14
21039378,30/07/2021 15:50,Day Shift (8AM - 4PM),"26 CENTRAL ST Somerville, MA",DAYLIGHT,CLEAR,DRY,NONE,STOP SIGNS,T-INTERSECTION,"ONE-WAY, NOT DIVIDED",ANGLE,COLLISION WITH MOTOR VEHICLE IN TRAFFIC,ROADWAY,25,0,0,0,0,0,2,0,0,0,0,0,0,0,42.385,-71.1061,3,2.50174E+14
22001670,12/01/2022 09:46,Day Shift (8AM - 4PM),"51 CENTRAL ST Somerville, MA",DAYLIGHT,CLOUDY,DRY,NONE,NO CONTROLS,NOT AT INTERSECTION,"TWO-WAY, NOT DIVIDED",REAR-END,COLLISION WITH PARKED MOTOR VEHICLE,ROADSIDE,25,0,0,0,0,0,3,0,0,0,0,0,0,0,42.3867,-71.1044,3,2.50174E+14
19042995,29/07/2019 09:22,Day Shift (8AM - 4PM),"AVON ST & CENTRAL ST Somerville, MA",DAYLIGHT,CLEAR,DRY,NONE,NO CONTROLS,T-INTERSECTION,"TWO-WAY, NOT DIVIDED",SINGLE VEHICLE CRASH,COLLISION WITH PEDALCYCLE,ROADWAY,25,0,0,0,1,0,1,0,0,1,0,1,0,0,42.3866,-71.1047,3,2.50174E+14
20046275,27/09/2020 00:34,Last Half (Midnight - 8AM),"AVON ST & CENTRAL ST Somerville, MA",DARK - LIGHTED ROADWAY,CLEAR,DRY,NONE,NO CONTROLS,UNKNOWN,"TWO-WAY, NOT DIVIDED","SIDESWIPE, OPPOSITE DIRECTION",COLLISION WITH PARKED MOTOR VEHICLE,ROADWAY,25,0,0,0,0,0,3,0,0,0,0,0,0,0,42.3866,-71.1047,3,2.50174E+14
23061919,25/10/2023 20:53,First Half (4PM - Midnight),"125 SUMMER ST Somerville, MA",DARK - LIGHTED ROADWAY,CLEAR,DRY,NONE,NO CONTROLS,NOT AT INTERSECTION,"TWO-WAY, NOT DIVIDED","SIDESWIPE, SAME DIRECTION",COLLISION WITH PARKED MOTOR VEHICLE,ROADSIDE,25,0,0,0,0,0,3,0,0,0,0,0,0,0,42.3856,-71.1034,3,2.50174E+14
19052490,12/09/2019 09:03,Day Shift (8AM - 4PM),"CENTRAL ST & SUMMER ST Somerville, MA",DAYLIGHT,CLOUDY,WET,NONE,TRAFFIC CONTROL SIGNAL,T-INTERSECTION,"TWO-WAY, NOT DIVIDED",ANGLE,COLLISION WITH MOTOR VEHICLE IN TRAFFIC,ROADWAY,20,0,0,0,0,0,3,0,0,0,0,0,0,0,42.386,-71.1051,3,2.50174E+14
20060406,15/12/2020 07:05,Last Half (Midnight - 8AM),"CENTRAL ST & SUMMER ST Somerville, MA",DAYLIGHT,CLEAR,DRY,TRAFFIC CONTROL DEVICE,FLASHING TRAFIC CONTROL SIGNAL,FOUR WAY INTERSECTION,"TWO-WAY, DIVIDED, UNPROTECTED MEDIAN",HEAD ON,COLLISION WITH MOTOR VEHICLE IN TRAFFIC,ROADWAY,25,0,0,0,0,0,3,0,0,0,0,0,0,0,42.386,-71.1051,3,2.50174E+14
22062454,31/10/2022 14:40,Day Shift (8AM - 4PM),"20 AVON ST Somerville, MA",DAYLIGHT,CLEAR,DRY,NONE,NO CONTROLS,NOT AT INTERSECTION,"ONE-WAY, NOT DIVIDED","SIDESWIPE, OPPOSITE DIRECTION",COLLISION WITH PARKED MOTOR VEHICLE,ROADWAY,25,1,0,0,0,0,3,0,0,0,0,0,0,0,42.3852,-71.1014,3,2.50174E+14
20007505,09/02/2020 18:35,First Half (4PM - Midnight),"120 SUMMER ST Somerville, MA",DARK - LIGHTED ROADWAY,CLEAR,DRY,NONE,NO CONTROLS,NOT AT INTERSECTION,"TWO-WAY, NOT DIVIDED","SIDESWIPE, SAME DIRECTION",COLLISION WITH PARKED MOTOR VEHICLE,ROADWAY,25,0,0,0,0,0,6,0,0,0,0,0,0,0,42.3852,-71.1033,2,2.50174E+14
19005409,30/01/2019 07:52,Last Half (Midnight - 8AM),"PARK ST & SOMERVILLE AV Somerville, MA",DAYLIGHT,CLEAR,SNOW,NONE,TRAFFIC CONTROL SIGNAL,FOUR WAY INTERSECTION,"TWO-WAY, NOT DIVIDED",ANGLE,COLLISION WITH MOTOR VEHICLE IN TRAFFIC,ROADWAY,30,0,0,0,0,1,1,0,0,0,0,0,0,0,42.3832,-71.1064,3,2.50174E+14
23032722,12/06/2023 13:53,Day Shift (8AM - 4PM),"519 SOMERVILLE AV Somerville, MA",DAYLIGHT,CLOUDY,DRY,NONE,NO CONTROLS,NOT AT INTERSECTION,"TWO-WAY, NOT DIVIDED",ANGLE,COLLISION WITH MOTOR VEHICLE IN TRAFFIC,ROADWAY,25,0,0,0,0,0,2,0,0,0,0,0,0,0,42.3835,-71.1064,3,2.50174E+14
21031042,20/06/2021 00:24,Last Half (Midnight - 8AM),"33 CENTRAL Somerville, MA",DARK - LIGHTED ROADWAY,CLEAR,DRY,UNKNOWN,NO CONTROLS,NOT AT INTERSECTION,"ONE-WAY, NOT DIVIDED",REAR-END,COLLISION WITH PARKED MOTOR VEHICLE,ROADWAY,20,0,0,0,1,0,3,0,0,0,0,0,0,0,42.3855,-71.1053,3,2.50174E+14
20052473,29/10/2020 09:42,Day Shift (8AM - 4PM),"CENTRAL ST & SOMERVILLE AV Somerville, MA",DAYLIGHT,CLOUDY,DRY,NONE,NO CONTROLS,T-INTERSECTION,"ONE-WAY, NOT DIVIDED",HEAD ON,COLLISION WITH PEDALCYCLE,ROADWAY,25,0,0,0,0,1,1,0,0,1,0,1,0,0,42.3833,-71.1068,3,2.50174E+14
19006798,06/02/2019 22:11,First Half (4PM - Midnight),"519 SOMERVILLE AV Somerville, MA",DARK - LIGHTED ROADWAY,RAIN,WET,NONE,NO CONTROLS,NOT AT INTERSECTION,"TWO-WAY, NOT DIVIDED",REAR-END,COLLISION WITH MOTOR VEHICLE IN TRAFFIC,ROADWAY,25,0,0,0,0,1,3,0,0,1,1,0,0,0,42.3835,-71.1064,3,2.50174E+14
20030635,18/06/2020 14:11,Day Shift (8AM - 4PM),"519 SOMERVILLE AV Somerville, MA",DAYLIGHT,CLEAR,DRY,NONE,NO CONTROLS,NOT AT INTERSECTION,UNKNOWN,SINGLE VEHICLE CRASH,OTHER,OUTSIDE ROADWAY,25,0,0,0,0,0,2,0,0,0,0,0,0,0,42.3835,-71.1064,3,2.50174E+14
20031245,22/06/2020 13:25,Day Shift (8AM - 4PM),"PARK ST & SOMERVILLE AV Somerville, MA",DAYLIGHT,CLEAR,DRY,NONE,TRAFFIC CONTROL SIGNAL,T-INTERSECTION,"TWO-WAY, NOT DIVIDED","SIDESWIPE, SAME DIRECTION",COLLISION WITH MOTOR VEHICLE IN TRAFFIC,ROADWAY,25,1,0,0,0,0,5,0,0,0,0,0,0,0,42.3832,-71.1064,3,2.50174E+14
21045660,01/09/2021 12:16,Day Shift (8AM - 4PM),"525 SOMERVILLE AVE Somerville, MA",DAYLIGHT,RAIN,WET,WORK ZONE,NO CONTROLS,NOT AT INTERSECTION,"TWO-WAY, DIVIDED, UNPROTECTED MEDIAN",REAR-END,COLLISION WITH MOTOR VEHICLE IN TRAFFIC,ROADWAY,25,1,0,0,0,0,3,0,0,0,0,0,0,0,42.3833,-71.1066,3,2.50174E+14
22053784,21/09/2022 16:32,First Half (4PM - Midnight),"519 SOMERVILLE AV Somerville, MA",DAYLIGHT,CLEAR,DRY,OTHER,NO CONTROLS,NOT AT INTERSECTION,"TWO-WAY, DIVIDED, UNPROTECTED MEDIAN",SINGLE VEHICLE CRASH,COLLISION WITH PEDALCYCLE,ROADWAY,25,0,0,0,0,1,2,0,0,1,0,1,0,0,42.3835,-71.1064,3,2.50174E+14
23053400,17/09/2023 07:38,Last Half (Midnight - 8AM),"519 SOMERVILLE AV Somerville, MA",DAYLIGHT,CLEAR,DRY,NONE,NO CONTROLS,DRIVEWAY,UNKNOWN,"SIDESWIPE, OPPOSITE DIRECTION",COLLISION WITH PARKED MOTOR VEHICLE,OUTSIDE ROADWAY,0,0,0,0,0,0,2,1,0,0,0,0,0,0,42.3835,-71.1064,3,2.50174E+14
21000583,05/01/2021 09:03,Day Shift (8AM - 4PM),"PARK ST & SOMERVILLE AV Somerville, MA",DAYLIGHT,CLOUDY,DRY,NONE,TRAFFIC CONTROL SIGNAL,T-INTERSECTION,"TWO-WAY, NOT DIVIDED",SINGLE VEHICLE CRASH,COLLISION WITH LIGHT POLE OR OTHER POST/SUPPORT,ROADWAY,20,1,0,0,0,0,1,0,0,0,0,0,0,0,42.3832,-71.1064,3,2.50174E+14