Crash Number,Date and Time of Crash,Police Shift,Crash Location,Light Conditions,Weather Conditions,Road Surface,Road Contributing Circumstances,Traffic Control Device Type,Roadway Intersection Type,Trafficway Description,Manner of Collision,First Harmful Event,First Harmful Event Location,Speed Limit,Work Zone,Count Fatal Injury ,Count Suspected Serious Injury,Count Suspected Minor Injury ,Count Possible Injury,Count No Apparent Injury,Count Unknown Injury,Count Not Reported Injury,Total Non-Motorists,Pedestrian Involvement (Non-Motorist),Cyclist Involvement (Non-Motorist),Other Non-Motorist Involvement,Hit and Run Flag,Latitude,Longitude,Ward,Block Code 
22042580,01/08/2022 11:05,Day Shift (8AM - 4PM),"37 CENTRAL Somerville, MA",DAYLIGHT,CLEAR,DRY,NONE,NO CONTROLS,NOT AT INTERSECTION,"ONE-WAY, NOT DIVIDED",SINGLE VEHICLE CRASH,COLLISION WITH TREE,ROADSIDE,20,0,0,0,0,0,2,0,0,0,0,0,0,0,42.3857,-71.1051,3,2.50174E+14
18050570,24/08/2018 18:27,First Half (4PM - Midnight),"CENTRAL ST & SOMERVILLE AV Somerville, MA",DAYLIGHT,CLEAR,DRY,NONE,NO CONTROLS,T-INTERSECTION,"TWO-WAY, DIVIDED, UNPROTECTED MEDIAN",ANGLE,COLLISION WITH PEDALCYCLE,ROADWAY,25,0,0,0,0,1,1,0,0,1,0,1,0,0,42.3833,-71.1068,3,2.50174E+14
21057335,31/10/2021 09:54,Day Shift (8AM - 4PM),"CENTRAL ST & CLEVELAND ST Somerville, MA",DAYLIGHT,CLOUDY,DRY,NONE,STOP SIGNS,T-INTERSECTION,"ONE-WAY, NOT DIVIDED",ANGLE,COLLISION WITH MOTOR VEHICLE IN TRAFFIC,ROADWAY,20,0,0,0,0,0,2,0,0,0,0,0,0,0,42.3848,-71.106,3,2.50174E+14
23039982,17/07/2023 09:02,Day Shift (8AM - 4PM),"515 SOMERVILLE AV Somerville, MA",DAYLIGHT,CLEAR,DRY,NONE,FLASHING TRAFIC CONTROL SIGNAL,T-INTERSECTION,"TWO-WAY, DIVIDED, UNPROTECTED MEDIAN",SINGLE VEHICLE CRASH,COLLISION WITH PEDALCYCLE,ROADWAY,25,0,0,0,0,0,3,0,0,1,0,1,0,0,42.3833,-71.1057,3,2.50174E+14
1800000041,26/06/2018 18:46,First Half (4PM - Midnight),"146 SUMMER ST Somerville, MA",DUSK,RAIN,DRY,TRAFFIC CONGESTION RELATED,NO CONTROLS,NOT AT INTERSECTION,"TWO-WAY, NOT DIVIDED","SIDESWIPE, SAME DIRECTION",COLLISION WITH PEDESTRIAN,ROADSIDE,25,0,0,0,0,0,0,0,0,0,0,0,0,0,42.3858,-71.105,3,2.50174E+14
19033334,14/06/2019 08:24,Day Shift (8AM - 4PM),"PRESTON RD & SUMMER ST Somerville, MA",DAYLIGHT,CLEAR,DRY,NONE,STOP SIGNS,T-INTERSECTION,"TWO-WAY, NOT DIVIDED",ANGLE,COLLISION WITH MOTOR VEHICLE IN TRAFFIC,ROADWAY,25,0,0,0,0,0,2,0,0,0,0,0,0,0,42.3851,-71.1024,2,2.50174E+14
19054268,21/09/2019 01:22,Last Half (Midnight - 8AM),"114 SUMMER STREET Somerville, MA",DARK - LIGHTED ROADWAY,CLEAR,DRY,NONE,NO CONTROLS,NOT AT INTERSECTION,"TWO-WAY, NOT DIVIDED","SIDESWIPE, SAME DIRECTION",COLLISION WITH PARKED MOTOR VEHICLE,ROADWAY,25,0,0,0,0,0,1,0,0,0,0,0,0,1,42.3851,-71.1029,2,2.50174E+14
20007085,07/02/2020 14:36,Day Shift (8AM - 4PM),"94 SUMMER ST Somerville, MA",DAYLIGHT,RAIN,WET,NONE,NO CONTROLS,NOT AT INTERSECTION,"TWO-WAY, NOT DIVIDED",HEAD ON,COLLISION WITH PARKED MOTOR VEHICLE,ROADWAY,25,0,0,0,0,0,1,2,0,1,0,0,1,1,42.3846,-71.1017,2,2.50174E+14
20057284,25/11/2020 20:11,First Half (4PM - Midnight),"SCHOOL ST & SUMMER ST Somerville, MA",DARK - LIGHTED ROADWAY,RAIN,WET,NONE,TRAFFIC CONTROL SIGNAL,FOUR WAY INTERSECTION,"TWO-WAY, NOT DIVIDED",SINGLE VEHICLE CRASH,COLLISION WITH PEDESTRIAN,ROADWAY,20,0,0,0,0,0,2,0,0,1,1,0,0,0,42.3844,-71.1004,2,2.50174E+14
23029876,30/05/2023 13:39,Day Shift (8AM - 4PM),"SCHOOL ST & SUMMER ST Somerville, MA",DAYLIGHT,CLEAR,OTHER,WORK ZONE,TRAFFIC CONTROL SIGNAL,FOUR WAY INTERSECTION,"TWO-WAY, NOT DIVIDED",REAR-END,COLLISION WITH LIGHT POLE OR OTHER POST/SUPPORT,ROADWAY,25,1,0,0,0,0,1,0,0,0,0,0,0,0,42.3844,-71.1004,2,2.50174E+14
22016574,29/03/2022 06:36,Last Half (Midnight - 8AM),"SCHOOL ST & SUMMER ST Somerville, MA",DAYLIGHT,CLEAR,DRY,NONE,TRAFFIC CONTROL SIGNAL,FOUR WAY INTERSECTION,"TWO-WAY, NOT DIVIDED",SINGLE VEHICLE CRASH,COLLISION WITH LIGHT POLE OR OTHER POST/SUPPORT,ROADSIDE,20,0,0,0,0,0,3,0,0,0,0,0,0,0,42.3844,-71.1004,2,2.50174E+14
20030331,16/06/2020 14:38,Day Shift (8AM - 4PM),"SCHOOL ST & SUMMER ST Somerville, MA",DAYLIGHT,CLEAR,DRY,NONE,TRAFFIC CONTROL SIGNAL,T-INTERSECTION,"TWO-WAY, NOT DIVIDED",ANGLE,COLLISION WITH LIGHT POLE OR OTHER POST/SUPPORT,ROADWAY,25,0,0,0,0,0,2,0,0,0,0,0,0,0,42.3844,-71.1004,2,2.50174E+14
21029829,13/06/2021 11:11,Day Shift (8AM - 4PM),"SCHOOL ST & SUMMER ST Somerville, MA",DAYLIGHT,CLEAR,DRY,NONE,TRAFFIC CONTROL SIGNAL,FOUR WAY INTERSECTION,"ONE-WAY, NOT DIVIDED",REAR-END,COLLISION WITH MOTOR VEHICLE IN TRAFFIC,ROADWAY,25,0,0,0,1,0,2,0,0,0,0,0,0,0,42.3844,-71.1004,2,2.50174E+14
21063407,07/12/2021 23:01,First Half (4PM - Midnight),"90 SUMMER ST Somerville, MA",DARK - UNKNOWN ROADWAY LIGHTING,CLEAR,DRY,NONE,NO CONTROLS,NOT AT INTERSECTION,"TWO-WAY, NOT DIVIDED",REAR-END,COLLISION WITH PARKED MOTOR VEHICLE,ROADWAY,25,0,0,0,0,0,0,1,0,0,0,0,0,1,42.3846,-71.1015,2,2.50174E+14
24019713,09/04/2024 12:37,Day Shift (8AM - 4PM),"58 SCHOOL ST Somerville, MA",DAYLIGHT,CLEAR,DRY,NONE,TRAFFIC CONTROL SIGNAL,T-INTERSECTION,"TWO-WAY, NOT DIVIDED",ANGLE,OTHER,OUTSIDE ROADWAY,25,0,0,0,0,0,1,0,0,0,0,0,0,0,42.3842,-71.1008,2,2.50174E+14
19004328,24/01/2019 14:32,Day Shift (8AM - 4PM),"41 PERRY ST Somerville, MA",DAYLIGHT,RAIN,WET,NONE,NO CONTROLS,NOT AT INTERSECTION,"TWO-WAY, NOT DIVIDED","SIDESWIPE, SAME DIRECTION",COLLISION WITH PARKED MOTOR VEHICLE,ROADWAY,20,0,0,0,0,0,2,0,0,0,0,0,0,0,42.3779,-71.1017,2,2.50174E+14
20058815,04/12/2020 21:46,First Half (4PM - Midnight),"352 WASHINGTON ST Somerville, MA",DARK - LIGHTED ROADWAY,CLOUDY,WET,NONE,NO CONTROLS,NOT AT INTERSECTION,"TWO-WAY, NOT DIVIDED",HEAD ON,COLLISION WITH PARKED MOTOR VEHICLE,ROADWAY,20,0,0,0,1,0,4,0,0,0,0,0,0,0,42.3791,-71.1025,2,2.50174E+14
21028151,04/06/2021 14:32,Day Shift (8AM - 4PM),"28 MAGNUS AV Somerville, MA",DAYLIGHT,CLEAR,DRY,NONE,NO CONTROLS,NOT AT INTERSECTION,"ONE-WAY, NOT DIVIDED","SIDESWIPE, SAME DIRECTION",COLLISION WITH MOTOR VEHICLE IN TRAFFIC,ROADWAY,20,0,0,0,1,0,2,0,0,0,0,0,0,0,42.3781,-71.1033,2,2.50174E+14
23066086,14/11/2023 18:55,First Half (4PM - Midnight),"97 BEACON ST Somerville, MA",DARK - LIGHTED ROADWAY,CLEAR,DRY,NONE,NO CONTROLS,NOT AT INTERSECTION,"TWO-WAY, NOT DIVIDED",SINGLE VEHICLE CRASH,COLLISION WITH OTHER MOVABLE OBJECT,ROADWAY,25,0,0,0,0,0,2,0,0,1,0,1,0,0,42.3774,-71.105,2,2.50174E+14
24010833,26/02/2024 14:40,Day Shift (8AM - 4PM),"BEACON ST & WASHINGTON ST Somerville, MA",DAYLIGHT,CLEAR,DRY,NONE,TRAFFIC CONTROL SIGNAL,FOUR WAY INTERSECTION,"TWO-WAY, NOT DIVIDED",ANGLE,COLLISION WITH PEDALCYCLE,ROADWAY,25,0,0,0,1,0,2,0,0,1,0,1,0,0,42.3783,-71.1064,2,2.50174E+14
19039464,12/07/2019 08:28,Day Shift (8AM - 4PM),"117 BEACON ST Somerville, MA",DAYLIGHT,CLOUDY,WET,NONE,NO CONTROLS,NOT AT INTERSECTION,"TWO-WAY, DIVIDED, UNPROTECTED MEDIAN",REAR-END,COLLISION WITH MOTOR VEHICLE IN TRAFFIC,ROADWAY,25,0,0,0,1,0,1,0,0,0,0,0,0,0,42.378,-71.1057,2,2.50174E+14
22063157,03/11/2022 18:08,First Half (4PM - Midnight),"97 BEACON ST Somerville, MA",DARK - LIGHTED ROADWAY,CLEAR,DRY,NONE,NO CONTROLS,NOT AT INTERSECTION,"TWO-WAY, DIVIDED, UNPROTECTED MEDIAN",SINGLE VEHICLE CRASH,COLLISION WITH PEDALCYCLE,ROADWAY,25,0,0,0,0,0,3,0,0,1,0,1,0,0,42.3774,-71.105,2,2.50174E+14
21063383,06/12/2021 20:10,First Half (4PM - Midnight),"BEACON ST & WASHINGTON ST Somerville, MA",DUSK,CLEAR,DRY,NONE,TRAFFIC CONTROL SIGNAL,FOUR WAY INTERSECTION,"TWO-WAY, NOT DIVIDED","SIDESWIPE, SAME DIRECTION",COLLISION WITH PEDALCYCLE,ROADWAY,25,0,0,0,0,1,1,0,0,1,0,1,0,0,42.3783,-71.1064,2,2.50174E+14
21031535,22/06/2021 19:43,First Half (4PM - Midnight),"BEACON ST & WASHINGTON ST Somerville, MA",DAYLIGHT,RAIN,WET,NONE,TRAFFIC CONTROL SIGNAL,FOUR WAY INTERSECTION,"TWO-WAY, DIVIDED, UNPROTECTED MEDIAN",REAR-END,COLLISION WITH MOTOR VEHICLE IN TRAFFIC,UNKNOWN,25,0,0,0,0,0,3,0,0,0,0,0,0,0,42.3783,-71.1064,2,2.50174E+14
21036628,17/07/2021 08:37,Day Shift (8AM - 4PM),"BEACON ST & WASHINGTON ST Somerville, MA",DAYLIGHT,CLOUDY,DRY,NONE,TRAFFIC CONTROL SIGNAL,FOUR WAY INTERSECTION,"TWO-WAY, NOT DIVIDED","SIDESWIPE, SAME DIRECTION",COLLISION WITH MOTOR VEHICLE IN TRAFFIC,ROADWAY,20,0,0,0,0,0,2,0,0,0,0,0,0,0,42.3783,-71.1064,2,2.50174E+14
21038814,27/07/2021 18:47,First Half (4PM - Midnight),"BEACON ST & WASHINGTON ST Somerville, MA",OTHER,CLOUDY,DRY,NONE,NO CONTROLS,FOUR WAY INTERSECTION,"TWO-WAY, DIVIDED, UNPROTECTED MEDIAN","SIDESWIPE, SAME DIRECTION",COLLISION WITH PEDALCYCLE,ROADWAY,25,0,0,0,1,0,2,0,0,1,0,1,0,0,42.3783,-71.1064,2,2.50174E+14
23030807,03/06/2023 10:44,Day Shift (8AM - 4PM),"BEACON ST & WASHINGTON ST Somerville, MA",DAYLIGHT,RAIN,WET,NONE,TRAFFIC CONTROL SIGNAL,FOUR WAY INTERSECTION,"TWO-WAY, NOT DIVIDED",REAR-END,COLLISION WITH MOTOR VEHICLE IN TRAFFIC,ROADWAY,35,0,0,0,0,1,2,1,0,0,0,0,0,0,42.3783,-71.1064,2,2.50174E+14
19053524,17/09/2019 14:43,Day Shift (8AM - 4PM),"93 BEACON ST Somerville, MA",DAYLIGHT,CLEAR,DRY,NONE,STOP SIGNS,T-INTERSECTION,"TWO-WAY, DIVIDED, UNPROTECTED MEDIAN",SINGLE VEHICLE CRASH,COLLISION WITH PEDALCYCLE,ROADWAY,20,0,0,0,0,0,3,0,0,1,0,1,0,0,42.3773,-71.1049,2,2.50174E+14
18057936,28/09/2018 06:19,Last Half (Midnight - 8AM),"BEACON ST & WASHINGTON ST Somerville, MA",DAWN,RAIN,WET,NONE,TRAFFIC CONTROL SIGNAL,FOUR WAY INTERSECTION,"TWO-WAY, DIVIDED, UNPROTECTED MEDIAN",REAR-END,COLLISION WITH MOTOR VEHICLE IN TRAFFIC,ROADWAY,25,0,0,0,1,0,3,0,0,0,0,0,0,0,42.3783,-71.1064,2,2.50174E+14
23062603,28/10/2023 14:31,Day Shift (8AM - 4PM),"BEACON ST & WASHINGTON ST Somerville, MA",DAYLIGHT,CLEAR,DRY,NONE,TRAFFIC CONTROL SIGNAL,FOUR WAY INTERSECTION,"TWO-WAY, DIVIDED, UNPROTECTED MEDIAN",REAR-END,UNKNOWN,UNKNOWN,25,0,0,0,0,0,3,0,0,0,0,0,0,0,42.3783,-71.1064,2,2.50174E+14
19031438,05/06/2019 18:30,First Half (4PM - Midnight),"BEACON ST & WASHINGTON ST Somerville, MA",DAYLIGHT,CLOUDY,DRY,TRAFFIC CONGESTION RELATED,TRAFFIC CONTROL SIGNAL,FOUR WAY INTERSECTION,"TWO-WAY, NOT DIVIDED",ANGLE,COLLISION WITH PEDALCYCLE,ROADWAY,30,0,0,0,1,0,2,0,0,1,0,1,0,0,42.3783,-71.1064,2,2.50174E+14
19008789,17/02/2019 11:37,Day Shift (8AM - 4PM),"BEACON ST & WASHINGTON ST Somerville, MA",DAYLIGHT,CLEAR,DRY,NONE,TRAFFIC CONTROL SIGNAL,FOUR WAY INTERSECTION,UNKNOWN,"SIDESWIPE, OPPOSITE DIRECTION",COLLISION WITH MOTOR VEHICLE IN TRAFFIC,ROADWAY,20,0,0,0,0,0,2,0,0,0,0,0,0,0,42.3783,-71.1064,2,2.50174E+14
19060144,19/10/2019 15:46,Day Shift (8AM - 4PM),"106 BEACON ST. Somerville, MA",DAYLIGHT,CLEAR,DRY,NONE,NO CONTROLS,NOT AT INTERSECTION,"TWO-WAY, NOT DIVIDED","SIDESWIPE, OPPOSITE DIRECTION",COLLISION WITH MOTOR VEHICLE IN TRAFFIC,ROADWAY,25,0,0,0,0,1,3,0,0,0,0,0,0,0,42.3774,-71.1056,2,2.50174E+14
22015315,23/03/2022 08:22,Day Shift (8AM - 4PM),"EVERETT ST & WEBSTER AV Somerville, MA",DAYLIGHT,CLEAR,DRY,NONE,STOP SIGNS,T-INTERSECTION,"ONE-WAY, NOT DIVIDED",SINGLE VEHICLE CRASH,COLLISION WITH LIGHT POLE OR OTHER POST/SUPPORT,ROADSIDE,25,0,0,0,0,0,2,0,0,0,0,0,0,0,42.3787,-71.0961,2,2.50174E+14
24015156,18/03/2024 07:32,Last Half (Midnight - 8AM),"15 WEBSTER AV Somerville, MA",DAYLIGHT,CLEAR,DRY,NONE,NO CONTROLS,NOT AT INTERSECTION,"TWO-WAY, NOT DIVIDED",SINGLE VEHICLE CRASH,COLLISION WITH PEDESTRIAN,ROADWAY,25,0,0,0,0,1,1,0,0,0,0,0,0,0,42.3786,-71.0966,2,2.50174E+14
21029622,12/06/2021 10:19,Day Shift (8AM - 4PM),"25 WEBSTER AV Somerville, MA",DAYLIGHT,CLOUDY,DRY,NONE,NO CONTROLS,NOT AT INTERSECTION,"TWO-WAY, DIVIDED, UNPROTECTED MEDIAN",SINGLE VEHICLE CRASH,COLLISION WITH CURB,OUTSIDE ROADWAY,20,0,0,0,0,0,1,0,0,0,0,0,0,0,42.3784,-71.0964,2,2.50174E+14
23039009,12/07/2023 19:22,First Half (4PM - Midnight),"25 WEBSTER AV Somerville, MA",DAYLIGHT,CLEAR,DRY,NONE,STOP SIGNS,T-INTERSECTION,"TWO-WAY, DIVIDED, UNPROTECTED MEDIAN",ANGLE,COLLISION WITH MOTOR VEHICLE IN TRAFFIC,ROADWAY,20,0,0,0,0,0,5,0,0,0,0,0,0,0,42.3784,-71.0964,2,2.50174E+14
24002690,16/01/2024 01:54,Last Half (Midnight - 8AM),"25 WEBSTER AVE Somerville, MA",DARK - LIGHTED ROADWAY,SNOW,SNOW,NONE,NO CONTROLS,NOT AT INTERSECTION,"TWO-WAY, NOT DIVIDED",HEAD ON,COLLISION WITH MOTOR VEHICLE IN TRAFFIC,ROADWAY,25,0,0,0,0,1,0,1,0,0,0,0,0,0,42.3784,-71.0964,2,2.50174E+14
21024342,15/05/2021 23:36,First Half (4PM - Midnight),"260 WASHINGTON ST Somerville, MA",DARK - LIGHTED ROADWAY,CLEAR,DRY,NONE,TRAFFIC CONTROL SIGNAL,FIVE-POINT OR MORE,"TWO-WAY, DIVIDED, POSITIVE MEDIAN BARRIER","SIDESWIPE, OPPOSITE DIRECTION",COLLISION WITH MOTOR VEHICLE IN TRAFFIC,ROADWAY,25,0,0,0,0,0,2,0,0,0,0,0,0,1,42.3795,-71.0968,2,2.50174E+14
19067371,26/11/2019 00:38,Last Half (Midnight - 8AM),"290 WASHINGTON ST Somerville, MA",DARK - LIGHTED ROADWAY,CLEAR,DRY,NONE,TRAFFIC CONTROL SIGNAL,T-INTERSECTION,"TWO-WAY, NOT DIVIDED","SIDESWIPE, SAME DIRECTION",COLLISION WITH LIGHT POLE OR OTHER POST/SUPPORT,ROADSIDE,10,0,0,0,0,0,2,0,0,0,0,0,0,0,42.379,-71.0987,2,2.50174E+14
21057490,01/11/2021 08:02,Day Shift (8AM - 4PM),"290 WASHINGTON ST Somerville, MA",DAYLIGHT,CLEAR,DRY,TRAFFIC CONGESTION RELATED,TRAFFIC CONTROL SIGNAL,NOT AT INTERSECTION,"TWO-WAY, DIVIDED, UNPROTECTED MEDIAN","SIDESWIPE, SAME DIRECTION",COLLISION WITH LIGHT POLE OR OTHER POST/SUPPORT,ROADWAY,20,0,0,0,0,0,2,0,0,0,0,0,0,0,42.379,-71.0987,2,2.50174E+14
20038983,11/08/2020 10:24,Day Shift (8AM - 4PM),"48 LINCOLN PKWY Somerville, MA",DAYLIGHT,CLEAR,DRY,NONE,NO CONTROLS,NOT AT INTERSECTION,"TWO-WAY, NOT DIVIDED","SIDESWIPE, SAME DIRECTION",COLLISION WITH PARKED MOTOR VEHICLE,ROADSIDE,20,0,0,0,0,0,3,0,0,0,0,0,0,0,42.3777,-71.1,2,2.50174E+14
19005866,01/02/2019 15:23,Day Shift (8AM - 4PM),"290 WASHINGTON STREET Somerville, MA",DAYLIGHT,CLEAR,DRY,NONE,NO CONTROLS,UNKNOWN,"TWO-WAY, DIVIDED, UNPROTECTED MEDIAN",ANGLE,COLLISION WITH MOTOR VEHICLE IN TRAFFIC,ROADWAY,25,0,0,0,0,0,3,0,0,0,0,0,0,0,42.379,-71.0987,2,2.50174E+14
22029228,25/05/2022 15:23,Day Shift (8AM - 4PM),"318 WASHINGTON ST Somerville, MA",DAYLIGHT,CLEAR,DRY,NONE,NO CONTROLS,NOT AT INTERSECTION,"TWO-WAY, NOT DIVIDED",ANGLE,COLLISION WITH PARKED MOTOR VEHICLE,ROADWAY,25,0,0,0,1,0,2,0,0,1,0,1,0,0,42.3793,-71.1009,2,2.50174E+14
23056410,02/10/2023 11:58,Day Shift (8AM - 4PM),"NEWTON & CLARK ST Somerville, MA",DAYLIGHT,CLEAR,DRY,NONE,NO CONTROLS,T-INTERSECTION,"TWO-WAY, NOT DIVIDED",ANGLE,COLLISION WITH PARKED MOTOR VEHICLE,UNKNOWN,20,0,0,0,0,0,3,0,0,0,0,0,0,0,42.3776,-71.0964,2,2.50174E+14
20002429,15/01/2020 07:01,Last Half (Midnight - 8AM),"NEWTON ST & JOSEPH ST Somerville, MA",DAYLIGHT,CLEAR,DRY,NONE,NO CONTROLS,T-INTERSECTION,"TWO-WAY, NOT DIVIDED","SIDESWIPE, SAME DIRECTION",COLLISION WITH MOTOR VEHICLE IN TRAFFIC,ROADWAY,25,0,0,0,0,0,4,0,0,0,0,0,0,0,42.3772,-71.0971,2,2.50174E+14
20061809,22/12/2020 20:57,First Half (4PM - Midnight),"36 ADRIAN ST Somerville, MA",DARK - LIGHTED ROADWAY,CLOUDY,SNOW,OTHER,NO CONTROLS,NOT AT INTERSECTION,"ONE-WAY, NOT DIVIDED","SIDESWIPE, SAME DIRECTION",COLLISION WITH PARKED MOTOR VEHICLE,ROADWAY,15,0,0,0,0,0,2,0,0,0,0,0,0,0,42.3771,-71.0994,2,2.50174E+14
21010982,03/03/2021 14:39,Day Shift (8AM - 4PM),"CONCORD AV & SPRINGFIELD ST Somerville, MA",DAYLIGHT,CLEAR,DRY,NONE,NO CONTROLS,FOUR WAY INTERSECTION,"TWO-WAY, DIVIDED, UNPROTECTED MEDIAN",SINGLE VEHICLE CRASH,COLLISION WITH LIGHT POLE OR OTHER POST/SUPPORT,UNKNOWN,20,0,0,0,0,0,3,0,0,0,0,0,0,0,42.3765,-71.0995,2,2.50174E+14
21008797,19/02/2021 10:38,Day Shift (8AM - 4PM),"45 CONCORD AV Somerville, MA",DAYLIGHT,SNOW,WET,NONE,STOP SIGNS,T-INTERSECTION,"ONE-WAY, NOT DIVIDED",REAR TO REAR,COLLISION WITH MOTOR VEHICLE IN TRAFFIC,ROADWAY,25,0,0,0,0,0,3,0,0,0,0,0,0,0,42.3771,-71.0982,2,2.50174E+14
18064783,01/11/2018 08:44,Day Shift (8AM - 4PM),"47 WEBSTER AV Somerville, MA",DAYLIGHT,RAIN,WET,NONE,TRAFFIC CONTROL SIGNAL,FOUR WAY INTERSECTION,"TWO-WAY, NOT DIVIDED","SIDESWIPE, OPPOSITE DIRECTION",COLLISION WITH MOTOR VEHICLE IN TRAFFIC,ROADWAY,25,0,0,0,0,3,4,0,0,0,0,0,0,0,42.3771,-71.0959,2,2.50174E+14
22008784,20/02/2022 14:25,Day Shift (8AM - 4PM),"WYATT ST & CONCORD AVE Somerville, MA",DAYLIGHT,CLEAR,DRY,NONE,STOP SIGNS,T-INTERSECTION,"TWO-WAY, NOT DIVIDED",ANGLE,COLLISION WITH MOTOR VEHICLE IN TRAFFIC,ROADWAY,25,0,0,0,0,0,4,0,0,0,0,0,0,0,42.3761,-71.1011,2,2.50174E+14
22073315,31/12/2022 19:40,First Half (4PM - Midnight),"79 PROSPECT STREET Somerville, MA",DARK - LIGHTED ROADWAY,RAIN,WET,ROAD SURFACE CONDITION,NO CONTROLS,NOT AT INTERSECTION,"TWO-WAY, DIVIDED, UNPROTECTED MEDIAN",REAR-END,COLLISION WITH MOTOR VEHICLE IN TRAFFIC,ROADWAY,25,0,0,0,0,0,3,0,0,0,0,0,0,0,42.3763,-71.0964,2,2.50174E+14
22006119,07/02/2022 15:35,Day Shift (8AM - 4PM),"OAK ST & PROSPECT ST Somerville, MA",DAYLIGHT,CLOUDY,DRY,NONE,NO CONTROLS,T-INTERSECTION,"TWO-WAY, DIVIDED, UNPROTECTED MEDIAN",ANGLE,COLLISION WITH MOTOR VEHICLE IN TRAFFIC,ROADWAY,25,0,0,0,0,0,2,0,0,0,0,0,0,0,42.3761,-71.0962,2,2.50174E+14
18063625,26/10/2018 19:37,First Half (4PM - Midnight),"CONCORD AV & PROSPECT ST Somerville, MA",DARK - LIGHTED ROADWAY,CLEAR,DRY,NONE,TRAFFIC CONTROL SIGNAL,FOUR WAY INTERSECTION,"TWO-WAY, DIVIDED, UNPROTECTED MEDIAN",SINGLE VEHICLE CRASH,COLLISION WITH PEDALCYCLE,ROADWAY,25,0,0,0,0,0,2,0,0,1,0,1,0,0,42.3769,-71.0957,2,2.50174E+14
18076607,31/12/2018 10:39,Day Shift (8AM - 4PM),"37 OAK ST Somerville, MA",DAYLIGHT,CLEAR,DRY,NONE,NO CONTROLS,NOT AT INTERSECTION,"ONE-WAY, NOT DIVIDED","SIDESWIPE, SAME DIRECTION",COLLISION WITH PARKED MOTOR VEHICLE,ROADWAY,20,0,0,0,0,1,2,0,0,0,0,0,0,0,42.376,-71.0986,2,2.50174E+14
20055928,17/11/2020 22:55,First Half (4PM - Midnight),"51 SPRINGFIELD ST Somerville, MA",DARK - LIGHTED ROADWAY,CLEAR,DRY,NONE,NO CONTROLS,NOT AT INTERSECTION,"TWO-WAY, NOT DIVIDED","SIDESWIPE, OPPOSITE DIRECTION",COLLISION WITH PARKED MOTOR VEHICLE,UNKNOWN,25,0,0,0,0,0,3,0,0,0,0,0,0,0,42.3757,-71.0996,2,2.50174E+14
22065470,15/11/2022 15:42,Day Shift (8AM - 4PM),"CONCORD AV & LEON ST Somerville, MA",DAYLIGHT,CLEAR,DRY,NONE,STOP SIGNS,T-INTERSECTION,"TWO-WAY, DIVIDED, UNPROTECTED MEDIAN",SINGLE VEHICLE CRASH,COLLISION WITH PEDALCYCLE,ROADWAY,25,0,0,0,0,0,5,0,0,3,0,3,0,0,42.376,-71.1012,2,2.50174E+14
22025617,10/05/2022 07:00,Last Half (Midnight - 8AM),"15 BEACON ST Somerville, MA",DAYLIGHT,CLEAR,DRY,NONE,NO CONTROLS,NOT AT INTERSECTION,"TWO-WAY, NOT DIVIDED",REAR-END,COLLISION WITH PARKED MOTOR VEHICLE,ROADSIDE,25,0,0,0,0,1,2,0,0,0,0,0,0,0,42.375,-71.102,2,2.50174E+14
19027352,18/05/2019 14:49,Day Shift (8AM - 4PM),"11 BEACON ST Somerville, MA",DAYLIGHT,CLEAR,DRY,NONE,NO CONTROLS,NOT AT INTERSECTION,"TWO-WAY, NOT DIVIDED","SIDESWIPE, SAME DIRECTION",COLLISION WITH PARKED MOTOR VEHICLE,ROADWAY,25,0,0,0,1,0,3,0,0,1,0,1,0,0,42.3748,-71.1018,2,2.50174E+14
19071224,16/12/2019 16:56,First Half (4PM - Midnight),"99 PROSPECT ST Somerville, MA",DARK - LIGHTED ROADWAY,CLOUDY,DRY,NONE,NO CONTROLS,NOT AT INTERSECTION,"TWO-WAY, NOT DIVIDED",REAR-END,COLLISION WITH MOTOR VEHICLE IN TRAFFIC,ROADWAY,25,0,0,0,0,1,2,0,0,0,0,0,0,0,42.3755,-71.0969,2,2.50174E+14
19027300,18/05/2019 09:25,Day Shift (8AM - 4PM),"DIMICK ST & WALDO AV Somerville, MA",DAYLIGHT,CLEAR,DRY,NONE,NO CONTROLS,FOUR WAY INTERSECTION,"TWO-WAY, NOT DIVIDED","SIDESWIPE, SAME DIRECTION",COLLISION WITH PARKED MOTOR VEHICLE,ROADWAY,25,0,0,0,0,0,2,0,0,0,0,0,0,0,42.3772,-71.1035,2,2.50174E+14
23005801,02/02/2023 17:30,First Half (4PM - Midnight),"BEACON ST & WALDO AV Somerville, MA",DARK - LIGHTED ROADWAY,CLEAR,DRY,NONE,NO CONTROLS,NOT AT INTERSECTION,"TWO-WAY, DIVIDED, UNPROTECTED MEDIAN",ANGLE,COLLISION WITH PEDALCYCLE,ROADWAY,25,0,0,0,1,0,2,0,0,1,0,1,0,0,42.3766,-71.1044,2,2.50174E+14