Crash Number,Date and Time of Crash,Police Shift,Crash Location,Light Conditions,Weather Conditions,Road Surface,Road Contributing Circumstances,Traffic Control Device Type,Roadway Intersection Type,Trafficway Description,Manner of Collision,First Harmful Event,First Harmful Event Location,Speed Limit,Work Zone,Count Fatal Injury ,Count Suspected Serious Injury,Count Suspected Minor Injury ,Count Possible Injury,Count No Apparent Injury,Count Unknown Injury,Count Not Reported Injury,Total Non-Motorists,Pedestrian Involvement (Non-Motorist),Cyclist Involvement (Non-Motorist),Other Non-Motorist Involvement,Hit and Run Flag,Latitude,Longitude,Ward,Block Code 
23001811,11/01/2023 16:47,First Half (4PM - Midnight),"BEACON ST & WALDO AV Somerville, MA",DARK - LIGHTED ROADWAY,CLEAR,DRY,NONE,NO CONTROLS,T-INTERSECTION,"TWO-WAY, DIVIDED, UNPROTECTED MEDIAN",SINGLE VEHICLE CRASH,COLLISION WITH PEDESTRIAN,ROADWAY,25,0,0,0,1,0,1,0,0,1,0,0,1,0,42.3766,-71.1044,2,2.50174E+14
23063326,01/11/2023 11:59,Day Shift (8AM - 4PM),"65 BEACON ST Somerville, MA",DAYLIGHT,CLOUDY,DRY,NONE,NO CONTROLS,NOT AT INTERSECTION,"TWO-WAY, NOT DIVIDED",REAR-END,COLLISION WITH PARKED MOTOR VEHICLE,ROADSIDE,25,0,0,0,0,1,2,0,0,0,0,0,0,0,42.3764,-71.1037,2,2.50174E+14
20002333,14/01/2020 17:21,First Half (4PM - Midnight),"BEACON ST & WALDO AV Somerville, MA",DARK - LIGHTED ROADWAY,CLOUDY,DRY,NONE,NO CONTROLS,T-INTERSECTION,"TWO-WAY, NOT DIVIDED",ANGLE,COLLISION WITH PEDALCYCLE,ROADWAY,25,0,0,0,1,0,1,0,0,1,0,1,0,0,42.3766,-71.1044,2,2.50174E+14
23049697,31/08/2023 09:07,Day Shift (8AM - 4PM),"20 WALDO AV Somerville, MA",DAYLIGHT,CLEAR,DRY,NONE,NO CONTROLS,NOT AT INTERSECTION,"TWO-WAY, NOT DIVIDED",ANGLE,COLLISION WITH PARKED MOTOR VEHICLE,ROADSIDE,25,0,0,0,0,0,2,0,0,0,0,0,0,0,42.3768,-71.1039,2,2.50174E+14
21031750,23/06/2021 18:48,First Half (4PM - Midnight),"BEACON ST & CALVIN ST Somerville, MA",DAYLIGHT,CLEAR,DRY,NONE,STOP SIGNS,T-INTERSECTION,"TWO-WAY, NOT DIVIDED",ANGLE,COLLISION WITH PEDALCYCLE,ROADWAY,25,0,0,0,1,0,1,0,0,1,0,1,0,0,42.3771,-71.1049,2,2.50174E+14
19014594,16/03/2019 14:40,Day Shift (8AM - 4PM),"68 DIMICK STREET Somerville, MA",DAYLIGHT,CLEAR,DRY,NONE,NO CONTROLS,NOT AT INTERSECTION,"ONE-WAY, NOT DIVIDED","SIDESWIPE, SAME DIRECTION",COLLISION WITH PARKED MOTOR VEHICLE,ROADWAY,25,0,0,0,0,0,6,0,0,0,0,0,0,0,42.3773,-71.104,2,2.50174E+14
19013902,13/03/2019 21:06,First Half (4PM - Midnight),"BEACON ST & CALVIN ST Somerville, MA",DARK - LIGHTED ROADWAY,CLEAR,DRY,NONE,STOP SIGNS,T-INTERSECTION,"TWO-WAY, NOT DIVIDED",ANGLE,COLLISION WITH PEDALCYCLE,ROADWAY,30,0,0,0,0,1,3,0,0,1,0,1,0,0,42.3771,-71.1049,2,2.50174E+14
21055896,23/10/2021 23:12,First Half (4PM - Midnight),"BEACON ST & CALVIN ST Somerville, MA",DARK - LIGHTED ROADWAY,CLEAR,DRY,NONE,STOP SIGNS,T-INTERSECTION,"TWO-WAY, DIVIDED, UNPROTECTED MEDIAN",ANGLE,COLLISION WITH MOTOR VEHICLE IN TRAFFIC,ROADWAY,25,0,0,0,2,0,0,2,0,0,0,0,0,0,42.3771,-71.1049,2,2.50174E+14
23004829,28/01/2023 02:26,Last Half (Midnight - 8AM),"88 BEACON ST Somerville, MA",DARK - LIGHTED ROADWAY,CLEAR,DRY,NONE,NO CONTROLS,NOT AT INTERSECTION,"TWO-WAY, NOT DIVIDED",ANGLE,COLLISION WITH MOTOR VEHICLE IN TRAFFIC,ROADWAY,25,0,0,0,0,1,0,1,0,0,0,0,0,0,42.3767,-71.1049,2,2.50174E+14
19010363,25/02/2019 08:15,Day Shift (8AM - 4PM),"70 BEACON ST Somerville, MA",OTHER,"BLOWING, SAND, SNOW",SNOW,ROAD SURFACE CONDITION,NO CONTROLS,NOT AT INTERSECTION,"TWO-WAY, NOT DIVIDED",ANGLE,OTHER NON-COLLISION,ROADWAY,25,0,0,0,0,1,1,0,0,1,0,1,0,0,42.3764,-71.1043,2,2.50174E+14
18037416,23/06/2018 09:01,Day Shift (8AM - 4PM),"82 BEACON ST Somerville, MA",DAYLIGHT,CLOUDY,WET,NONE,NO CONTROLS,NOT AT INTERSECTION,"TWO-WAY, NOT DIVIDED",REAR-END,COLLISION WITH PARKED MOTOR VEHICLE,ROADWAY,25,0,0,0,0,0,1,0,0,0,0,0,0,0,42.3766,-71.1047,2,2.50174E+14
21031282,21/06/2021 14:47,Day Shift (8AM - 4PM),"LINE ST & SMITH AV Somerville, MA",DAYLIGHT,CLEAR,DRY,NONE,STOP SIGNS,T-INTERSECTION,"ONE-WAY, NOT DIVIDED",ANGLE,COLLISION WITH MOTOR VEHICLE IN TRAFFIC,ROADWAY,25,0,0,0,0,1,1,0,0,0,0,0,0,0,42.3768,-71.1059,2,2.50174E+14
20052144,27/10/2020 12:36,Day Shift (8AM - 4PM),"16 BEACON ST Somerville, MA",DAYLIGHT,CLOUDY,DRY,NONE,NO CONTROLS,NOT AT INTERSECTION,"TWO-WAY, NOT DIVIDED",ANGLE,COLLISION WITH PEDALCYCLE,ROADWAY,25,0,0,0,0,1,1,0,0,1,0,1,0,0,42.3748,-71.1026,2,2.50174E+14
22024094,03/05/2022 14:49,Day Shift (8AM - 4PM),"16 BEACON ST Somerville, MA",DAYLIGHT,CLEAR,DRY,NONE,NO CONTROLS,DRIVEWAY,"TWO-WAY, NOT DIVIDED",SINGLE VEHICLE CRASH,COLLISION WITH EMBANKMENT,OUTSIDE ROADWAY,25,0,0,0,0,1,0,0,0,0,0,0,0,0,42.3748,-71.1026,2,2.50174E+14
20012072,02/03/2020 12:02,Day Shift (8AM - 4PM),"16 BEACON ST Somerville, MA",DAYLIGHT,CLOUDY,DRY,NONE,NO CONTROLS,NOT AT INTERSECTION,"TWO-WAY, NOT DIVIDED",ANGLE,COLLISION WITH MOTOR VEHICLE IN TRAFFIC,ROADWAY,25,0,0,0,0,0,2,0,0,0,0,0,0,0,42.3748,-71.1026,2,2.50174E+14
21035603,12/07/2021 07:44,Last Half (Midnight - 8AM),"16 BEACON ST Somerville, MA",DAYLIGHT,RAIN,WET,NONE,NO CONTROLS,NOT AT INTERSECTION,"TWO-WAY, NOT DIVIDED",ANGLE,COLLISION WITH MOTOR VEHICLE IN TRAFFIC,ROADWAY,25,0,0,0,0,0,3,0,0,0,0,0,0,0,42.3748,-71.1026,2,2.50174E+14
23027455,18/05/2023 17:39,First Half (4PM - Midnight),"16 BEACON ST Somerville, MA",DAYLIGHT,CLEAR,DRY,NONE,NO CONTROLS,NOT AT INTERSECTION,"TWO-WAY, NOT DIVIDED","SIDESWIPE, SAME DIRECTION",COLLISION WITH OTHER MOVABLE OBJECT,ROADWAY,25,0,0,0,1,0,1,0,0,1,0,1,0,0,42.3748,-71.1026,2,2.50174E+14
18060010,08/10/2018 18:53,First Half (4PM - Midnight),"16 BEACON ST Somerville, MA",DUSK,RAIN,WET,NONE,NO CONTROLS,NOT AT INTERSECTION,"TWO-WAY, DIVIDED, UNPROTECTED MEDIAN",SINGLE VEHICLE CRASH,COLLISION WITH OTHER MOVABLE OBJECT,ROADWAY,20,0,0,0,0,1,1,0,0,1,0,1,0,0,42.3748,-71.1026,2,2.50174E+14
18060712,12/10/2018 07:00,Last Half (Midnight - 8AM),"16 BEACON ST Somerville, MA",DAWN,CLOUDY,WET,NONE,NO CONTROLS,T-INTERSECTION,"TWO-WAY, NOT DIVIDED",ANGLE,COLLISION WITH PEDALCYCLE,ROADWAY,30,0,0,0,0,1,1,0,0,1,0,1,0,0,42.3748,-71.1026,2,2.50174E+14
22023208,29/04/2022 13:45,Day Shift (8AM - 4PM),"16 BEACON ST Somerville, MA",DAYLIGHT,CLEAR,DRY,NONE,NO CONTROLS,DRIVEWAY,"TWO-WAY, NOT DIVIDED",ANGLE,COLLISION WITH CURB,OUTSIDE ROADWAY,25,0,0,0,0,0,4,0,0,0,0,0,0,0,42.3748,-71.1026,2,2.50174E+14
23061082,21/10/2023 22:55,First Half (4PM - Midnight),"45 BEACON ST Somerville, MA",DARK - LIGHTED ROADWAY,RAIN,WET,NONE,NO CONTROLS,NOT AT INTERSECTION,"TWO-WAY, NOT DIVIDED",SINGLE VEHICLE CRASH,COLLISION WITH MOTOR VEHICLE IN TRAFFIC,ROADWAY,20,0,0,0,0,0,3,0,0,0,0,0,0,0,42.376,-71.1029,2,2.50174E+14
20052549,29/10/2020 17:51,First Half (4PM - Midnight),"45 BEACON ST Somerville, MA",DARK - LIGHTED ROADWAY,RAIN,WET,NONE,NO CONTROLS,NOT AT INTERSECTION,"TWO-WAY, NOT DIVIDED",REAR-END,COLLISION WITH MOTOR VEHICLE IN TRAFFIC,ROADWAY,25,0,0,0,0,0,4,1,0,0,0,0,0,0,42.376,-71.1029,2,2.50174E+14
22033796,16/06/2022 07:10,Last Half (Midnight - 8AM),"45 BEACON ST Somerville, MA",DAYLIGHT,CLEAR,DRY,NONE,NO CONTROLS,NOT AT INTERSECTION,"TWO-WAY, NOT DIVIDED",REAR-END,COLLISION WITH MOTOR VEHICLE IN TRAFFIC,ROADWAY,25,0,0,0,0,1,1,0,0,0,0,0,0,0,42.376,-71.1029,2,2.50174E+14
19022985,26/04/2019 20:10,First Half (4PM - Midnight),"45 BEACON ST Somerville, MA",DARK - LIGHTED ROADWAY,RAIN,WET,NONE,NO CONTROLS,NOT AT INTERSECTION,"TWO-WAY, NOT DIVIDED",ANGLE,COLLISION WITH PEDALCYCLE,ROADWAY,25,0,0,0,0,1,2,0,0,1,0,1,0,0,42.376,-71.1029,2,2.50174E+14
23033190,14/06/2023 15:52,Day Shift (8AM - 4PM),"45 BEACON ST Somerville, MA",DAYLIGHT,CLEAR,DRY,NONE,NO CONTROLS,NOT AT INTERSECTION,"TWO-WAY, DIVIDED, UNPROTECTED MEDIAN","SIDESWIPE, SAME DIRECTION",COLLISION WITH PEDESTRIAN,ROADWAY,25,0,0,0,1,0,2,0,0,1,0,0,1,0,42.376,-71.1029,2,2.50174E+14
20004754,27/01/2020 07:20,Last Half (Midnight - 8AM),"45 BEACON ST Somerville, MA",DAYLIGHT,CLEAR,DRY,NONE,NO CONTROLS,NOT AT INTERSECTION,"TWO-WAY, NOT DIVIDED","SIDESWIPE, SAME DIRECTION",COLLISION WITH PARKED MOTOR VEHICLE,ROADSIDE,25,0,0,0,1,0,2,0,0,0,0,0,0,0,42.376,-71.1029,2,2.50174E+14
21038363,25/07/2021 12:54,Day Shift (8AM - 4PM),"GRANITE ST & SOMERVILLE AV Somerville, MA",DAYLIGHT,CLOUDY,WET,NONE,TRAFFIC CONTROL SIGNAL,T-INTERSECTION,"TWO-WAY, NOT DIVIDED",REAR-END,COLLISION WITH MOTOR VEHICLE IN TRAFFIC,ROADWAY,25,0,0,0,3,0,0,0,0,0,0,0,0,0,42.3825,-71.1034,2,2.50174E+14
22000143,02/01/2022 01:28,Last Half (Midnight - 8AM),"467 SOMERVILLE AV Somerville, MA",DARK - LIGHTED ROADWAY,RAIN,WET,NONE,NO CONTROLS,NOT AT INTERSECTION,"TWO-WAY, NOT DIVIDED",REAR-END,COLLISION WITH MOTOR VEHICLE IN TRAFFIC,ROADWAY,25,0,0,0,1,0,3,0,0,0,0,0,0,0,42.3827,-71.1036,2,2.50174E+14
21062449,01/12/2021 18:33,First Half (4PM - Midnight),"DANE ST & SOMERVILLE AV Somerville, MA",DARK - LIGHTED ROADWAY,CLEAR,DRY,UNKNOWN,TRAFFIC CONTROL SIGNAL,FOUR WAY INTERSECTION,"TWO-WAY, DIVIDED, UNPROTECTED MEDIAN",SINGLE VEHICLE CRASH,COLLISION WITH PEDALCYCLE,ROADWAY,25,0,0,0,1,0,2,0,0,1,0,1,0,0,42.3825,-71.1034,2,2.50174E+14
20054315,08/11/2020 17:30,First Half (4PM - Midnight),"DANE ST & SOMERVILLE AV Somerville, MA",DARK - LIGHTED ROADWAY,CLEAR,DRY,NONE,TRAFFIC CONTROL SIGNAL,FOUR WAY INTERSECTION,"TWO-WAY, DIVIDED, UNPROTECTED MEDIAN",REAR-END,COLLISION WITH MOTOR VEHICLE IN TRAFFIC,UNKNOWN,25,0,0,0,2,0,1,0,0,0,0,0,0,0,42.3825,-71.1034,2,2.50174E+14
21060956,21/11/2021 16:11,First Half (4PM - Midnight),"GRANITE ST & SOMERVILLE AV Somerville, MA",DUSK,CLOUDY,DRY,NONE,TRAFFIC CONTROL SIGNAL,FOUR WAY INTERSECTION,"TWO-WAY, NOT DIVIDED",SINGLE VEHICLE CRASH,COLLISION WITH PEDESTRIAN,ROADWAY,25,0,0,0,0,1,2,0,0,1,1,0,0,0,42.3825,-71.1034,2,2.50174E+14
18027618,10/05/2018 08:25,Day Shift (8AM - 4PM),"DANE ST & SOMERVILLE AV Somerville, MA",DAYLIGHT,CLEAR,DRY,NONE,TRAFFIC CONTROL SIGNAL,FOUR WAY INTERSECTION,"TWO-WAY, DIVIDED, UNPROTECTED MEDIAN",SINGLE VEHICLE CRASH,COLLISION WITH PEDALCYCLE,ROADWAY,25,0,0,0,0,0,3,0,0,1,0,1,0,0,42.3825,-71.1034,2,2.50174E+14
19000406,03/01/2019 06:36,Last Half (Midnight - 8AM),"DANE ST & SOMERVILLE AV Somerville, MA",DARK - LIGHTED ROADWAY,CLOUDY,WET,NONE,TRAFFIC CONTROL SIGNAL,FOUR WAY INTERSECTION,"TWO-WAY, NOT DIVIDED",ANGLE,COLLISION WITH MOTOR VEHICLE IN TRAFFIC,ROADWAY,30,0,0,0,0,0,3,0,0,0,0,0,0,0,42.3825,-71.1034,2,2.50174E+14
22070443,14/12/2022 18:14,First Half (4PM - Midnight),"GRANITE ST & SOMERVILLE AV Somerville, MA",DARK - LIGHTED ROADWAY,CLEAR,DRY,NONE,FLASHING TRAFIC CONTROL SIGNAL,FOUR WAY INTERSECTION,"TWO-WAY, DIVIDED, UNPROTECTED MEDIAN",SINGLE VEHICLE CRASH,COLLISION WITH PEDESTRIAN,ROADWAY,25,0,0,0,0,1,3,0,0,1,1,0,0,0,42.3825,-71.1034,2,2.50174E+14
19073522,31/12/2019 09:01,Day Shift (8AM - 4PM),"DANE ST & SOMERVILLE AV Somerville, MA",DAYLIGHT,CLEAR,WET,NONE,TRAFFIC CONTROL SIGNAL,T-INTERSECTION,"TWO-WAY, DIVIDED, UNPROTECTED MEDIAN","SIDESWIPE, OPPOSITE DIRECTION",COLLISION WITH OTHER MOVABLE OBJECT,ROADWAY,20,0,0,0,0,0,2,0,0,1,0,1,0,0,42.3825,-71.1034,2,2.50174E+14
18060987,13/10/2018 13:15,Day Shift (8AM - 4PM),"493 SOMERVILLE AV Somerville, MA",DAYLIGHT,CLOUDY,WET,NONE,STOP SIGNS,DRIVEWAY,"TWO-WAY, NOT DIVIDED",ANGLE,COLLISION WITH MOTOR VEHICLE IN TRAFFIC,ROADWAY,20,0,0,0,0,0,4,0,0,0,0,0,0,0,42.383,-71.1047,2,2.50174E+14
18060648,11/10/2018 17:17,First Half (4PM - Midnight),"PROPERZI WY & SOMERVILLE AV Somerville, MA",DUSK,RAIN,WET,NONE,NO CONTROLS,NOT AT INTERSECTION,"TWO-WAY, NOT DIVIDED",HEAD ON,COLLISION WITH MOTOR VEHICLE IN TRAFFIC,ROADWAY,25,0,0,0,0,0,2,0,0,0,0,0,0,0,42.3829,-71.1051,2,2.50174E+14
20037877,04/08/2020 14:26,Day Shift (8AM - 4PM),"LAUREL ST & SOMERVILLE AV Somerville, MA",DAYLIGHT,CLOUDY,DRY,NONE,STOP SIGNS,T-INTERSECTION,"TWO-WAY, NOT DIVIDED",ANGLE,COLLISION WITH OTHER MOVABLE OBJECT,ROADWAY,30,0,0,0,0,0,2,0,0,1,0,1,0,0,42.383,-71.1054,2,2.50174E+14
19013163,10/03/2019 10:41,Day Shift (8AM - 4PM),"6 PARK PL Somerville, MA",DAYLIGHT,SNOW,SNOW,NONE,NO CONTROLS,NOT AT INTERSECTION,"TWO-WAY, NOT DIVIDED",REAR-END,COLLISION WITH PARKED MOTOR VEHICLE,ROADWAY,25,0,0,0,0,0,3,0,0,0,0,0,0,0,42.3836,-71.1043,2,2.50174E+14
22051087,09/09/2022 20:07,First Half (4PM - Midnight),"497 SOMERVILLE AV Somerville, MA",DARK - LIGHTED ROADWAY,CLEAR,DRY,NONE,NO CONTROLS,T-INTERSECTION,"TWO-WAY, DIVIDED, UNPROTECTED MEDIAN",REAR-END,COLLISION WITH MOTOR VEHICLE IN TRAFFIC,ROADWAY,25,0,0,0,0,0,4,0,0,0,0,0,0,0,42.3831,-71.105,2,2.50174E+14
23042940,30/07/2023 12:55,Day Shift (8AM - 4PM),"516 SOMERVILLE AV Somerville, MA",DAYLIGHT,CLEAR,DRY,NONE,TRAFFIC CONTROL SIGNAL,NOT AT INTERSECTION,"TWO-WAY, NOT DIVIDED","SIDESWIPE, SAME DIRECTION",COLLISION WITH MOTOR VEHICLE IN TRAFFIC,ROADWAY,25,0,0,1,0,0,2,0,0,0,0,0,0,0,42.3829,-71.106,2,2.50174E+14
18069343,23/11/2018 13:01,Day Shift (8AM - 4PM),"622 SOMERVILLE AV Somerville, MA",DAYLIGHT,CLEAR,DRY,NONE,NO CONTROLS,NOT AT INTERSECTION,UNKNOWN,"SIDESWIPE, SAME DIRECTION",COLLISION WITH MOTOR VEHICLE IN TRAFFIC,UNKNOWN,5,0,0,0,0,0,2,0,0,0,0,0,0,0,42.3836,-71.1103,2,2.50174E+14
22042067,29/07/2022 16:23,First Half (4PM - Midnight),"594 SOMERVILLE AV Somerville, MA",DAYLIGHT,CLEAR,DRY,NONE,TRAFFIC CONTROL SIGNAL,NOT AT INTERSECTION,"TWO-WAY, DIVIDED, UNPROTECTED MEDIAN",REAR-END,COLLISION WITH MOTOR VEHICLE IN TRAFFIC,ROADWAY,25,0,0,0,0,0,5,0,0,0,0,0,0,0,42.3837,-71.1093,2,2.50174E+14
23026867,16/05/2023 08:23,Day Shift (8AM - 4PM),"530 SOMERVILLE AV Somerville, MA",DAYLIGHT,CLEAR,DRY,NONE,NO CONTROLS,NOT AT INTERSECTION,"TWO-WAY, DIVIDED, UNPROTECTED MEDIAN",SINGLE VEHICLE CRASH,COLLISION WITH PEDESTRIAN,ROADWAY,25,1,0,0,1,0,2,0,0,1,0,1,0,0,42.3827,-71.107,2,2.50174E+14
20002324,14/01/2020 16:32,First Half (4PM - Midnight),"622 SOMERVILLE AV Somerville, MA",DAYLIGHT,CLOUDY,DRY,NONE,NO CONTROLS,T-INTERSECTION,"TWO-WAY, NOT DIVIDED",ANGLE,COLLISION WITH PEDALCYCLE,ROADWAY,30,0,0,0,1,0,1,0,0,1,0,1,0,0,42.3836,-71.1103,2,2.50174E+14
19007129,08/02/2019 17:29,First Half (4PM - Midnight),"530 SOMERVILLE AV Somerville, MA",DARK - LIGHTED ROADWAY,CLEAR,DRY,UNKNOWN,NO CONTROLS,NOT AT INTERSECTION,"TWO-WAY, NOT DIVIDED",SINGLE VEHICLE CRASH,COLLISION WITH PEDESTRIAN,ROADWAY,20,0,0,0,1,0,1,0,0,1,1,0,0,0,42.3827,-71.107,2,2.50174E+14
23024800,07/05/2023 01:25,Last Half (Midnight - 8AM),"622 SOMERVILLE AV Somerville, MA",DUSK,CLEAR,DRY,NONE,NO CONTROLS,NOT AT INTERSECTION,UNKNOWN,SINGLE VEHICLE CRASH,COLLISION WITH LIGHT POLE OR OTHER POST/SUPPORT,OUTSIDE ROADWAY,10,0,0,0,0,0,1,0,0,0,0,0,0,0,42.3836,-71.1103,2,2.50174E+14
23020343,15/04/2023 17:32,First Half (4PM - Midnight),"622 SOMERVILLE AV Somerville, MA",DAYLIGHT,CLEAR,DRY,NONE,NO CONTROLS,NOT AT INTERSECTION,"TWO-WAY, NOT DIVIDED",SINGLE VEHICLE CRASH,COLLISION WITH PARKED MOTOR VEHICLE,ROADWAY,25,0,0,0,1,0,1,0,0,0,0,0,0,0,42.3836,-71.1103,2,2.50174E+14
22034284,18/06/2022 12:23,Day Shift (8AM - 4PM),"550 SOMERVILLE AVE Somerville, MA",DAYLIGHT,CLEAR,DRY,NONE,NO CONTROLS,NOT AT INTERSECTION,"TWO-WAY, NOT DIVIDED",REAR-END,COLLISION WITH MOTOR VEHICLE IN TRAFFIC,ROADWAY,20,0,0,0,0,0,4,0,0,0,0,0,0,0,42.3827,-71.1077,2,2.50174E+14
19054731,23/09/2019 07:40,Last Half (Midnight - 8AM),"630 SOMERVILLE AV Somerville, MA",DAYLIGHT,CLEAR,DRY,NONE,NO CONTROLS,NOT AT INTERSECTION,"TWO-WAY, NOT DIVIDED",SINGLE VEHICLE CRASH,OTHER,ROADWAY,25,0,0,0,0,0,2,0,0,1,0,1,0,0,42.3838,-71.1109,2,2.50174E+14
22050318,06/09/2022 07:41,Last Half (Midnight - 8AM),"608 SOMERVILLE AV Somerville, MA",DAYLIGHT,RAIN,WET,NONE,STOP SIGNS,T-INTERSECTION,"TWO-WAY, NOT DIVIDED",UNKNOWN,COLLISION WITH PEDALCYCLE,ROADWAY,25,0,0,0,1,0,0,1,0,1,0,1,0,0,42.3838,-71.1095,2,2.50174E+14
22053317,19/09/2022 13:53,Day Shift (8AM - 4PM),"530 SOMERVILLE AVE Somerville, MA",DAYLIGHT,CLOUDY,DRY,NONE,TRAFFIC CONTROL SIGNAL,NOT AT INTERSECTION,"TWO-WAY, NOT DIVIDED",REAR-END,COLLISION WITH MOTOR VEHICLE IN TRAFFIC,ROADWAY,25,0,0,0,0,1,1,0,0,0,0,0,0,0,42.3827,-71.107,2,2.50174E+14
22063444,05/11/2022 07:58,Last Half (Midnight - 8AM),"570 SOMERVILLE AV (PARKINGLOT) Somerville, MA",DAYLIGHT,UNKNOWN,DRY,OTHER,NO CONTROLS,NOT AT INTERSECTION,UNKNOWN,REAR-END,COLLISION WITH PARKED MOTOR VEHICLE,OUTSIDE ROADWAY,5,0,0,0,0,0,3,0,0,0,0,0,0,0,42.3829,-71.1085,2,2.50174E+14
18058178,29/09/2018 11:15,Day Shift (8AM - 4PM),"630 SOMERVILLE AVE Somerville, MA",DAYLIGHT,CLEAR,DRY,UNKNOWN,NO CONTROLS,NOT AT INTERSECTION,"TWO-WAY, DIVIDED, UNPROTECTED MEDIAN",REAR-END,COLLISION WITH MOTOR VEHICLE IN TRAFFIC,ROADWAY,25,0,0,0,0,0,2,0,0,0,0,0,0,0,42.3838,-71.1109,2,2.50174E+14
18063104,24/10/2018 16:32,First Half (4PM - Midnight),"SOMERVILLE AV & SPRING ST Somerville, MA",DAYLIGHT,CLOUDY,WET,NONE,NO CONTROLS,NOT AT INTERSECTION,UNKNOWN,ANGLE,COLLISION WITH MOTOR VEHICLE IN TRAFFIC,ROADWAY,25,0,0,0,1,1,2,0,0,0,0,0,0,0,42.3839,-71.1095,3,2.50174E+14
20018924,10/04/2020 09:42,Day Shift (8AM - 4PM),"591 SOMERVILLE AV Somerville, MA",DAYLIGHT,CLOUDY,DRY,NONE,NO CONTROLS,NOT AT INTERSECTION,"TWO-WAY, NOT DIVIDED",SINGLE VEHICLE CRASH,COLLISION WITH LIGHT POLE OR OTHER POST/SUPPORT,ROADSIDE,25,0,0,0,0,0,1,0,0,0,0,0,0,0,42.3839,-71.1088,3,2.50174E+14
19046374,14/08/2019 08:41,Day Shift (8AM - 4PM),"591 SOMERVILLE AV Somerville, MA",DAYLIGHT,CLEAR,DRY,NONE,NO CONTROLS,NOT AT INTERSECTION,"TWO-WAY, NOT DIVIDED",ANGLE,COLLISION WITH PEDALCYCLE,ROADWAY,20,0,0,0,1,0,1,0,0,1,0,1,0,0,42.3839,-71.1088,3,2.50174E+14
20047575,03/10/2020 09:15,Day Shift (8AM - 4PM),"585 SOMERVILLE AVE Somerville, MA",DAYLIGHT,CLEAR,DRY,NONE,NO CONTROLS,NOT AT INTERSECTION,"TWO-WAY, NOT DIVIDED","SIDESWIPE, SAME DIRECTION",COLLISION WITH PEDALCYCLE,ROADSIDE,25,0,0,0,0,1,3,0,0,1,0,1,0,0,42.3839,-71.1087,3,2.50174E+14
22023128,29/04/2022 06:13,Last Half (Midnight - 8AM),"577 SOMERVILLE AV Somerville, MA",DAYLIGHT,CLEAR,DRY,NONE,NO CONTROLS,NOT AT INTERSECTION,"TWO-WAY, DIVIDED, UNPROTECTED MEDIAN","SIDESWIPE, SAME DIRECTION",COLLISION WITH PEDALCYCLE,ROADWAY,25,0,0,0,0,0,3,0,0,1,0,1,0,0,42.3839,-71.1085,3,2.50174E+14
23014767,21/03/2023 17:25,First Half (4PM - Midnight),"SOMERVILLE AV & BLEACHERY CT Somerville, MA",DAYLIGHT,CLEAR,DRY,TRAFFIC CONGESTION RELATED,NO CONTROLS,T-INTERSECTION,"TWO-WAY, NOT DIVIDED",HEAD ON,UNKNOWN,SHOULDER - TRAVEL LANE,25,0,0,0,1,0,4,0,0,1,0,1,0,0,42.3836,-71.1082,3,2.50174E+14
21064894,17/12/2021 10:30,Day Shift (8AM - 4PM),"557 SOMERVILLE AV Somerville, MA",DAYLIGHT,CLEAR,DRY,NONE,NO CONTROLS,NOT AT INTERSECTION,"TWO-WAY, NOT DIVIDED",REAR-END,COLLISION WITH MOTOR VEHICLE IN TRAFFIC,ROADWAY,25,0,0,0,0,0,3,0,0,0,0,0,0,0,42.3836,-71.1074,3,2.50174E+14
20049731,14/10/2020 13:47,Day Shift (8AM - 4PM),"555 SOMERVILLE AV Somerville, MA",DAYLIGHT,CLEAR,DRY,NONE,NO CONTROLS,NOT AT INTERSECTION,"TWO-WAY, NOT DIVIDED",REAR-END,COLLISION WITH MOTOR VEHICLE IN TRAFFIC,ROADWAY,25,0,0,0,0,0,3,0,0,0,0,0,0,0,42.3835,-71.1074,3,2.50174E+14
20040784,23/08/2020 11:07,Day Shift (8AM - 4PM),"SOMERVILLE AV & NA Somerville, MA",DAYLIGHT,CLEAR,DRY,UNKNOWN,NO CONTROLS,T-INTERSECTION,"TWO-WAY, NOT DIVIDED",ANGLE,COLLISION WITH PEDALCYCLE,ROADWAY,25,0,0,0,1,0,1,0,0,1,0,1,0,0,42.384,-71.1097,3,2.50174E+14