Crash Number,Date and Time of Crash,Police Shift,Crash Location,Light Conditions,Weather Conditions,Road Surface,Road Contributing Circumstances,Traffic Control Device Type,Roadway Intersection Type,Trafficway Description,Manner of Collision,First Harmful Event,First Harmful Event Location,Speed Limit,Work Zone,Count Fatal Injury ,Count Suspected Serious Injury,Count Suspected Minor Injury ,Count Possible Injury,Count No Apparent Injury,Count Unknown Injury,Count Not Reported Injury,Total Non-Motorists,Pedestrian Involvement (Non-Motorist),Cyclist Involvement (Non-Motorist),Other Non-Motorist Involvement,Hit and Run Flag,Latitude,Longitude,Ward,Block Code 
19036793,29/06/2019 19:57,First Half (4PM - Midnight),"KENT ST & SOMERVILLE AV Somerville, MA",DAYLIGHT,CLEAR,DRY,NONE,NO CONTROLS,T-INTERSECTION,"TWO-WAY, NOT DIVIDED",ANGLE,COLLISION WITH MOTOR VEHICLE IN TRAFFIC,ROADWAY,30,0,0,0,0,0,2,0,0,0,0,0,0,0,42.3839,-71.1097,3,2.50174E+14
19028800,24/05/2019 17:02,First Half (4PM - Midnight),"KENT ST & SOMERVILLE AV Somerville, MA",DAYLIGHT,CLOUDY,DRY,NONE,NO CONTROLS,T-INTERSECTION,"TWO-WAY, NOT DIVIDED",REAR-END,COLLISION WITH MOTOR VEHICLE IN TRAFFIC,ROADWAY,30,0,0,0,0,0,2,0,0,0,0,0,0,0,42.3839,-71.1097,3,2.50174E+14
19037541,03/07/2019 08:15,Day Shift (8AM - 4PM),"SOMERVILLE AV & NA Somerville, MA",DAYLIGHT,CLEAR,DRY,NONE,STOP SIGNS,T-INTERSECTION,"ONE-WAY, NOT DIVIDED",ANGLE,COLLISION WITH MOTOR VEHICLE IN TRAFFIC,ROADWAY,25,0,0,0,0,0,3,0,0,0,0,0,0,0,42.384,-71.1097,3,2.50174E+14
20010920,26/02/2020 13:01,Day Shift (8AM - 4PM),"599 SOMERVILLE AV Somerville, MA",DAYLIGHT,CLOUDY,DRY,NONE,NO CONTROLS,T-INTERSECTION,"TWO-WAY, NOT DIVIDED",HEAD ON,COLLISION WITH PEDESTRIAN,ROADWAY,25,0,0,0,0,0,2,1,0,1,1,0,0,0,42.3842,-71.1098,3,2.50174E+14
20062256,26/12/2020 06:01,Last Half (Midnight - 8AM),"466 SOMERVILLE AV Somerville, MA",DARK - LIGHTED ROADWAY,CLEAR,DRY,NONE,NO CONTROLS,NOT AT INTERSECTION,"TWO-WAY, DIVIDED, UNPROTECTED MEDIAN",UNKNOWN,OTHER NON-COLLISION,ROADSIDE,25,0,0,0,0,0,1,0,0,0,0,0,0,0,42.3824,-71.1036,2,2.50174E+14
19022392,24/04/2019 08:49,Day Shift (8AM - 4PM),"486 SOMERVILLE AV Somerville, MA",DAYLIGHT,CLOUDY,DRY,NONE,NO CONTROLS,NOT AT INTERSECTION,"TWO-WAY, DIVIDED, UNPROTECTED MEDIAN",REAR-END,COLLISION WITH MOTOR VEHICLE IN TRAFFIC,ROADWAY,30,0,0,0,0,1,1,0,0,0,0,0,0,0,42.3827,-71.1045,2,2.50174E+14
19031208,04/06/2019 18:00,First Half (4PM - Midnight),"9A DANE ST Somerville, MA",DUSK,CLOUDY,DRY,NONE,NO CONTROLS,NOT AT INTERSECTION,"TWO-WAY, NOT DIVIDED","SIDESWIPE, SAME DIRECTION",COLLISION WITH MOTOR VEHICLE IN TRAFFIC,ROADWAY,25,0,0,0,0,0,2,0,0,0,0,0,0,0,42.382,-71.1037,2,2.50174E+14
22004829,31/01/2022 07:43,Last Half (Midnight - 8AM),"BEACON ST & SACRAMENTO ST Somerville, MA",DAYLIGHT,CLEAR,SNOW,NONE,NO CONTROLS,T-INTERSECTION,"TWO-WAY, NOT DIVIDED",REAR-END,COLLISION WITH MOTOR VEHICLE IN TRAFFIC,ROADWAY,25,0,0,0,0,1,3,0,0,0,0,0,0,0,42.3833,-71.1126,2,2.50174E+14
19032275,09/06/2019 13:56,Day Shift (8AM - 4PM),"275 BEACON ST Somerville, MA",DAYLIGHT,CLEAR,DRY,NONE,NO CONTROLS,NOT AT INTERSECTION,"TWO-WAY, DIVIDED, UNPROTECTED MEDIAN",ANGLE,COLLISION WITH MOPED,ROADWAY,25,0,0,0,1,0,2,0,0,0,0,0,0,0,42.3837,-71.1118,2,2.50174E+14
23067448,21/11/2023 20:05,First Half (4PM - Midnight),"BEACON ST & SACRAMENTO ST Somerville, MA",DARK - LIGHTED ROADWAY,CLEAR,DRY,NONE,NO CONTROLS,T-INTERSECTION,"TWO-WAY, NOT DIVIDED",HEAD ON,COLLISION WITH PEDALCYCLE,ROADWAY,25,0,0,0,0,1,3,0,0,1,0,1,0,0,42.3833,-71.1126,2,2.50174E+14
19062075,29/10/2019 16:11,First Half (4PM - Midnight),"43 PARK ST Somerville, MA",DAYLIGHT,CLOUDY,WET,TRAFFIC CONGESTION RELATED,RAILWAY CROSSING DEVICE,"RAILWAY, GRADE CROSSING","TWO-WAY, NOT DIVIDED",SINGLE VEHICLE CRASH,COLLISION WITH MOTOR VEHICLE IN TRAFFIC,ROADWAY,25,0,0,0,0,1,2,0,0,0,0,0,0,0,42.3816,-71.1078,2,2.50174E+14
19070090,10/12/2019 17:28,First Half (4PM - Midnight),"BEACON ST & MUSEUM ST Somerville, MA",DARK - LIGHTED ROADWAY,RAIN,WET,NONE,NO CONTROLS,T-INTERSECTION,"TWO-WAY, NOT DIVIDED",ANGLE,COLLISION WITH PEDESTRIAN,ROADWAY,25,0,0,0,0,0,2,0,0,1,1,0,0,0,42.382,-71.1109,2,2.50174E+14
21010673,02/03/2021 08:00,Day Shift (8AM - 4PM),"32 KENT ST Somerville, MA",DAYLIGHT,CLEAR,DRY,NONE,NO CONTROLS,DRIVEWAY,"TWO-WAY, NOT DIVIDED",REAR TO REAR,COLLISION WITH MOTOR VEHICLE IN TRAFFIC,OUTSIDE ROADWAY,15,0,0,0,0,0,3,0,0,0,0,0,0,0,42.3826,-71.11,2,2.50174E+14
20057230,25/11/2020 15:31,Day Shift (8AM - 4PM),"263 BEACON ST Somerville, MA",DAYLIGHT,CLOUDY,DRY,NONE,NO CONTROLS,NOT AT INTERSECTION,"TWO-WAY, NOT DIVIDED",ANGLE,COLLISION WITH PARKED MOTOR VEHICLE,ROADWAY,25,0,0,0,0,0,3,0,0,0,0,0,0,0,42.3829,-71.1115,2,2.50174E+14
19057812,08/10/2019 10:17,Day Shift (8AM - 4PM),"BEACON ST & KENT ST Somerville, MA",DAYLIGHT,CLOUDY,DRY,NONE,NO CONTROLS,T-INTERSECTION,"TWO-WAY, NOT DIVIDED",ANGLE,COLLISION WITH MOTOR VEHICLE IN TRAFFIC,ROADWAY,25,0,0,0,0,0,3,0,0,0,0,0,0,0,42.382,-71.1109,2,2.50174E+14
23069546,03/12/2023 14:16,Day Shift (8AM - 4PM),"BEACON ST & MUSEUM ST Somerville, MA",DAYLIGHT,RAIN,WET,UNKNOWN,NO CONTROLS,T-INTERSECTION,"TWO-WAY, NOT DIVIDED",SINGLE VEHICLE CRASH,COLLISION WITH PEDALCYCLE,ROADWAY,25,0,0,0,1,0,2,0,0,1,0,1,0,0,42.382,-71.1109,2,2.50174E+14
23035514,25/06/2023 17:46,First Half (4PM - Midnight),"275 BEACON ST Somerville, MA",DAYLIGHT,CLEAR,DRY,NONE,NO CONTROLS,NOT AT INTERSECTION,"TWO-WAY, NOT DIVIDED","SIDESWIPE, SAME DIRECTION",COLLISION WITH PEDALCYCLE,SHOULDER - TRAVEL LANE,20,0,0,0,1,0,2,0,0,1,0,1,0,0,42.3837,-71.1118,2,2.50174E+14
22066517,21/11/2022 18:19,First Half (4PM - Midnight),"253 BEACON ST Somerville, MA",DARK - LIGHTED ROADWAY,CLEAR,DRY,NONE,YIELD SIGNS,NOT AT INTERSECTION,"TWO-WAY, DIVIDED, UNPROTECTED MEDIAN",REAR-END,COLLISION WITH MOTOR VEHICLE IN TRAFFIC,ROADWAY,20,0,0,0,0,1,2,0,0,0,0,0,0,0,42.3823,-71.1112,2,2.50174E+14
18058619,01/10/2018 14:59,Day Shift (8AM - 4PM),"275 BEACON ST Somerville, MA",DAYLIGHT,RAIN,WET,NONE,STOP SIGNS,T-INTERSECTION,"TWO-WAY, NOT DIVIDED","SIDESWIPE, SAME DIRECTION",COLLISION WITH PARKED MOTOR VEHICLE,ROADSIDE,25,0,0,0,0,0,3,0,0,0,0,0,0,0,42.3837,-71.1118,2,2.50174E+14
18067640,14/11/2018 12:51,Day Shift (8AM - 4PM),"32 KENT ST Somerville, MA",DAYLIGHT,CLEAR,DRY,NONE,NO CONTROLS,NOT AT INTERSECTION,UNKNOWN,SINGLE VEHICLE CRASH,COLLISION WITH LIGHT POLE OR OTHER POST/SUPPORT,UNKNOWN,10,0,0,0,1,0,1,0,0,0,0,0,0,0,42.3826,-71.11,2,2.50174E+14
18032129,30/05/2018 10:18,Day Shift (8AM - 4PM),"14 CENTRAL ST Somerville, MA",DAYLIGHT,CLEAR,DRY,NONE,NO CONTROLS,T-INTERSECTION,"ONE-WAY, NOT DIVIDED",ANGLE,COLLISION WITH PEDALCYCLE,ROADWAY,25,0,0,0,0,1,1,0,0,1,0,1,0,0,42.3841,-71.1066,3,2.50174E+14
18029532,18/05/2018 17:14,First Half (4PM - Midnight),"PRESCOTT ST & SUMMER ST Somerville, MA",DAYLIGHT,CLEAR,DRY,NONE,STOP SIGNS,T-INTERSECTION,"TWO-WAY, NOT DIVIDED",HEAD ON,COLLISION WITH PEDESTRIAN,ROADWAY,25,0,0,0,0,1,1,0,0,1,1,0,0,0,42.3837,-71.0998,3,2.50174E+14
21035271,10/07/2021 12:17,Day Shift (8AM - 4PM),"KNAPP ST & SCHOOL ST Somerville, MA",DAYLIGHT,CLEAR,DRY,NONE,STOP SIGNS,T-INTERSECTION,"ONE-WAY, NOT DIVIDED",ANGLE,COLLISION WITH MOTOR VEHICLE IN TRAFFIC,ROADWAY,25,0,0,0,0,0,4,0,0,0,0,0,0,0,42.3826,-71.1017,3,2.50174E+14
20013975,11/03/2020 06:20,Last Half (Midnight - 8AM),"13 SCHOOL ST Somerville, MA",DARK - LIGHTED ROADWAY,CLEAR,DRY,NONE,NO CONTROLS,T-INTERSECTION,"ONE-WAY, NOT DIVIDED","SIDESWIPE, SAME DIRECTION",COLLISION WITH PARKED MOTOR VEHICLE,ROADWAY,25,0,0,0,0,0,3,0,0,0,0,0,0,0,42.3824,-71.1015,3,2.50174E+14
18060810,12/10/2018 17:01,First Half (4PM - Midnight),"PRESCOTT ST & SUMMER ST Somerville, MA",DAYLIGHT,CLEAR,DRY,NONE,NO CONTROLS,NOT AT INTERSECTION,"TWO-WAY, NOT DIVIDED",REAR-END,COLLISION WITH PARKED MOTOR VEHICLE,ROADWAY,25,0,0,0,0,0,2,0,0,0,0,0,0,0,42.3837,-71.0998,3,2.50174E+14
18025349,30/04/2018 07:32,Last Half (Midnight - 8AM),"PRESCOTT ST & SUMMER ST Somerville, MA",DAYLIGHT,CLEAR,DRY,NONE,STOP SIGNS,FOUR WAY INTERSECTION,"TWO-WAY, NOT DIVIDED",ANGLE,COLLISION WITH MOTOR VEHICLE IN TRAFFIC,ROADWAY,20,0,0,0,0,0,3,0,0,0,0,0,0,0,42.3837,-71.0998,3,2.50174E+14
19026022,11/05/2019 21:51,First Half (4PM - Midnight),"417 SOMERVILLE AV Somerville, MA",DARK - LIGHTED ROADWAY,CLEAR,DRY,NONE,NO CONTROLS,NOT AT INTERSECTION,"TWO-WAY, NOT DIVIDED",REAR-END,COLLISION WITH MOTOR VEHICLE IN TRAFFIC,ROADWAY,25,0,0,0,0,1,3,0,0,0,0,0,0,1,42.382,-71.1014,3,2.50174E+14
18068058,16/11/2018 15:30,Day Shift (8AM - 4PM),"QUINCY ST & SUMMER ST Somerville, MA",DAYLIGHT,CLEAR,WET,UNKNOWN,STOP SIGNS,FOUR WAY INTERSECTION,"TWO-WAY, DIVIDED, UNPROTECTED MEDIAN",ANGLE,COLLISION WITH MOTOR VEHICLE IN TRAFFIC,UNKNOWN,25,0,0,0,0,0,1,1,0,0,0,0,0,0,42.3837,-71.0998,3,2.50174E+14
24008303,14/02/2024 00:02,Last Half (Midnight - 8AM),"49 SCHOOL ST Somerville, MA",DARK - LIGHTED ROADWAY,"SLEET, HAIL, FREEZING RAIN OR DRIZZLE",WET,NONE,NO CONTROLS,NOT AT INTERSECTION,"ONE-WAY, NOT DIVIDED",SINGLE VEHICLE CRASH,COLLISION WITH PARKED MOTOR VEHICLE,ROADWAY,25,0,0,0,0,0,1,0,0,0,0,0,0,0,42.3837,-71.1006,3,2.50174E+14
18069921,26/11/2018 15:01,Day Shift (8AM - 4PM),"PRESCOTT ST & SUMMER ST Somerville, MA",DAYLIGHT,CLOUDY,WET,NONE,STOP SIGNS,FOUR WAY INTERSECTION,"TWO-WAY, DIVIDED, UNPROTECTED MEDIAN",ANGLE,COLLISION WITH MOTOR VEHICLE IN TRAFFIC,ROADWAY,20,0,0,0,0,0,4,0,0,0,0,0,0,0,42.3837,-71.0998,3,2.50174E+14
22061780,28/10/2022 08:39,Day Shift (8AM - 4PM),"PRESCOTT ST & SUMMER ST Somerville, MA",DAYLIGHT,CLEAR,DRY,NONE,NO CONTROLS,T-INTERSECTION,"TWO-WAY, NOT DIVIDED",SINGLE VEHICLE CRASH,COLLISION WITH PEDESTRIAN,ROADWAY,25,1,0,0,0,1,3,0,0,1,1,0,0,0,42.3837,-71.0998,3,2.50174E+14
20038960,11/08/2020 08:04,Day Shift (8AM - 4PM),"PRESCOTT ST & SUMMER ST Somerville, MA",DAYLIGHT,CLEAR,DRY,NONE,NO CONTROLS,T-INTERSECTION,"TWO-WAY, NOT DIVIDED",SINGLE VEHICLE CRASH,COLLISION WITH PEDESTRIAN,ROADWAY,20,0,0,0,0,1,1,0,0,1,1,0,0,0,42.3837,-71.0998,3,2.50174E+14
24005205,29/01/2024 12:09,Day Shift (8AM - 4PM),"28 SCHOOL ST Somerville, MA",DAYLIGHT,CLOUDY,WET,NONE,NO CONTROLS,NOT AT INTERSECTION,"ONE-WAY, NOT DIVIDED","SIDESWIPE, SAME DIRECTION",COLLISION WITH MOTOR VEHICLE IN TRAFFIC,ROADWAY,25,0,0,0,0,0,4,0,0,0,0,0,0,0,42.383,-71.1016,2,2.50174E+14
24017418,29/03/2024 11:04,Day Shift (8AM - 4PM),"GRANITE ST & KNAPP ST Somerville, MA",DAYLIGHT,RAIN,WET,NONE,WARNING SIGNS,T-INTERSECTION,"TWO-WAY, NOT DIVIDED",ANGLE,COLLISION WITH MOTOR VEHICLE IN TRAFFIC,ROADWAY,25,0,0,0,0,0,3,0,0,0,0,0,0,0,42.383,-71.1031,2,2.50174E+14
21015585,27/03/2021 18:04,First Half (4PM - Midnight),"23 GRANITE ST Somerville, MA",DAYLIGHT,CLEAR,DRY,NONE,NO CONTROLS,NOT AT INTERSECTION,"TWO-WAY, NOT DIVIDED",ANGLE,COLLISION WITH PARKED MOTOR VEHICLE,UNKNOWN,25,0,0,0,0,1,0,0,0,0,0,0,0,0,42.3833,-71.1027,2,2.50174E+14
24003238,18/01/2024 19:30,First Half (4PM - Midnight),"2 OSGOOD ST Somerville, MA",DARK - LIGHTED ROADWAY,CLEAR,DRY,OTHER,NO CONTROLS,NOT AT INTERSECTION,"TWO-WAY, NOT DIVIDED",ANGLE,COLLISION WITH PARKED MOTOR VEHICLE,OUTSIDE ROADWAY,20,0,0,0,0,0,2,1,0,0,0,0,0,0,42.3833,-71.1023,2,2.50174E+14
24003237,18/01/2024 19:24,First Half (4PM - Midnight),"SCHOOL ST & SOMERVILLE AV Somerville, MA",DARK - LIGHTED ROADWAY,CLEAR,DRY,NONE,FLASHING TRAFIC CONTROL SIGNAL,T-INTERSECTION,"ONE-WAY, NOT DIVIDED",REAR-END,COLLISION WITH MOTOR VEHICLE IN TRAFFIC,ROADWAY,20,0,0,0,0,0,4,0,0,0,0,0,0,0,42.382,-71.102,2,2.50174E+14
20009891,21/02/2020 19:55,First Half (4PM - Midnight),"451 SOMERVILLE AV Somerville, MA",DARK - LIGHTED ROADWAY,CLEAR,DRY,NONE,TRAFFIC CONTROL SIGNAL,T-INTERSECTION,"TWO-WAY, NOT DIVIDED",REAR-END,COLLISION WITH MOTOR VEHICLE IN TRAFFIC,ROADWAY,25,0,0,0,0,1,2,0,0,0,0,0,0,0,42.3824,-71.1027,2,2.50174E+14
19062448,31/10/2019 14:40,Day Shift (8AM - 4PM),"451 SOMERVILLE AVE Somerville, MA",DAYLIGHT,CLOUDY,WET,NONE,NO CONTROLS,NOT AT INTERSECTION,"TWO-WAY, NOT DIVIDED",ANGLE,COLLISION WITH MOTOR VEHICLE IN TRAFFIC,ROADWAY,25,0,0,0,0,1,1,0,0,0,0,0,0,0,42.3824,-71.1027,2,2.50174E+14
22051442,11/09/2022 07:55,Last Half (Midnight - 8AM),"12 SCHOOL ST Somerville, MA",DAYLIGHT,CLEAR,DRY,NONE,NO CONTROLS,NOT AT INTERSECTION,UNKNOWN,"SIDESWIPE, SAME DIRECTION",COLLISION WITH MOTOR VEHICLE IN TRAFFIC,ROADWAY,20,0,0,0,0,0,2,0,0,0,0,0,0,0,42.3825,-71.1019,2,2.50174E+14
22010448,28/02/2022 19:38,First Half (4PM - Midnight),"400 SOMERVILLE AV Somerville, MA",DARK - LIGHTED ROADWAY,CLEAR,DRY,NONE,NO CONTROLS,NOT AT INTERSECTION,"TWO-WAY, NOT DIVIDED",SINGLE VEHICLE CRASH,COLLISION WITH PEDALCYCLE,UNKNOWN,25,0,0,0,0,1,1,0,0,1,0,1,0,0,42.3807,-71.1016,2,2.50174E+14
18028575,14/05/2018 21:42,First Half (4PM - Midnight),"400 SOMERVILLE AV Somerville, MA",DARK - LIGHTED ROADWAY,CLEAR,DRY,NONE,NO CONTROLS,T-INTERSECTION,"TWO-WAY, NOT DIVIDED","SIDESWIPE, SAME DIRECTION",COLLISION WITH PEDALCYCLE,ROADWAY,25,0,0,0,1,0,1,0,0,1,0,1,0,0,42.3807,-71.1016,2,2.50174E+14
19025988,11/05/2019 19:01,First Half (4PM - Midnight),"400 SOMERVILLE AV Somerville, MA",DAYLIGHT,CLEAR,DRY,NONE,STOP SIGNS,T-INTERSECTION,UNKNOWN,REAR-END,COLLISION WITH MOTOR VEHICLE IN TRAFFIC,OUTSIDE ROADWAY,10,0,0,0,0,0,2,0,0,0,0,0,0,0,42.3807,-71.1016,2,2.50174E+14
23033499,15/06/2023 18:22,First Half (4PM - Midnight),"444 SOMERVILLE AV Somerville, MA",DAYLIGHT,CLEAR,DRY,NONE,NO CONTROLS,NOT AT INTERSECTION,"ONE-WAY, NOT DIVIDED",SINGLE VEHICLE CRASH,COLLISION WITH PEDALCYCLE,ROADWAY,25,0,0,0,0,0,3,0,0,1,0,1,0,0,42.3817,-71.1028,2,2.50174E+14
19052924,14/09/2019 17:10,First Half (4PM - Midnight),"400 SOMERVILLE AV Somerville, MA",DAYLIGHT,CLOUDY,WET,NONE,NO CONTROLS,NOT AT INTERSECTION,"TWO-WAY, NOT DIVIDED",ANGLE,COLLISION WITH PEDESTRIAN,ROADWAY,10,0,0,0,1,0,1,0,0,1,1,0,0,0,42.3807,-71.1016,2,2.50174E+14
20062084,24/12/2020 16:11,First Half (4PM - Midnight),"12 LAKE ST Somerville, MA",DUSK,RAIN,SNOW,NONE,NO CONTROLS,DRIVEWAY,"TWO-WAY, NOT DIVIDED",HEAD ON,COLLISION WITH MOTOR VEHICLE IN TRAFFIC,ROADWAY,15,0,0,0,2,0,0,0,0,0,0,0,0,0,42.38,-71.0989,2,2.50174E+14
19065223,14/11/2019 17:50,First Half (4PM - Midnight),"400 SOMERVILLE AV Somerville, MA",DARK - LIGHTED ROADWAY,CLEAR,DRY,UNKNOWN,NO CONTROLS,NOT AT INTERSECTION,"TWO-WAY, DIVIDED, UNPROTECTED MEDIAN","SIDESWIPE, SAME DIRECTION",COLLISION WITH PEDALCYCLE,ROADWAY,25,0,0,0,0,0,1,1,0,1,0,1,0,0,42.3807,-71.1016,2,2.50174E+14
23051833,09/09/2023 19:46,First Half (4PM - Midnight),"400 SOMERVILLE AV Somerville, MA",DARK - LIGHTED ROADWAY,CLEAR,DRY,NONE,NO CONTROLS,NOT AT INTERSECTION,"TWO-WAY, NOT DIVIDED",HEAD ON,COLLISION WITH PARKED MOTOR VEHICLE,OUTSIDE ROADWAY,20,0,0,0,0,0,5,0,0,0,0,0,0,0,42.3807,-71.1016,2,2.50174E+14
22054272,23/09/2022 15:59,Day Shift (8AM - 4PM),"400 SOMERVILLE AV Somerville, MA",DAYLIGHT,CLEAR,DRY,NONE,NO CONTROLS,NOT AT INTERSECTION,"TWO-WAY, NOT DIVIDED",REAR TO REAR,COLLISION WITH PARKED MOTOR VEHICLE,OUTSIDE ROADWAY,10,0,0,0,0,0,1,0,0,0,0,0,0,0,42.3807,-71.1016,2,2.50174E+14
19018648,05/04/2019 12:23,Day Shift (8AM - 4PM),"400 SOMERVILLE AV Somerville, MA",DAYLIGHT,CLEAR,DRY,NONE,NO CONTROLS,NOT AT INTERSECTION,"ONE-WAY, NOT DIVIDED","SIDESWIPE, SAME DIRECTION",COLLISION WITH MOTOR VEHICLE IN TRAFFIC,ROADWAY,10,0,0,0,0,0,6,0,0,0,0,0,0,0,42.3807,-71.1016,2,2.50174E+14
22047204,23/08/2022 11:35,Day Shift (8AM - 4PM),"28 DANE ST Somerville, MA",DAYLIGHT,CLOUDY,DRY,NONE,NO CONTROLS,NOT AT INTERSECTION,"TWO-WAY, NOT DIVIDED",ANGLE,COLLISION WITH PEDALCYCLE,OUTSIDE ROADWAY,25,0,0,0,1,0,3,0,0,1,0,1,0,0,42.3812,-71.1041,2,2.50174E+14
19064908,13/11/2019 07:53,Last Half (Midnight - 8AM),"400 SOMERVILLE AV Somerville, MA",DAYLIGHT,CLEAR,DRY,NONE,NO CONTROLS,NOT AT INTERSECTION,"TWO-WAY, NOT DIVIDED",ANGLE,COLLISION WITH MOTOR VEHICLE IN TRAFFIC,ROADWAY,25,0,0,0,0,0,3,0,0,0,0,0,0,0,42.3807,-71.1016,2,2.50174E+14
19031175,04/06/2019 15:16,Day Shift (8AM - 4PM),"28 DANE ST Somerville, MA",DAYLIGHT,CLEAR,DRY,NONE,NO CONTROLS,NOT AT INTERSECTION,"TWO-WAY, NOT DIVIDED",ANGLE,COLLISION WITH PEDALCYCLE,ROADWAY,20,0,0,0,1,0,1,0,0,1,0,1,0,0,42.3812,-71.1041,2,2.50174E+14
20034187,10/07/2020 22:58,First Half (4PM - Midnight),"460 SOMERVILLE AV Somerville, MA",DARK - LIGHTED ROADWAY,RAIN,WET,NONE,TRAFFIC CONTROL SIGNAL,FOUR WAY INTERSECTION,"TWO-WAY, NOT DIVIDED",HEAD ON,COLLISION WITH PEDALCYCLE,ROADWAY,25,0,0,0,1,0,2,0,0,1,0,1,0,0,42.3819,-71.1033,2,2.50174E+14
21018366,12/04/2021 19:28,First Half (4PM - Midnight),"400 SOMERVILLE AV Somerville, MA",DARK - LIGHTED ROADWAY,CLEAR,DRY,OTHER,NO CONTROLS,T-INTERSECTION,"TWO-WAY, DIVIDED, UNPROTECTED MEDIAN",ANGLE,OTHER,ROADWAY,25,0,0,0,1,0,3,0,0,1,0,0,1,0,42.3807,-71.1016,2,2.50174E+14
18050227,23/08/2018 08:51,Day Shift (8AM - 4PM),"400 SOMERVILLE AV Somerville, MA",DAYLIGHT,CLEAR,DRY,NONE,NO CONTROLS,NOT AT INTERSECTION,"TWO-WAY, NOT DIVIDED",HEAD ON,COLLISION WITH PEDESTRIAN,ROADWAY,25,0,0,0,1,0,1,0,0,1,0,1,0,0,42.3807,-71.1016,2,2.50174E+14
19038390,07/07/2019 10:50,Day Shift (8AM - 4PM),"400 SOMERVILLE AV Somerville, MA",DAYLIGHT,CLEAR,DRY,NONE,NO CONTROLS,NOT AT INTERSECTION,"TWO-WAY, NOT DIVIDED","SIDESWIPE, SAME DIRECTION",COLLISION WITH MOPED,ROADWAY,25,0,0,0,1,0,2,0,0,0,0,0,0,0,42.3807,-71.1016,2,2.50174E+14
20061035,18/12/2020 11:18,Day Shift (8AM - 4PM),"400 SOMERVILLE AV Somerville, MA",DAYLIGHT,CLOUDY,SLUSH,NONE,NO CONTROLS,NOT AT INTERSECTION,"TWO-WAY, NOT DIVIDED",ANGLE,COLLISION WITH MOTOR VEHICLE IN TRAFFIC,ROADSIDE,25,0,0,0,0,0,3,0,0,0,0,0,0,0,42.3807,-71.1016,2,2.50174E+14
19002679,16/01/2019 00:32,Last Half (Midnight - 8AM),"9 CARLTON ST Somerville, MA",DARK - LIGHTED ROADWAY,CLEAR,DRY,NONE,NO CONTROLS,NOT AT INTERSECTION,"TWO-WAY, NOT DIVIDED","SIDESWIPE, SAME DIRECTION",COLLISION WITH PEDESTRIAN,ROADWAY,25,0,0,1,0,0,3,0,0,1,1,0,0,1,42.381,-71.1002,2,2.50174E+14
24002760,16/01/2024 11:16,Day Shift (8AM - 4PM),"41 LAKE ST Somerville, MA",DAYLIGHT,SNOW,SNOW,NONE,NO CONTROLS,NOT AT INTERSECTION,"TWO-WAY, NOT DIVIDED","SIDESWIPE, SAME DIRECTION",COLLISION WITH PARKED MOTOR VEHICLE,ROADSIDE,25,0,0,0,0,0,3,0,0,0,0,0,0,0,42.3806,-71.1007,2,2.50174E+14
23028812,25/05/2023 08:06,Day Shift (8AM - 4PM),"CARLTON ST & SOMERVILLE AVE Somerville, MA",DAYLIGHT,CLEAR,DRY,UNKNOWN,NO CONTROLS,T-INTERSECTION,"TWO-WAY, DIVIDED, POSITIVE MEDIAN BARRIER",SINGLE VEHICLE CRASH,COLLISION WITH PEDALCYCLE,ROADWAY,25,0,0,0,0,1,1,0,0,1,0,1,0,0,42.3813,-71.0998,2,2.50174E+14
19061077,24/10/2019 10:04,Day Shift (8AM - 4PM),"401 SOMERVILLE AV Somerville, MA",DAYLIGHT,CLEAR,DRY,NONE,NO CONTROLS,NOT AT INTERSECTION,"TWO-WAY, NOT DIVIDED","SIDESWIPE, SAME DIRECTION",COLLISION WITH MOTOR VEHICLE IN TRAFFIC,ROADWAY,25,0,0,0,0,1,1,0,0,0,0,0,0,0,42.3818,-71.1009,3,2.50174E+14
22023337,30/04/2022 01:28,Last Half (Midnight - 8AM),"QUINCY ST & SOMERVILLE AV Somerville, MA",DARK - LIGHTED ROADWAY,CLEAR,DRY,NONE,NO CONTROLS,T-INTERSECTION,"TWO-WAY, NOT DIVIDED",REAR-END,COLLISION WITH MOTOR VEHICLE IN TRAFFIC,ROADWAY,25,0,0,0,0,0,3,0,0,0,0,0,0,0,42.3818,-71.1013,3,2.50174E+14
20054136,07/11/2020 16:03,First Half (4PM - Midnight),"27 QUINCY ST Somerville, MA",DAYLIGHT,CLEAR,DRY,NONE,NO CONTROLS,NOT AT INTERSECTION,"ONE-WAY, NOT DIVIDED",SINGLE VEHICLE CRASH,COLLISION WITH PEDESTRIAN,UNKNOWN,25,0,0,0,1,0,2,0,0,1,1,0,0,0,42.3829,-71.1002,3,2.50174E+14