Crash Number,Date and Time of Crash,Police Shift,Crash Location,Light Conditions,Weather Conditions,Road Surface,Road Contributing Circumstances,Traffic Control Device Type,Roadway Intersection Type,Trafficway Description,Manner of Collision,First Harmful Event,First Harmful Event Location,Speed Limit,Work Zone,Count Fatal Injury ,Count Suspected Serious Injury,Count Suspected Minor Injury ,Count Possible Injury,Count No Apparent Injury,Count Unknown Injury,Count Not Reported Injury,Total Non-Motorists,Pedestrian Involvement (Non-Motorist),Cyclist Involvement (Non-Motorist),Other Non-Motorist Involvement,Hit and Run Flag,Latitude,Longitude,Ward,Block Code 
20045186,21/09/2020 09:26,Day Shift (8AM - 4PM),"21 QUINCY ST Somerville, MA",DAYLIGHT,CLEAR,DRY,NONE,NO CONTROLS,NOT AT INTERSECTION,"ONE-WAY, NOT DIVIDED",REAR-END,COLLISION WITH PARKED MOTOR VEHICLE,ROADWAY,20,0,0,0,0,0,2,1,0,0,0,0,0,0,42.3826,-71.1005,3,2.50174E+14
21065965,24/12/2021 22:46,First Half (4PM - Midnight),"13 QUINCY ST Somerville, MA",DARK - UNKNOWN ROADWAY LIGHTING,CLEAR,DRY,NONE,NO CONTROLS,NOT AT INTERSECTION,"ONE-WAY, NOT DIVIDED","SIDESWIPE, SAME DIRECTION",COLLISION WITH PARKED MOTOR VEHICLE,ROADWAY,20,0,0,0,0,0,2,1,0,0,0,0,0,1,42.3822,-71.1006,3,2.50174E+14
19028952,25/05/2019 11:21,Day Shift (8AM - 4PM),"SUMMER ST & VINAL AV Somerville, MA",DAYLIGHT,CLEAR,DRY,NONE,NO CONTROLS,T-INTERSECTION,"TWO-WAY, NOT DIVIDED","SIDESWIPE, OPPOSITE DIRECTION",COLLISION WITH MOTOR VEHICLE IN TRAFFIC,ROADWAY,25,0,0,0,0,1,2,0,0,0,0,0,0,0,42.3822,-71.0983,3,2.50174E+14
1800000051,04/07/2018 10:50,Day Shift (8AM - 4PM),"8 SUMMER ST Somerville, MA",DAYLIGHT,CLEAR,DRY,NONE,NO CONTROLS,T-INTERSECTION,"TWO-WAY, NOT DIVIDED",SINGLE VEHICLE CRASH,COLLISION WITH MOTOR VEHICLE IN TRAFFIC,ROADWAY,20,0,0,0,0,0,2,0,0,0,0,0,0,0,42.3821,-71.0985,3,2.50174E+14
23071560,13/12/2023 08:09,Day Shift (8AM - 4PM),"PUTNAM ST & SUMMER ST Somerville, MA",DAYLIGHT,CLEAR,DRY,OTHER,NO CONTROLS,T-INTERSECTION,"TWO-WAY, DIVIDED, UNPROTECTED MEDIAN",HEAD ON,COLLISION WITH MOTOR VEHICLE IN TRAFFIC,ROADWAY,20,0,0,0,0,0,2,0,0,0,0,0,0,0,42.383,-71.0991,3,2.50174E+14
20025121,16/05/2020 14:42,Day Shift (8AM - 4PM),"53 BOW ST Somerville, MA",DAYLIGHT,CLEAR,DRY,NONE,NO CONTROLS,NOT AT INTERSECTION,"ONE-WAY, NOT DIVIDED","SIDESWIPE, SAME DIRECTION",COLLISION WITH PARKED MOTOR VEHICLE,ROADWAY,20,0,0,0,0,0,2,0,0,0,0,0,0,0,42.3817,-71.0988,3,2.50174E+14
19042725,27/07/2019 19:01,First Half (4PM - Midnight),"SUMMER ST & VINAL AV Somerville, MA",DAYLIGHT,CLEAR,DRY,TRAFFIC CONTROL DEVICE,STOP SIGNS,T-INTERSECTION,"ONE-WAY, NOT DIVIDED",ANGLE,COLLISION WITH PEDALCYCLE,ROADWAY,25,0,0,0,0,0,2,0,0,1,0,1,0,0,42.3822,-71.0983,3,2.50174E+14
21018436,13/04/2021 08:09,Day Shift (8AM - 4PM),"CHURCH ST & SOMERVILLE AV Somerville, MA",DAYLIGHT,CLOUDY,DRY,NONE,NO CONTROLS,T-INTERSECTION,"TWO-WAY, NOT DIVIDED",REAR-END,COLLISION WITH MOTOR VEHICLE IN TRAFFIC,ROADWAY,25,0,0,0,0,0,3,0,0,0,0,0,0,0,42.3815,-71.1005,3,2.50174E+14
18031444,27/05/2018 17:38,First Half (4PM - Midnight),"53 BOW ST Somerville, MA",DAYLIGHT,RAIN,WET,ROAD SURFACE CONDITION,NO CONTROLS,NOT AT INTERSECTION,"ONE-WAY, NOT DIVIDED","SIDESWIPE, SAME DIRECTION",COLLISION WITH PARKED MOTOR VEHICLE,ROADWAY,25,0,0,0,0,0,3,0,0,0,0,0,0,0,42.3817,-71.0988,3,2.50174E+14
22040339,20/07/2022 12:45,Day Shift (8AM - 4PM),"CHURCH ST & SOMERVILLE AV Somerville, MA",DAYLIGHT,CLEAR,DRY,NONE,NO CONTROLS,FOUR WAY INTERSECTION,"TWO-WAY, NOT DIVIDED",REAR-END,COLLISION WITH PEDALCYCLE,ROADWAY,25,0,0,0,1,0,1,0,0,1,0,1,0,0,42.3815,-71.1005,3,2.50174E+14
19055518,26/09/2019 18:53,First Half (4PM - Midnight),"SUMMER ST & VINAL AV Somerville, MA",DARK - ROADWAY NOT LIGHTED,RAIN,WET,NONE,STOP SIGNS,T-INTERSECTION,"TWO-WAY, NOT DIVIDED",ANGLE,COLLISION WITH PEDALCYCLE,ROADWAY,25,0,0,1,0,0,2,0,0,1,0,1,0,0,42.3822,-71.0983,3,2.50174E+14
21008851,19/02/2021 17:29,First Half (4PM - Midnight),"35 CHURCH ST Somerville, MA",DUSK,SNOW,SNOW,OTHER,NO CONTROLS,NOT AT INTERSECTION,"ONE-WAY, NOT DIVIDED","SIDESWIPE, SAME DIRECTION",COLLISION WITH PARKED MOTOR VEHICLE,ROADWAY,20,0,0,0,0,0,4,0,0,1,0,0,0,0,42.3818,-71.1,3,2.50174E+14
23049863,31/08/2023 21:18,First Half (4PM - Midnight),"SUMMER ST & VINAL AV Somerville, MA",DARK - LIGHTED ROADWAY,CLEAR,DRY,NONE,STOP SIGNS,T-INTERSECTION,"ONE-WAY, NOT DIVIDED",ANGLE,COLLISION WITH PEDALCYCLE,ROADWAY,25,0,0,0,1,0,1,0,0,1,0,1,0,0,42.3822,-71.0983,3,2.50174E+14
19055803,28/09/2019 02:04,Last Half (Midnight - 8AM),"6 SUMMER ST Somerville, MA",DARK - LIGHTED ROADWAY,CLEAR,DRY,NONE,NO CONTROLS,NOT AT INTERSECTION,"TWO-WAY, NOT DIVIDED",REAR-END,COLLISION WITH PARKED MOTOR VEHICLE,ROADWAY,25,0,0,0,0,0,1,4,0,0,0,0,0,1,42.382,-71.0984,3,2.50174E+14
21054464,16/10/2021 02:01,Last Half (Midnight - 8AM),"49 BOW ST Somerville, MA",DARK - LIGHTED ROADWAY,CLEAR,DRY,NONE,NO CONTROLS,NOT AT INTERSECTION,"ONE-WAY, NOT DIVIDED","SIDESWIPE, SAME DIRECTION",COLLISION WITH PARKED MOTOR VEHICLE,ROADWAY,20,0,0,0,1,0,1,0,0,0,0,0,0,0,42.3818,-71.0984,3,2.50174E+14
22067495,28/11/2022 16:14,First Half (4PM - Midnight),"BOW ST & NA Somerville, MA",DAWN,CLEAR,DRY,NONE,TRAFFIC CONTROL SIGNAL,FOUR WAY INTERSECTION,"TWO-WAY, DIVIDED, UNPROTECTED MEDIAN","SIDESWIPE, SAME DIRECTION",COLLISION WITH MOTOR VEHICLE IN TRAFFIC,UNKNOWN,25,0,0,0,0,0,3,0,0,0,0,0,0,0,42.3816,-71.0984,3,2.50174E+14
23032659,12/06/2023 09:45,Day Shift (8AM - 4PM),"377 SOMERVILLE AV Somerville, MA",DAYLIGHT,CLEAR,DRY,NONE,NO CONTROLS,T-INTERSECTION,"ONE-WAY, NOT DIVIDED",SINGLE VEHICLE CRASH,COLLISION WITH PEDESTRIAN,ROADWAY,25,0,0,0,1,0,1,0,0,1,0,0,1,0,42.3812,-71.0992,3,2.50174E+14
18037216,22/06/2018 12:07,Day Shift (8AM - 4PM),"20 BOW ST Somerville, MA",DAYLIGHT,CLEAR,DRY,NONE,NO CONTROLS,NOT AT INTERSECTION,"ONE-WAY, NOT DIVIDED",SINGLE VEHICLE CRASH,COLLISION WITH OTHER MOVABLE OBJECT,ROADWAY,25,0,0,0,0,0,2,0,0,1,0,1,0,0,42.3809,-71.0973,3,2.50174E+14
23007290,09/02/2023 09:31,Day Shift (8AM - 4PM),"37 UNION SQ Somerville, MA",DAYLIGHT,CLEAR,DRY,NONE,TRAFFIC CONTROL SIGNAL,NOT AT INTERSECTION,"ONE-WAY, NOT DIVIDED",REAR-END,COLLISION WITH MOTOR VEHICLE IN TRAFFIC,ROADWAY,20,0,0,0,0,0,4,0,0,0,0,0,0,0,42.3805,-71.0971,3,2.50174E+14
22040303,20/07/2022 09:43,Day Shift (8AM - 4PM),"347 SOMERVILLE AV Somerville, MA",DAYLIGHT,CLEAR,DRY,NONE,NO CONTROLS,NOT AT INTERSECTION,"ONE-WAY, NOT DIVIDED","SIDESWIPE, SAME DIRECTION",COLLISION WITH UTILITY POLE,ROADSIDE,25,1,0,0,0,0,2,0,0,0,0,0,0,0,42.381,-71.0984,3,2.50174E+14
23051834,09/09/2023 19:47,First Half (4PM - Midnight),"40 BOW ST Somerville, MA",DARK - LIGHTED ROADWAY,CLEAR,WET,NONE,TRAFFIC CONTROL SIGNAL,Y-INTERSECTION,"ONE-WAY, NOT DIVIDED",SINGLE VEHICLE CRASH,COLLISION WITH LIGHT POLE OR OTHER POST/SUPPORT,ROADWAY,25,0,0,0,0,0,2,0,0,0,0,0,0,0,42.3815,-71.0978,3,2.50174E+14
21054584,16/10/2021 18:04,First Half (4PM - Midnight),"22 BOW ST Somerville, MA",DARK - LIGHTED ROADWAY,CLEAR,DRY,NONE,NO CONTROLS,NOT AT INTERSECTION,"ONE-WAY, NOT DIVIDED",ANGLE,COLLISION WITH PARKED MOTOR VEHICLE,ROADWAY,25,0,0,0,0,0,5,0,0,0,0,0,0,0,42.3809,-71.0973,3,2.50174E+14
19056096,29/09/2019 14:27,Day Shift (8AM - 4PM),"BOW ST & SUMMER ST Somerville, MA",DAYLIGHT,CLEAR,DRY,NONE,TRAFFIC CONTROL SIGNAL,Y-INTERSECTION,"ONE-WAY, NOT DIVIDED","SIDESWIPE, SAME DIRECTION",COLLISION WITH PEDALCYCLE,ROADWAY,25,0,0,0,1,0,3,0,0,1,0,1,0,1,42.3816,-71.0978,3,2.50174E+14
19017165,29/03/2019 02:20,Last Half (Midnight - 8AM),"377 SOMERVILLE AVE Somerville, MA",DARK - LIGHTED ROADWAY,"SLEET, HAIL, FREEZING RAIN OR DRIZZLE",WET,NONE,TRAFFIC CONTROL SIGNAL,NOT AT INTERSECTION,"TWO-WAY, DIVIDED, UNPROTECTED MEDIAN",REAR-END,COLLISION WITH MEDIAN BARRIER,ROADWAY,25,1,0,0,0,0,2,0,0,0,0,0,0,1,42.3812,-71.0992,3,2.50174E+14
19004081,23/01/2019 08:56,Day Shift (8AM - 4PM),"321 SOMERVILLE AV Somerville, MA",DAYLIGHT,CLEAR,SLUSH,NONE,NO CONTROLS,NOT AT INTERSECTION,"ONE-WAY, NOT DIVIDED","SIDESWIPE, SAME DIRECTION",COLLISION WITH MOTOR VEHICLE IN TRAFFIC,ROADWAY,25,0,0,0,0,0,3,0,0,0,0,0,0,0,42.3806,-71.0975,3,2.50174E+14
21066096,26/12/2021 01:36,Last Half (Midnight - 8AM),"37 UNION SQ Somerville, MA",DARK - LIGHTED ROADWAY,RAIN,WET,NONE,UNKNOWN,NOT AT INTERSECTION,"ONE-WAY, NOT DIVIDED",REAR-END,COLLISION WITH MOTOR VEHICLE IN TRAFFIC,ROADWAY,25,0,0,0,0,0,0,2,0,0,0,0,0,0,42.3805,-71.0971,3,2.50174E+14
22018710,08/04/2022 09:48,Day Shift (8AM - 4PM),"345 SOMERVILLE AV Somerville, MA",DAYLIGHT,RAIN,WET,NONE,NO CONTROLS,NOT AT INTERSECTION,UNKNOWN,"SIDESWIPE, SAME DIRECTION",COLLISION WITH PARKED MOTOR VEHICLE,UNKNOWN,20,0,0,0,0,0,2,0,0,0,0,0,0,0,42.3809,-71.0982,3,2.50174E+14
18061840,17/10/2018 17:00,First Half (4PM - Midnight),"BOW ST & WALNUT ST Somerville, MA",DAYLIGHT,CLEAR,DRY,NONE,NO CONTROLS,T-INTERSECTION,"ONE-WAY, NOT DIVIDED",SINGLE VEHICLE CRASH,COLLISION WITH MOTOR VEHICLE IN TRAFFIC,ROADWAY,20,0,0,0,0,0,3,0,0,0,0,0,0,0,42.381,-71.0972,3,2.50174E+14
18034002,07/06/2018 19:54,First Half (4PM - Midnight),"37 UNION SQ Somerville, MA",DUSK,CLEAR,DRY,NONE,TRAFFIC CONTROL SIGNAL,NOT AT INTERSECTION,"ONE-WAY, NOT DIVIDED",SINGLE VEHICLE CRASH,COLLISION WITH MOTOR VEHICLE IN TRAFFIC,ROADWAY,25,0,0,0,0,0,2,0,0,0,0,0,0,0,42.3805,-71.0971,3,2.50174E+14
23057249,06/10/2023 07:20,Last Half (Midnight - 8AM),"HAWKINS ST & SOMERVILLE AV Somerville, MA",DAYLIGHT,CLEAR,DRY,NONE,STOP SIGNS,T-INTERSECTION,"ONE-WAY, NOT DIVIDED",SINGLE VEHICLE CRASH,COLLISION WITH PEDALCYCLE,ROADWAY,20,0,0,1,0,0,1,0,0,1,0,1,0,0,42.3805,-71.0978,3,2.50174E+14
21048235,14/09/2021 18:40,First Half (4PM - Midnight),"PARKER ST & WASHINGTON ST Somerville, MA",DAYLIGHT,CLEAR,DRY,OBSTRUCTION IN ROADWAY,STOP SIGNS,T-INTERSECTION,"ONE-WAY, NOT DIVIDED","SIDESWIPE, SAME DIRECTION",COLLISION WITH PARKED MOTOR VEHICLE,ROADWAY,25,0,0,0,0,0,3,0,0,0,0,0,0,0,42.3794,-71.1001,2,2.50174E+14
22065263,14/11/2022 11:17,Day Shift (8AM - 4PM),"PARKER ST & WASHINGTON ST Somerville, MA",DAYLIGHT,CLEAR,DRY,NONE,STOP SIGNS,T-INTERSECTION,"TWO-WAY, NOT DIVIDED","SIDESWIPE, SAME DIRECTION",COLLISION WITH PARKED MOTOR VEHICLE,ROADSIDE,25,1,0,0,0,0,3,0,0,0,0,0,0,0,42.3794,-71.1001,2,2.50174E+14
20044290,15/09/2020 06:45,Last Half (Midnight - 8AM),"PARKDALE ST & WASHINGTON ST Somerville, MA",DAWN,CLEAR,DRY,OTHER,NO CONTROLS,UNKNOWN,"ONE-WAY, NOT DIVIDED",SINGLE VEHICLE CRASH,OTHER NON-COLLISION,ROADWAY,25,0,0,0,0,0,2,0,0,0,0,0,0,0,42.3793,-71.1021,2,2.50174E+14
23018613,08/04/2023 09:43,Day Shift (8AM - 4PM),"336 SOMERVILLE AV Somerville, MA",DAYLIGHT,CLEAR,DRY,NONE,YIELD SIGNS,Y-INTERSECTION,"ONE-WAY, NOT DIVIDED",SINGLE VEHICLE CRASH,COLLISION WITH LIGHT POLE OR OTHER POST/SUPPORT,ROADWAY,25,0,0,0,0,0,2,0,0,0,0,0,0,0,42.3806,-71.0982,2,2.50174E+14
18073601,14/12/2018 17:39,First Half (4PM - Midnight),"21 UNION SQ Somerville, MA",DARK - LIGHTED ROADWAY,CLEAR,DRY,NONE,TRAFFIC CONTROL SIGNAL,FOUR WAY INTERSECTION,UNKNOWN,REAR-END,COLLISION WITH MOTOR VEHICLE IN TRAFFIC,UNKNOWN,20,0,0,0,0,1,3,0,0,0,0,0,0,0,42.3799,-71.0968,2,2.50174E+14
23040608,19/07/2023 21:27,First Half (4PM - Midnight),"31 UNION SQ Somerville, MA",DARK - LIGHTED ROADWAY,CLEAR,DRY,NONE,TRAFFIC CONTROL SIGNAL,T-INTERSECTION,"ONE-WAY, NOT DIVIDED","SIDESWIPE, SAME DIRECTION",COLLISION WITH MOTOR VEHICLE IN TRAFFIC,ROADWAY,25,0,0,0,0,0,3,0,0,0,0,0,0,0,42.38,-71.0971,2,2.50174E+14
19006234,04/02/2019 00:11,Last Half (Midnight - 8AM),"26 UNION SQ Somerville, MA",DARK - LIGHTED ROADWAY,CLOUDY,WET,NONE,NO CONTROLS,NOT AT INTERSECTION,"TWO-WAY, DIVIDED, POSITIVE MEDIAN BARRIER","SIDESWIPE, SAME DIRECTION",COLLISION WITH MOTOR VEHICLE IN TRAFFIC,ROADWAY,20,0,0,0,0,0,2,0,0,0,0,0,0,0,42.3799,-71.0968,2,2.50174E+14
22064442,09/11/2022 23:01,First Half (4PM - Midnight),"263 WASHINGTON ST Somerville, MA",DARK - LIGHTED ROADWAY,CLEAR,DRY,NONE,TRAFFIC CONTROL SIGNAL,NOT AT INTERSECTION,"TWO-WAY, NOT DIVIDED",REAR-END,COLLISION WITH MOTOR VEHICLE IN TRAFFIC,UNKNOWN,20,0,0,0,0,1,3,0,0,0,0,0,0,0,42.3796,-71.0969,2,2.50174E+14
23011568,05/03/2023 01:46,Last Half (Midnight - 8AM),"23 UNION SQ Somerville, MA",DARK - LIGHTED ROADWAY,CLEAR,DRY,NONE,TRAFFIC CONTROL SIGNAL,T-INTERSECTION,"ONE-WAY, NOT DIVIDED",REAR-END,COLLISION WITH MOTOR VEHICLE IN TRAFFIC,UNKNOWN,20,0,0,0,0,0,3,0,0,0,0,0,0,1,42.3799,-71.0968,2,2.50174E+14
19069420,07/12/2019 12:29,Day Shift (8AM - 4PM),"36 UNION SQUARE Somerville, MA",DAYLIGHT,CLEAR,DRY,NONE,TRAFFIC CONTROL SIGNAL,NOT AT INTERSECTION,"ONE-WAY, NOT DIVIDED",REAR-END,COLLISION WITH MOTOR VEHICLE IN TRAFFIC,ROADWAY,20,0,0,0,0,0,2,0,0,0,0,0,0,0,42.38,-71.0971,2,2.50174E+14
21048812,17/09/2021 10:23,Day Shift (8AM - 4PM),"HAWKINS ST & LAKE ST Somerville, MA",DAYLIGHT,CLEAR,DRY,UNKNOWN,NO CONTROLS,T-INTERSECTION,"ONE-WAY, NOT DIVIDED",REAR-END,COLLISION WITH PARKED MOTOR VEHICLE,ROADWAY,15,1,0,0,0,0,3,0,0,0,0,0,0,0,42.38,-71.0981,2,2.50174E+14
20050045,16/10/2020 08:44,Day Shift (8AM - 4PM),"304 SOMERVILLE AV Somerville, MA",DAYLIGHT,CLOUDY,DRY,NONE,NO CONTROLS,NOT AT INTERSECTION,"ONE-WAY, NOT DIVIDED",SINGLE VEHICLE CRASH,COLLISION WITH LIGHT POLE OR OTHER POST/SUPPORT,OUTSIDE ROADWAY,25,1,0,0,0,0,1,0,0,0,0,0,0,0,42.38,-71.0975,2,2.50174E+14
23000962,06/01/2023 17:47,First Half (4PM - Midnight),"31 UNION SQ Somerville, MA",DARK - LIGHTED ROADWAY,RAIN,WET,NONE,TRAFFIC CONTROL SIGNAL,NOT AT INTERSECTION,"TWO-WAY, DIVIDED, UNPROTECTED MEDIAN",SINGLE VEHICLE CRASH,COLLISION WITH PEDESTRIAN,ROADWAY,20,0,0,0,0,1,2,0,0,1,1,0,0,0,42.38,-71.0971,2,2.50174E+14
23057639,05/10/2023 17:00,First Half (4PM - Midnight),"KINGMAN RD & WASHINGTON ST Somerville, MA",DAYLIGHT,CLEAR,DRY,NONE,NO CONTROLS,T-INTERSECTION,"TWO-WAY, NOT DIVIDED",ANGLE,COLLISION WITH MOTOR VEHICLE IN TRAFFIC,ROADWAY,25,0,0,0,0,0,1,2,0,0,0,0,0,0,42.3796,-71.0973,2,2.50174E+14
23007339,09/02/2023 14:45,Day Shift (8AM - 4PM),"KINGMAN RD & WASHINGTON ST Somerville, MA",DAYLIGHT,CLEAR,DRY,NONE,NO CONTROLS,T-INTERSECTION,"TWO-WAY, NOT DIVIDED",ANGLE,COLLISION WITH MOTOR VEHICLE IN TRAFFIC,ROADWAY,25,0,0,0,0,0,3,0,0,0,0,0,0,0,42.3796,-71.0973,2,2.50174E+14
18058977,03/10/2018 08:39,Day Shift (8AM - 4PM),"21 UNION SQ Somerville, MA",DAYLIGHT,CLOUDY,DRY,TRAFFIC CONTROL DEVICE,TRAFFIC CONTROL SIGNAL,FOUR WAY INTERSECTION,"TWO-WAY, DIVIDED, UNPROTECTED MEDIAN",REAR-END,COLLISION WITH MOTOR VEHICLE IN TRAFFIC,ROADWAY,20,0,0,0,0,0,3,0,0,0,0,0,0,0,42.3799,-71.0968,2,2.50174E+14
18073898,16/12/2018 01:08,Last Half (Midnight - 8AM),"31 UNION SQ Somerville, MA",DARK - LIGHTED ROADWAY,CLEAR,DRY,NONE,TRAFFIC CONTROL SIGNAL,NOT AT INTERSECTION,"ONE-WAY, NOT DIVIDED",REAR-END,COLLISION WITH MOTOR VEHICLE IN TRAFFIC,ROADWAY,25,0,0,0,0,0,3,0,0,0,0,0,0,0,42.38,-71.0971,2,2.50174E+14
23008256,14/02/2023 15:12,Day Shift (8AM - 4PM),"DANE ST & WASHINGTON ST Somerville, MA",DAYLIGHT,CLEAR,DRY,NONE,TRAFFIC CONTROL SIGNAL,FOUR WAY INTERSECTION,"TWO-WAY, DIVIDED, UNPROTECTED MEDIAN",REAR-END,COLLISION WITH MOTOR VEHICLE IN TRAFFIC,ROADWAY,20,0,0,0,1,0,2,0,0,0,0,0,0,0,42.3788,-71.1041,2,2.50174E+14
18033457,05/06/2018 08:51,Day Shift (8AM - 4PM),"DANE ST & VILLAGE ST Somerville, MA",DAYLIGHT,CLOUDY,DRY,NONE,NO CONTROLS,T-INTERSECTION,"TWO-WAY, NOT DIVIDED","SIDESWIPE, SAME DIRECTION",COLLISION WITH PEDALCYCLE,ROADWAY,25,0,0,0,0,1,1,0,0,1,0,1,0,0,42.3804,-71.1046,2,2.50174E+14
21035034,09/07/2021 13:32,Day Shift (8AM - 4PM),"DANE ST & WASHINGTON ST Somerville, MA",DAYLIGHT,RAIN,WET,NONE,TRAFFIC CONTROL SIGNAL,FOUR WAY INTERSECTION,"TWO-WAY, NOT DIVIDED","SIDESWIPE, SAME DIRECTION",COLLISION WITH WORK ZONE MAINTENANCE EQUIPMENT,ROADWAY,25,0,0,0,0,0,4,0,0,0,0,0,0,0,42.3788,-71.1041,2,2.50174E+14
21025875,23/05/2021 19:08,First Half (4PM - Midnight),"DANE ST & WASHINGTON ST Somerville, MA",DAYLIGHT,CLEAR,DRY,NONE,TRAFFIC CONTROL SIGNAL,FOUR WAY INTERSECTION,"TWO-WAY, DIVIDED, UNPROTECTED MEDIAN",REAR-END,COLLISION WITH MOTOR VEHICLE IN TRAFFIC,ROADWAY,25,0,0,0,1,0,1,0,0,0,0,0,0,0,42.3788,-71.1041,2,2.50174E+14
19015865,22/03/2019 14:50,Day Shift (8AM - 4PM),"62 DANE ST Somerville, MA",DAYLIGHT,CLOUDY,WET,NONE,NO CONTROLS,NOT AT INTERSECTION,"TWO-WAY, NOT DIVIDED",REAR-END,COLLISION WITH PARKED MOTOR VEHICLE,ROADWAY,25,0,0,0,0,1,2,0,0,0,0,0,0,0,42.3797,-71.1041,2,2.50174E+14
19038542,08/07/2019 06:41,Last Half (Midnight - 8AM),"CALVIN ST & WASHINGTON ST Somerville, MA",DAYLIGHT,CLEAR,DRY,NONE,TRAFFIC CONTROL SIGNAL,FOUR WAY INTERSECTION,"TWO-WAY, NOT DIVIDED",ANGLE,COLLISION WITH MOTOR VEHICLE IN TRAFFIC,ROADWAY,25,0,0,0,1,0,3,0,0,0,0,0,0,0,42.3788,-71.1041,2,2.50174E+14
20048664,08/10/2020 19:52,First Half (4PM - Midnight),"ROSE ST & WASHINGTON ST Somerville, MA",DARK - LIGHTED ROADWAY,CLEAR,DRY,NONE,NO CONTROLS,T-INTERSECTION,"TWO-WAY, DIVIDED, UNPROTECTED MEDIAN",REAR-END,COLLISION WITH MOTOR VEHICLE IN TRAFFIC,ROADWAY,25,0,0,0,0,0,2,0,0,0,0,0,0,0,42.3792,-71.1028,2,2.50174E+14
18061479,15/10/2018 18:33,First Half (4PM - Midnight),"353 WASHINGTON ST Somerville, MA",DUSK,CLEAR,DRY,NONE,NO CONTROLS,NOT AT INTERSECTION,"TWO-WAY, NOT DIVIDED",ANGLE,COLLISION WITH MOTOR VEHICLE IN TRAFFIC,ROADWAY,20,0,0,0,0,0,2,0,0,0,0,0,0,0,42.3793,-71.103,2,2.50174E+14
19008174,14/02/2019 08:01,Day Shift (8AM - 4PM),"44 PARK ST Somerville, MA",DAYLIGHT,CLEAR,DRY,NONE,NO CONTROLS,T-INTERSECTION,"TWO-WAY, NOT DIVIDED",ANGLE,COLLISION WITH MOTOR VEHICLE IN TRAFFIC,ROADWAY,30,0,0,0,0,0,2,0,0,0,0,0,0,0,42.3813,-71.1068,2,2.50174E+14
18047040,08/08/2018 13:31,Day Shift (8AM - 4PM),"IVALOO ST & PARK ST Somerville, MA",DAYLIGHT,CLEAR,DRY,NONE,NO CONTROLS,T-INTERSECTION,"TWO-WAY, NOT DIVIDED",SINGLE VEHICLE CRASH,COLLISION WITH MOTOR VEHICLE IN TRAFFIC,ROADWAY,25,0,0,0,0,0,0,0,0,0,0,0,0,0,42.3812,-71.1073,2,2.50174E+14
20059926,12/12/2020 05:34,Last Half (Midnight - 8AM),"54 PARK ST Somerville, MA",DARK - LIGHTED ROADWAY,CLEAR,DRY,NONE,NO CONTROLS,NOT AT INTERSECTION,"TWO-WAY, NOT DIVIDED",SINGLE VEHICLE CRASH,COLLISION WITH LIGHT POLE OR OTHER POST/SUPPORT,ROADWAY,25,0,0,0,0,0,0,1,0,0,0,0,0,1,42.3809,-71.1074,2,2.50174E+14
23018692,08/04/2023 18:32,First Half (4PM - Midnight),"530 BEACON STREET Somerville, MA",DAYLIGHT,CLEAR,DRY,NONE,TRAFFIC CONTROL SIGNAL,FOUR WAY INTERSECTION,"TWO-WAY, NOT DIVIDED","SIDESWIPE, SAME DIRECTION",COLLISION WITH OTHER MOVABLE OBJECT,ROADWAY,25,0,0,0,1,0,2,0,0,1,0,1,0,0,42.3807,-71.1093,2,2.50174E+14
19052555,12/09/2019 14:09,Day Shift (8AM - 4PM),"200 BEACON ST Somerville, MA",DAYLIGHT,CLOUDY,DRY,NONE,NO CONTROLS,NOT AT INTERSECTION,"TWO-WAY, NOT DIVIDED",REAR-END,COLLISION WITH MOTOR VEHICLE IN TRAFFIC,ROADWAY,20,0,0,0,0,0,3,1,0,0,0,0,0,0,42.3807,-71.1095,2,2.50174E+14
23064059,04/11/2023 14:54,Day Shift (8AM - 4PM),"0 MORGAN ST Somerville, MA",DAYLIGHT,CLEAR,DRY,NONE,NO CONTROLS,NOT AT INTERSECTION,"ONE-WAY, NOT DIVIDED",REAR TO REAR,COLLISION WITH PARKED MOTOR VEHICLE,ROADWAY,20,0,0,0,0,0,1,0,0,0,0,0,0,0,42.3809,-71.1085,2,2.50174E+14
19018323,03/04/2019 22:33,First Half (4PM - Midnight),"64 PARK ST Somerville, MA",DARK - LIGHTED ROADWAY,CLEAR,DRY,NONE,NO CONTROLS,NOT AT INTERSECTION,"TWO-WAY, NOT DIVIDED","SIDESWIPE, SAME DIRECTION",COLLISION WITH PARKED MOTOR VEHICLE,ROADWAY,20,0,0,0,0,0,2,0,0,0,0,0,0,0,42.3806,-71.1078,2,2.50174E+14