Crash Number,Date and Time of Crash,Police Shift,Crash Location,Light Conditions,Weather Conditions,Road Surface,Road Contributing Circumstances,Traffic Control Device Type,Roadway Intersection Type,Trafficway Description,Manner of Collision,First Harmful Event,First Harmful Event Location,Speed Limit,Work Zone,Count Fatal Injury ,Count Suspected Serious Injury,Count Suspected Minor Injury ,Count Possible Injury,Count No Apparent Injury,Count Unknown Injury,Count Not Reported Injury,Total Non-Motorists,Pedestrian Involvement (Non-Motorist),Cyclist Involvement (Non-Motorist),Other Non-Motorist Involvement,Hit and Run Flag,Latitude,Longitude,Ward,Block Code 
22052467,15/09/2022 19:14,First Half (4PM - Midnight),"BEACON ST & PARK ST Somerville, MA",DAYLIGHT,CLEAR,DRY,NONE,TRAFFIC CONTROL SIGNAL,FOUR WAY INTERSECTION,"TWO-WAY, DIVIDED, UNPROTECTED MEDIAN",SINGLE VEHICLE CRASH,COLLISION WITH PEDALCYCLE,ROADWAY,25,0,0,0,1,0,3,0,0,1,0,1,0,0,42.3802,-71.1087,2,2.50174E+14
18028888,16/05/2018 09:22,Day Shift (8AM - 4PM),"2 ELIOT ST Somerville, MA",DAYLIGHT,CLEAR,DRY,NONE,NO CONTROLS,T-INTERSECTION,"TWO-WAY, NOT DIVIDED",ANGLE,COLLISION WITH MOTOR VEHICLE IN TRAFFIC,ROADWAY,20,0,0,0,0,0,3,0,0,0,0,0,0,0,42.3803,-71.1071,2,2.50174E+14
20062991,31/12/2020 13:53,Day Shift (8AM - 4PM),"BEACON ST & PARK ST Somerville, MA",DAYLIGHT,CLOUDY,DRY,NONE,TRAFFIC CONTROL SIGNAL,T-INTERSECTION,"TWO-WAY, NOT DIVIDED","SIDESWIPE, SAME DIRECTION",COLLISION WITH MOTOR VEHICLE IN TRAFFIC,ROADWAY,25,0,0,0,0,0,3,0,0,0,0,0,0,0,42.3802,-71.1087,2,2.50174E+14
20037528,02/08/2020 11:26,Day Shift (8AM - 4PM),"BEACON ST & PARK ST Somerville, MA",DAYLIGHT,CLEAR,DRY,NONE,TRAFFIC CONTROL SIGNAL,FOUR WAY INTERSECTION,"TWO-WAY, DIVIDED, UNPROTECTED MEDIAN",SINGLE VEHICLE CRASH,COLLISION WITH UNKNOWN FIXED OBJECT,ROADWAY,20,0,0,0,0,0,2,0,0,0,0,0,0,0,42.3802,-71.1087,2,2.50174E+14
20008218,13/02/2020 06:00,Last Half (Midnight - 8AM),"BEACON ST & PARK ST Somerville, MA",DARK - LIGHTED ROADWAY,"SLEET, HAIL, FREEZING RAIN OR DRIZZLE",ICE,NONE,TRAFFIC CONTROL SIGNAL,FOUR WAY INTERSECTION,"TWO-WAY, NOT DIVIDED","SIDESWIPE, SAME DIRECTION",COLLISION WITH MOTOR VEHICLE IN TRAFFIC,ROADWAY,25,0,0,0,0,2,1,0,0,0,0,0,0,0,42.3802,-71.1087,2,2.50174E+14
23025506,10/05/2023 08:39,Day Shift (8AM - 4PM),"BEACON ST & PARK ST Somerville, MA",DAYLIGHT,CLEAR,DRY,NONE,TRAFFIC CONTROL SIGNAL,FOUR WAY INTERSECTION,"TWO-WAY, NOT DIVIDED","SIDESWIPE, SAME DIRECTION",COLLISION WITH PEDALCYCLE,ROADSIDE,25,0,0,0,0,1,2,0,0,1,0,1,0,0,42.3802,-71.1087,2,2.50174E+14
23004874,28/01/2023 10:03,Day Shift (8AM - 4PM),"ELIOT ST & PROPERZI WY Somerville, MA",DAYLIGHT,CLEAR,DRY,NONE,NO CONTROLS,T-INTERSECTION,"TWO-WAY, NOT DIVIDED","SIDESWIPE, SAME DIRECTION",COLLISION WITH PARKED MOTOR VEHICLE,ROADWAY,25,0,0,0,0,0,3,0,0,0,0,0,0,0,42.3803,-71.1068,2,2.50174E+14
20052973,01/11/2020 00:04,Last Half (Midnight - 8AM),"161 BEACON ST Somerville, MA",DARK - LIGHTED ROADWAY,CLEAR,ICE,NONE,NO CONTROLS,NOT AT INTERSECTION,"TWO-WAY, DIVIDED, UNPROTECTED MEDIAN",REAR-END,COLLISION WITH MOTOR VEHICLE IN TRAFFIC,ROADWAY,25,0,0,0,0,0,7,0,0,0,0,0,0,0,42.3794,-71.1074,2,2.50174E+14
20003780,22/01/2020 09:57,Day Shift (8AM - 4PM),"11 HANSON ST Somerville, MA",DAYLIGHT,CLEAR,DRY,OTHER,NO CONTROLS,NOT AT INTERSECTION,"ONE-WAY, NOT DIVIDED","SIDESWIPE, SAME DIRECTION",COLLISION WITH PARKED MOTOR VEHICLE,ROADWAY,20,0,0,0,0,0,1,0,0,0,0,0,0,0,42.3803,-71.1061,2,2.50174E+14
22064871,12/11/2022 03:17,Last Half (Midnight - 8AM),"11 HANSON ST Somerville, MA",DUSK,RAIN,WET,UNKNOWN,UNKNOWN,NOT AT INTERSECTION,UNKNOWN,SINGLE VEHICLE CRASH,COLLISION WITH PARKED MOTOR VEHICLE,UNKNOWN,25,0,0,0,0,0,2,1,0,0,0,0,0,0,42.3803,-71.1061,2,2.50174E+14
21020536,25/04/2021 15:22,Day Shift (8AM - 4PM),"HANSON ST & WASHINGTON ST Somerville, MA",DAYLIGHT,CLOUDY,DRY,NONE,NO CONTROLS,T-INTERSECTION,"TWO-WAY, NOT DIVIDED",ANGLE,COLLISION WITH MOTOR VEHICLE IN TRAFFIC,ROADWAY,25,0,0,0,0,0,2,0,0,0,0,0,0,0,42.3785,-71.1052,2,2.50174E+14
18059972,08/10/2018 14:18,Day Shift (8AM - 4PM),"HANSON ST & WASHINGTON ST Somerville, MA",DAYLIGHT,CLEAR,DRY,NONE,NO CONTROLS,NOT AT INTERSECTION,"TWO-WAY, NOT DIVIDED",HEAD ON,COLLISION WITH MOTOR VEHICLE IN TRAFFIC,ROADWAY,25,0,0,0,0,0,2,0,0,0,0,0,0,0,42.3785,-71.1052,2,2.50174E+14
19048948,26/08/2019 18:02,First Half (4PM - Midnight),"BEACON ST & DURHAM ST Somerville, MA",DAYLIGHT,CLOUDY,DRY,NONE,NO CONTROLS,T-INTERSECTION,"TWO-WAY, NOT DIVIDED",REAR-END,COLLISION WITH MOTOR VEHICLE IN TRAFFIC,ROADWAY,25,0,0,0,0,1,2,0,0,1,0,1,0,0,42.3789,-71.1072,2,2.50174E+14
22014794,20/03/2022 22:17,First Half (4PM - Midnight),"147 BEACON ST Somerville, MA",DARK - LIGHTED ROADWAY,CLEAR,DRY,NONE,NO CONTROLS,NOT AT INTERSECTION,"TWO-WAY, DIVIDED, UNPROTECTED MEDIAN",SINGLE VEHICLE CRASH,COLLISION WITH UTILITY POLE,UNKNOWN,25,0,0,0,0,0,2,0,0,0,0,0,0,0,42.3789,-71.1067,2,2.50174E+14
19045570,10/08/2019 10:27,Day Shift (8AM - 4PM),"BEACON ST & DURHAM ST Somerville, MA",DAYLIGHT,CLEAR,DRY,NONE,NO CONTROLS,NOT AT INTERSECTION,"TWO-WAY, NOT DIVIDED",ANGLE,COLLISION WITH MOTOR VEHICLE IN TRAFFIC,ROADWAY,25,0,0,1,0,0,1,0,0,1,0,1,0,0,42.3789,-71.1072,2,2.50174E+14
22071254,19/12/2022 08:19,Day Shift (8AM - 4PM),"BEACON ST & DURHAM ST Somerville, MA",DAYLIGHT,CLEAR,DRY,NONE,NO CONTROLS,T-INTERSECTION,"TWO-WAY, NOT DIVIDED",ANGLE,COLLISION WITH PEDALCYCLE,ROADWAY,25,0,0,0,0,1,2,0,0,1,0,1,0,0,42.3789,-71.1072,2,2.50174E+14
19048120,22/08/2019 20:26,First Half (4PM - Midnight),"415 WASHINGTON ST Somerville, MA",DARK - LIGHTED ROADWAY,CLEAR,DRY,WORK ZONE,NO CONTROLS,NOT AT INTERSECTION,"TWO-WAY, NOT DIVIDED",ANGLE,COLLISION WITH WORK ZONE MAINTENANCE EQUIPMENT,ROADSIDE,30,1,0,0,0,0,1,0,0,0,0,0,0,0,42.3784,-71.1069,2,2.50174E+14
20053923,06/11/2020 09:15,Day Shift (8AM - 4PM),"425 WASHINGTON ST Somerville, MA",DAYLIGHT,CLEAR,DRY,NONE,STOP SIGNS,T-INTERSECTION,"ONE-WAY, NOT DIVIDED",ANGLE,COLLISION WITH MOTOR VEHICLE IN TRAFFIC,ROADWAY,20,0,0,0,0,0,2,0,0,0,0,0,0,0,42.3783,-71.1066,2,2.50174E+14
19060989,23/10/2019 19:18,First Half (4PM - Midnight),"425 WASHINGTON ST Somerville, MA",DARK - LIGHTED ROADWAY,CLEAR,DRY,NONE,NO CONTROLS,NOT AT INTERSECTION,"TWO-WAY, NOT DIVIDED","SIDESWIPE, OPPOSITE DIRECTION",COLLISION WITH MOTOR VEHICLE IN TRAFFIC,ROADWAY,30,0,0,0,1,0,3,0,0,0,0,0,0,0,42.3783,-71.1066,2,2.50174E+14
19071896,20/12/2019 09:49,Day Shift (8AM - 4PM),"HIGHLAND AV & PRESCOTT ST Somerville, MA",DAYLIGHT,CLEAR,DRY,NONE,NO CONTROLS,T-INTERSECTION,"TWO-WAY, NOT DIVIDED",REAR-END,COLLISION WITH MOTOR VEHICLE IN TRAFFIC,ROADWAY,25,0,0,0,0,0,4,0,0,0,0,0,0,0,42.3865,-71.0978,3,2.50174E+14
23062590,28/10/2023 13:53,Day Shift (8AM - 4PM),"HIGHLAND AV & PRESCOTT ST Somerville, MA",DAYLIGHT,CLEAR,DRY,NONE,STOP SIGNS,T-INTERSECTION,"TWO-WAY, NOT DIVIDED",HEAD ON,COLLISION WITH MOTOR VEHICLE IN TRAFFIC,ROADWAY,25,0,0,0,1,0,3,0,0,0,0,0,0,0,42.3865,-71.0978,3,2.50174E+14
19027197,17/05/2019 20:14,First Half (4PM - Midnight),"NA & NA Somerville, MA",DARK - LIGHTED ROADWAY,CLOUDY,WET,NONE,NO CONTROLS,DRIVEWAY,"TWO-WAY, NOT DIVIDED",ANGLE,COLLISION WITH MOTOR VEHICLE IN TRAFFIC,ROADWAY,25,0,0,1,0,2,0,0,0,0,0,0,0,0,42.3867,-71.0984,3,2.50174E+14
21043183,19/08/2021 14:11,Day Shift (8AM - 4PM),"HIGHLAND AV & VINAL AV Somerville, MA",DAYLIGHT,CLOUDY,DRY,NONE,NO CONTROLS,T-INTERSECTION,"TWO-WAY, NOT DIVIDED",SINGLE VEHICLE CRASH,COLLISION WITH TREE,ROADSIDE,25,0,0,0,0,0,2,0,0,0,0,0,0,0,42.3859,-71.096,3,2.50174E+14
22040709,22/07/2022 12:02,Day Shift (8AM - 4PM),"HIGHLAND AV & PRESCOTT ST Somerville, MA",DAYLIGHT,CLEAR,DRY,NONE,STOP SIGNS,T-INTERSECTION,"TWO-WAY, NOT DIVIDED",ANGLE,COLLISION WITH MOTOR VEHICLE IN TRAFFIC,ROADWAY,25,0,0,0,1,0,1,0,0,0,0,0,0,0,42.3865,-71.0978,3,2.50174E+14
22070438,14/12/2022 17:38,First Half (4PM - Midnight),"3 BIKE PATH Somerville, MA",DARK - LIGHTED ROADWAY,CLEAR,DRY,NONE,YIELD SIGNS,FOUR WAY INTERSECTION,"TWO-WAY, DIVIDED, UNPROTECTED MEDIAN",SINGLE VEHICLE CRASH,COLLISION WITH PEDESTRIAN,ROADWAY,25,0,0,0,0,1,4,0,0,1,1,0,0,0,42.3867,-71.0984,3,2.50174E+14
23042293,27/07/2023 10:58,Day Shift (8AM - 4PM),"HIGHLAND AV & PRESCOTT ST Somerville, MA",DAYLIGHT,CLOUDY,DRY,NONE,NO CONTROLS,T-INTERSECTION,"TWO-WAY, NOT DIVIDED",SINGLE VEHICLE CRASH,COLLISION WITH LIGHT POLE OR OTHER POST/SUPPORT,ROADSIDE,25,1,0,0,0,0,2,0,0,0,0,0,0,0,42.3865,-71.0978,3,2.50174E+14
21058438,06/11/2021 08:54,Day Shift (8AM - 4PM),"MEDFORD ST & WALNUT ST Somerville, MA",DAYLIGHT,CLEAR,DRY,NONE,TRAFFIC CONTROL SIGNAL,FOUR WAY INTERSECTION,"TWO-WAY, NOT DIVIDED",HEAD ON,COLLISION WITH PARKED MOTOR VEHICLE,ROADSIDE,25,0,0,0,0,0,4,0,0,0,0,0,0,0,42.3858,-71.0937,3,2.50174E+14
19059357,16/10/2019 06:44,Last Half (Midnight - 8AM),"HIGHLAND AV & VINAL AV Somerville, MA",DAWN,CLEAR,DRY,NONE,NO CONTROLS,T-INTERSECTION,"TWO-WAY, DIVIDED, UNPROTECTED MEDIAN",HEAD ON,COLLISION WITH MOTOR VEHICLE IN TRAFFIC,ROADWAY,25,1,0,0,1,0,2,0,0,0,0,0,0,0,42.3859,-71.096,3,2.50174E+14
18064384,30/10/2018 14:17,Day Shift (8AM - 4PM),"SCHOOL ST & HIGHLAND AVE Somerville, MA",DAYLIGHT,CLEAR,DRY,NONE,NO CONTROLS,FOUR WAY INTERSECTION,"ONE-WAY, NOT DIVIDED",REAR-END,COLLISION WITH MOTOR VEHICLE IN TRAFFIC,ROADWAY,25,0,0,0,0,0,5,1,0,0,0,0,0,1,42.3868,-71.0987,3,2.50174E+14
22026178,12/05/2022 11:34,Day Shift (8AM - 4PM),"HIGHLAND AV & SCHOOL ST Somerville, MA",DAYLIGHT,CLEAR,DRY,NONE,TRAFFIC CONTROL SIGNAL,FOUR WAY INTERSECTION,"TWO-WAY, NOT DIVIDED",REAR-END,COLLISION WITH MOTOR VEHICLE IN TRAFFIC,ROADWAY,25,0,0,0,0,0,3,0,0,0,0,0,0,0,42.3868,-71.0987,3,2.50174E+14
18058751,02/10/2018 07:40,Last Half (Midnight - 8AM),"81 HIGHLAND AV Somerville, MA",DAYLIGHT,RAIN,WET,WORK ZONE,NO CONTROLS,NOT AT INTERSECTION,"TWO-WAY, NOT DIVIDED",HEAD ON,COLLISION WITH UNKNOWN FIXED OBJECT,ROADWAY,10,1,0,0,0,0,2,0,0,0,0,0,0,0,42.3869,-71.096,3,2.50174E+14
21041437,10/08/2021 06:28,Last Half (Midnight - 8AM),"3 BIKE PATH Somerville, MA",DAYLIGHT,RAIN,WET,NONE,YIELD SIGNS,NOT AT INTERSECTION,"TWO-WAY, DIVIDED, POSITIVE MEDIAN BARRIER",UNKNOWN,COLLISION WITH PEDESTRIAN,UNKNOWN,20,0,0,0,0,0,2,0,0,1,1,0,0,0,42.3867,-71.0984,3,2.50174E+14
19058224,10/10/2019 09:46,Day Shift (8AM - 4PM),"27 HIGHLAND AV Somerville, MA",DAYLIGHT,RAIN,WET,NONE,TRAFFIC CONTROL SIGNAL,FOUR WAY INTERSECTION,"TWO-WAY, NOT DIVIDED",SINGLE VEHICLE CRASH,COLLISION WITH PEDESTRIAN,ROADWAY,25,0,0,0,0,1,1,0,0,1,1,0,0,0,42.3852,-71.0942,3,2.50174E+14
20036862,29/07/2020 05:34,Last Half (Midnight - 8AM),"HIGHLAND AVE & PRESCOTT ST Somerville, MA",DAWN,CLEAR,DRY,NONE,NO CONTROLS,NOT AT INTERSECTION,"TWO-WAY, NOT DIVIDED",ANGLE,COLLISION WITH MOTOR VEHICLE IN TRAFFIC,ROADWAY,25,0,0,0,0,0,2,1,0,0,0,0,0,0,42.3865,-71.0978,3,2.50174E+14
21032786,29/06/2021 06:55,Last Half (Midnight - 8AM),"81 HIGHLAND AV Somerville, MA",DAYLIGHT,CLEAR,DRY,NONE,NO CONTROLS,NOT AT INTERSECTION,"TWO-WAY, NOT DIVIDED","SIDESWIPE, OPPOSITE DIRECTION",COLLISION WITH MOTOR VEHICLE IN TRAFFIC,ROADWAY,20,0,0,0,0,0,3,0,0,0,0,0,0,0,42.3869,-71.096,3,2.50174E+14
22060147,20/10/2022 10:24,Day Shift (8AM - 4PM),"HIGHLAND AV & VINAL AV Somerville, MA",DAYLIGHT,CLOUDY,DRY,NONE,NO CONTROLS,T-INTERSECTION,"TWO-WAY, NOT DIVIDED",ANGLE,COLLISION WITH MOTOR VEHICLE IN TRAFFIC,ROADWAY,25,0,0,0,0,0,3,0,0,0,0,0,0,0,42.3859,-71.096,3,2.50174E+14
18031796,29/05/2018 08:06,Day Shift (8AM - 4PM),"HIGHLAND AV & VINAL AV Somerville, MA",DAYLIGHT,CLEAR,DRY,NONE,NO CONTROLS,FOUR WAY INTERSECTION,"TWO-WAY, NOT DIVIDED",SINGLE VEHICLE CRASH,COLLISION WITH PEDALCYCLE,ROADWAY,25,0,0,0,1,0,1,0,0,1,0,1,0,0,42.3859,-71.096,3,2.50174E+14
20046769,29/09/2020 12:21,Day Shift (8AM - 4PM),"MEDFORD ST & WALNUT ST Somerville, MA",DAYLIGHT,CLEAR,DRY,NONE,FLASHING TRAFIC CONTROL SIGNAL,FOUR WAY INTERSECTION,"ONE-WAY, NOT DIVIDED",SINGLE VEHICLE CRASH,COLLISION WITH LIGHT POLE OR OTHER POST/SUPPORT,ROADSIDE,25,1,0,0,0,0,2,0,0,0,0,0,0,0,42.3858,-71.0937,3,2.50174E+14
18025865,02/05/2018 10:23,Day Shift (8AM - 4PM),"NA & NA Somerville, MA",DAYLIGHT,CLEAR,DRY,NONE,NO CONTROLS,NOT AT INTERSECTION,"TWO-WAY, DIVIDED, UNPROTECTED MEDIAN","SIDESWIPE, SAME DIRECTION",COLLISION WITH PARKED MOTOR VEHICLE,ROADWAY,25,0,0,0,0,0,2,0,0,0,0,0,0,0,42.3867,-71.0984,3,2.50174E+14
24015531,19/03/2024 21:47,First Half (4PM - Midnight),"NA NA Somerville, MA",DARK - ROADWAY NOT LIGHTED,CLEAR,DRY,NONE,NO CONTROLS,UNKNOWN,"TWO-WAY, NOT DIVIDED","SIDESWIPE, SAME DIRECTION",COLLISION WITH MOTOR VEHICLE IN TRAFFIC,ROADWAY,25,0,0,0,0,0,3,0,0,0,0,0,0,0,42.3867,-71.0984,3,2.50174E+14
20028568,05/06/2020 14:27,Day Shift (8AM - 4PM),"93 HIGHLAND AV Somerville, MA",DAYLIGHT,CLEAR,DRY,NONE,NO CONTROLS,NOT AT INTERSECTION,"TWO-WAY, NOT DIVIDED","SIDESWIPE, SAME DIRECTION",COLLISION WITH PARKED MOTOR VEHICLE,ROADSIDE,25,1,0,0,0,0,3,0,0,0,0,0,0,0,42.3872,-71.0982,3,2.50174E+14
23027536,19/05/2023 06:40,Last Half (Midnight - 8AM),"630 SOE AV Somerville, MA",DAYLIGHT,CLEAR,DRY,UNKNOWN,UNKNOWN,DRIVEWAY,UNKNOWN,"SIDESWIPE, SAME DIRECTION",COLLISION WITH MOTOR VEHICLE IN TRAFFIC,ROADWAY,35,0,0,0,0,0,2,0,0,0,0,0,0,0,42.3867,-71.0984,3,2.50174E+14
19065945,18/11/2019 13:20,Day Shift (8AM - 4PM),"81 HIGHLAND AVE Somerville, MA",DAYLIGHT,RAIN,WET,NONE,NO CONTROLS,NOT AT INTERSECTION,UNKNOWN,"SIDESWIPE, SAME DIRECTION",COLLISION WITH PARKED MOTOR VEHICLE,UNKNOWN,20,1,0,0,0,0,3,0,0,0,0,0,0,0,42.3869,-71.096,3,2.50174E+14
19059397,16/10/2019 09:44,Day Shift (8AM - 4PM),"16 RYAN RD Somerville, MA",DAYLIGHT,CLEAR,DRY,NONE,NO CONTROLS,NOT AT INTERSECTION,"TWO-WAY, NOT DIVIDED","SIDESWIPE, SAME DIRECTION",COLLISION WITH MOTOR VEHICLE IN TRAFFIC,ROADWAY,25,0,0,0,0,0,2,0,0,0,0,0,0,0,42.3867,-71.0984,3,2.50174E+14
21047221,09/09/2021 14:28,Day Shift (8AM - 4PM),"HIGHLAND AV & PRESCOTT ST Somerville, MA",DAYLIGHT,RAIN,WET,UNKNOWN,STOP SIGNS,T-INTERSECTION,"TWO-WAY, NOT DIVIDED",ANGLE,COLLISION WITH MOTOR VEHICLE IN TRAFFIC,ROADWAY,25,0,0,0,0,0,3,0,0,0,0,0,0,0,42.3865,-71.0978,3,2.50174E+14
22011828,07/03/2022 08:21,Day Shift (8AM - 4PM),"HIGHLAND AV & SCHOOL ST Somerville, MA",DAYLIGHT,CLOUDY,DRY,NONE,TRAFFIC CONTROL SIGNAL,FOUR WAY INTERSECTION,"TWO-WAY, NOT DIVIDED",SINGLE VEHICLE CRASH,COLLISION WITH LIGHT POLE OR OTHER POST/SUPPORT,OUTSIDE ROADWAY,25,0,0,0,0,0,2,0,0,0,0,0,0,0,42.3868,-71.0987,3,2.50174E+14
20008499,14/02/2020 09:16,Day Shift (8AM - 4PM),"MEDFORD ST & WALNUT ST Somerville, MA",DAYLIGHT,CLEAR,DRY,NONE,FLASHING TRAFIC CONTROL SIGNAL,FOUR WAY INTERSECTION,"TWO-WAY, NOT DIVIDED",REAR-END,COLLISION WITH LIGHT POLE OR OTHER POST/SUPPORT,ROADSIDE,25,1,0,0,0,0,2,0,0,0,0,0,0,0,42.3858,-71.0937,3,2.50174E+14
19064209,09/11/2019 10:49,Day Shift (8AM - 4PM),"18 RYAN RD Somerville, MA",DAYLIGHT,CLEAR,DRY,NONE,NO CONTROLS,NOT AT INTERSECTION,"TWO-WAY, NOT DIVIDED","SIDESWIPE, SAME DIRECTION",COLLISION WITH PARKED MOTOR VEHICLE,ROADWAY,25,1,0,0,0,0,4,0,0,1,0,0,1,0,42.3867,-71.0984,3,2.50174E+14
23023062,28/04/2023 15:39,Day Shift (8AM - 4PM),"4 BIKE PATH Somerville, MA",DAYLIGHT,CLEAR,DRY,NONE,NO CONTROLS,FOUR WAY INTERSECTION,"TWO-WAY, NOT DIVIDED",REAR-END,COLLISION WITH MOTOR VEHICLE IN TRAFFIC,ROADWAY,25,0,0,0,0,0,2,0,0,0,0,0,0,0,42.3867,-71.0984,3,2.50174E+14
20053960,06/11/2020 13:28,Day Shift (8AM - 4PM),"HIGHLAND AV & VINAL AV Somerville, MA",DAYLIGHT,CLEAR,DRY,NONE,NO CONTROLS,T-INTERSECTION,"TWO-WAY, NOT DIVIDED","SIDESWIPE, SAME DIRECTION",COLLISION WITH MOTOR VEHICLE IN TRAFFIC,ROADWAY,25,1,0,0,0,0,3,0,0,0,0,0,0,0,42.3859,-71.096,3,2.50174E+14
18054308,11/09/2018 07:25,Last Half (Midnight - 8AM),"MADISON ST & SCHOOL ST Somerville, MA",DAYLIGHT,CLEAR,DRY,NONE,NO CONTROLS,T-INTERSECTION,"TWO-WAY, NOT DIVIDED",REAR-END,COLLISION WITH MOTOR VEHICLE IN TRAFFIC,ROADWAY,25,0,0,0,0,0,2,0,0,0,0,0,0,0,42.3876,-71.0982,3,2.50174E+14
22072231,24/12/2022 09:06,Day Shift (8AM - 4PM),"MEDFORD ST & WALNUT ST Somerville, MA",DAYLIGHT,CLEAR,DRY,TRAFFIC CONTROL DEVICE,TRAFFIC CONTROL SIGNAL,FOUR WAY INTERSECTION,"ONE-WAY, NOT DIVIDED",ANGLE,COLLISION WITH MOTOR VEHICLE IN TRAFFIC,ROADWAY,20,0,0,0,0,0,3,0,0,0,0,0,0,0,42.3858,-71.0937,3,2.50174E+14
18047688,11/08/2018 05:54,Last Half (Midnight - 8AM),"HIGHLAND AV & SCHOOL ST Somerville, MA",DAWN,CLEAR,DRY,NONE,STOP SIGNS,T-INTERSECTION,"ONE-WAY, NOT DIVIDED",ANGLE,COLLISION WITH PARKED MOTOR VEHICLE,ROADWAY,20,0,0,0,0,0,3,0,0,0,0,0,0,0,42.3868,-71.0987,3,2.50174E+14
21022487,05/05/2021 21:22,First Half (4PM - Midnight),"HIGHLAND AV & PRESCOTT ST Somerville, MA",DARK - LIGHTED ROADWAY,RAIN,WET,OTHER,STOP SIGNS,T-INTERSECTION,"TWO-WAY, DIVIDED, UNPROTECTED MEDIAN",ANGLE,COLLISION WITH MOTOR VEHICLE IN TRAFFIC,ROADWAY,25,0,0,0,1,0,3,0,0,0,0,0,0,0,42.3865,-71.0978,3,2.50174E+14
21009050,21/02/2021 02:26,Last Half (Midnight - 8AM),"311 MEDFORD ST Somerville, MA",DARK - LIGHTED ROADWAY,CLEAR,DRY,NONE,FLASHING TRAFIC CONTROL SIGNAL,NOT AT INTERSECTION,"TWO-WAY, NOT DIVIDED",SINGLE VEHICLE CRASH,OTHER,OUTSIDE ROADWAY,25,1,0,0,0,1,0,0,0,0,0,0,0,0,42.3865,-71.0942,4,2.50174E+14
23068822,30/11/2023 11:09,Day Shift (8AM - 4PM),"305 MEDFORD ST Somerville, MA",DAYLIGHT,CLEAR,DRY,NONE,NO CONTROLS,NOT AT INTERSECTION,"TWO-WAY, NOT DIVIDED","SIDESWIPE, SAME DIRECTION",COLLISION WITH MOTOR VEHICLE IN TRAFFIC,ROADWAY,25,0,0,0,0,0,3,0,0,0,0,0,0,0,42.3863,-71.0939,4,2.50174E+14
23068454,28/11/2023 14:43,Day Shift (8AM - 4PM),"301 MEDFORD STREET Somerville, MA",DAYLIGHT,CLEAR,DRY,NONE,NO CONTROLS,NOT AT INTERSECTION,"TWO-WAY, NOT DIVIDED",SINGLE VEHICLE CRASH,COLLISION WITH PEDESTRIAN,ROADWAY,20,0,0,0,1,0,1,0,0,1,1,0,0,0,42.3861,-71.0938,4,2.50174E+14
19015380,20/03/2019 10:20,Day Shift (8AM - 4PM),"311 MEDFORD ST Somerville, MA",DAYLIGHT,CLEAR,DRY,NONE,NO CONTROLS,NOT AT INTERSECTION,"TWO-WAY, DIVIDED, UNPROTECTED MEDIAN",REAR-END,COLLISION WITH MOTOR VEHICLE IN TRAFFIC,ROADWAY,20,1,0,0,0,0,3,0,0,0,0,0,0,0,42.3865,-71.0942,4,2.50174E+14
20032514,30/06/2020 01:05,Last Half (Midnight - 8AM),"311 MEDFORD ST Somerville, MA",DARK - LIGHTED ROADWAY,CLEAR,DRY,WORK ZONE,WARNING SIGNS,NOT AT INTERSECTION,"TWO-WAY, NOT DIVIDED",SINGLE VEHICLE CRASH,OTHER,ROADSIDE,25,1,0,1,0,0,1,0,0,0,0,0,0,0,42.3865,-71.0942,4,2.50174E+14
23038496,10/07/2023 08:28,Day Shift (8AM - 4PM),"67 PUTNAM ST Somerville, MA",DAYLIGHT,RAIN,WET,NONE,NO CONTROLS,NOT AT INTERSECTION,"TWO-WAY, NOT DIVIDED",ANGLE,COLLISION WITH MOTOR VEHICLE IN TRAFFIC,ROADWAY,25,0,0,0,0,1,2,0,0,0,0,0,0,0,42.3859,-71.0968,3,2.50174E+14
21015505,27/03/2021 05:34,Last Half (Midnight - 8AM),"29 PUTNAM ST Somerville, MA",DARK - LIGHTED ROADWAY,CLEAR,DRY,NONE,NO CONTROLS,NOT AT INTERSECTION,"TWO-WAY, NOT DIVIDED",REAR TO REAR,COLLISION WITH MOTOR VEHICLE IN TRAFFIC,OUTSIDE ROADWAY,20,0,0,0,0,0,4,0,0,0,0,0,0,0,42.3842,-71.098,3,2.50174E+14
24001603,09/01/2024 23:29,First Half (4PM - Midnight),"11 PUTNAM ST Somerville, MA",DARK - LIGHTED ROADWAY,RAIN,WET,UNKNOWN,NO CONTROLS,NOT AT INTERSECTION,"TWO-WAY, NOT DIVIDED",REAR-END,COLLISION WITH PARKED MOTOR VEHICLE,SHOULDER - PAVED,25,0,0,0,0,0,1,0,0,0,0,0,0,0,42.3835,-71.0985,3,2.50174E+14