Crash Number,Date and Time of Crash,Police Shift,Crash Location,Light Conditions,Weather Conditions,Road Surface,Road Contributing Circumstances,Traffic Control Device Type,Roadway Intersection Type,Trafficway Description,Manner of Collision,First Harmful Event,First Harmful Event Location,Speed Limit,Work Zone,Count Fatal Injury ,Count Suspected Serious Injury,Count Suspected Minor Injury ,Count Possible Injury,Count No Apparent Injury,Count Unknown Injury,Count Not Reported Injury,Total Non-Motorists,Pedestrian Involvement (Non-Motorist),Cyclist Involvement (Non-Motorist),Other Non-Motorist Involvement,Hit and Run Flag,Latitude,Longitude,Ward,Block Code 
19070215,11/12/2019 11:58,Day Shift (8AM - 4PM),"82 HIGHLAND AV Somerville, MA",DAYLIGHT,CLEAR,WET,NONE,STOP SIGNS,T-INTERSECTION,"TWO-WAY, NOT DIVIDED",ANGLE,COLLISION WITH MOTOR VEHICLE IN TRAFFIC,ROADWAY,25,0,0,0,1,0,3,0,0,0,0,0,0,0,42.3863,-71.0977,3,2.50174E+14
18053313,06/09/2018 12:02,Day Shift (8AM - 4PM),"9 PRESCOTT ST Somerville, MA",DAYLIGHT,CLEAR,DRY,NONE,NO CONTROLS,NOT AT INTERSECTION,"TWO-WAY, NOT DIVIDED",REAR-END,COLLISION WITH PARKED MOTOR VEHICLE,ROADSIDE,30,0,0,0,0,0,3,0,0,0,0,0,0,0,42.3839,-71.0993,3,2.50174E+14
21011577,06/03/2021 11:53,Day Shift (8AM - 4PM),"82 HIGHLAND AV Somerville, MA",DAYLIGHT,CLEAR,DRY,NONE,STOP SIGNS,UNKNOWN,"TWO-WAY, DIVIDED, UNPROTECTED MEDIAN",UNKNOWN,COLLISION WITH MOTOR VEHICLE IN TRAFFIC,UNKNOWN,20,0,0,0,0,0,4,0,0,0,0,0,0,0,42.3863,-71.0977,3,2.50174E+14
20008187,12/02/2020 23:37,First Half (4PM - Midnight),"39 PRESCOTT ST Somerville, MA",DARK - LIGHTED ROADWAY,CLEAR,DRY,NONE,NO CONTROLS,NOT AT INTERSECTION,"TWO-WAY, NOT DIVIDED","SIDESWIPE, SAME DIRECTION",COLLISION WITH PARKED MOTOR VEHICLE,ROADWAY,20,0,0,0,0,0,2,0,0,0,0,0,0,0,42.385,-71.0985,3,2.50174E+14
21065047,18/12/2021 09:10,Day Shift (8AM - 4PM),"35 PRESCOTT ST Somerville, MA",DAYLIGHT,CLEAR,DRY,OTHER,NO CONTROLS,NOT AT INTERSECTION,"TWO-WAY, NOT DIVIDED","SIDESWIPE, SAME DIRECTION",COLLISION WITH PARKED MOTOR VEHICLE,ROADWAY,25,0,0,0,0,0,3,0,0,0,0,0,0,0,42.3849,-71.0987,3,2.50174E+14
20024302,11/05/2020 16:30,First Half (4PM - Midnight),"93 SCHOOL ST Somerville, MA",DAYLIGHT,CLEAR,DRY,UNKNOWN,NO CONTROLS,NOT AT INTERSECTION,UNKNOWN,SINGLE VEHICLE CRASH,COLLISION WITH LIGHT POLE OR OTHER POST/SUPPORT,OUTSIDE ROADWAY,10,0,0,0,0,0,1,0,0,0,0,0,0,0,42.3854,-71.0991,3,2.50174E+14
23059805,16/10/2023 11:44,Day Shift (8AM - 4PM),"BERKELEY ST & SCHOOL ST Somerville, MA",DAYLIGHT,CLOUDY,DRY,NONE,STOP SIGNS,T-INTERSECTION,"ONE-WAY, NOT DIVIDED","SIDESWIPE, SAME DIRECTION",COLLISION WITH PARKED MOTOR VEHICLE,ROADSIDE,25,1,0,0,0,0,3,0,0,0,0,0,0,0,42.3855,-71.0996,3,2.50174E+14
21050882,27/09/2021 08:44,Day Shift (8AM - 4PM),"BERKELEY ST & SCHOOL ST Somerville, MA",DAYLIGHT,CLEAR,DRY,NONE,NO CONTROLS,T-INTERSECTION,"ONE-WAY, NOT DIVIDED","SIDESWIPE, SAME DIRECTION",COLLISION WITH PARKED MOTOR VEHICLE,ROADWAY,25,0,0,0,0,0,1,0,0,0,0,0,0,0,42.3855,-71.0996,3,2.50174E+14
19007054,08/02/2019 07:48,Last Half (Midnight - 8AM),"BERKELEY ST & SCHOOL ST Somerville, MA",DAYLIGHT,CLOUDY,WET,NONE,NO CONTROLS,T-INTERSECTION,"ONE-WAY, NOT DIVIDED",ANGLE,COLLISION WITH LIGHT POLE OR OTHER POST/SUPPORT,ROADWAY,20,0,0,0,0,0,3,0,0,0,0,0,0,1,42.3855,-71.0996,3,2.50174E+14
23011747,06/03/2023 09:59,Day Shift (8AM - 4PM),"SCHOOL ST & BERKELEY ST Somerville, MA",DAYLIGHT,CLEAR,DRY,NONE,NO CONTROLS,T-INTERSECTION,"ONE-WAY, NOT DIVIDED","SIDESWIPE, SAME DIRECTION",COLLISION WITH PARKED MOTOR VEHICLE,ROADSIDE,20,0,0,0,0,0,3,0,0,0,0,0,0,0,42.3855,-71.0996,3,2.50174E+14
21064069,12/12/2021 01:30,Last Half (Midnight - 8AM),"66 WALNUT ST Somerville, MA",DARK - LIGHTED ROADWAY,RAIN,WET,NONE,NO CONTROLS,NOT AT INTERSECTION,"ONE-WAY, NOT DIVIDED",ANGLE,COLLISION WITH PARKED MOTOR VEHICLE,ROADWAY,20,0,0,0,1,0,2,0,0,0,0,0,0,0,42.3845,-71.0949,3,2.50174E+14
23009677,22/02/2023 07:29,Last Half (Midnight - 8AM),"34 HIGHLAND AV Somerville, MA",DAYLIGHT,CLEAR,DRY,NONE,NO CONTROLS,NOT AT INTERSECTION,"TWO-WAY, NOT DIVIDED",REAR-END,COLLISION WITH MOTOR VEHICLE IN TRAFFIC,ROADWAY,25,0,0,0,0,1,1,0,0,0,0,0,0,0,42.3851,-71.0947,3,2.50174E+14
21007677,11/02/2021 22:13,First Half (4PM - Midnight),"48 HIGHLAND AV Somerville, MA",DARK - LIGHTED ROADWAY,CLEAR,DRY,NONE,NO CONTROLS,NOT AT INTERSECTION,"TWO-WAY, NOT DIVIDED","SIDESWIPE, SAME DIRECTION",COLLISION WITH MOTOR VEHICLE IN TRAFFIC,ROADWAY,25,0,0,0,0,0,3,0,0,0,0,0,0,0,42.3854,-71.0954,3,2.50174E+14
21005653,30/01/2021 07:36,Last Half (Midnight - 8AM),"62 HIGHLAND AV Somerville, MA",DAYLIGHT,CLEAR,DRY,NONE,NO CONTROLS,NOT AT INTERSECTION,"TWO-WAY, NOT DIVIDED",REAR-END,COLLISION WITH PARKED MOTOR VEHICLE,ROADSIDE,25,0,0,0,0,0,3,0,0,0,0,0,0,0,42.3856,-71.0959,3,2.50174E+14
18073800,15/12/2018 15:01,Day Shift (8AM - 4PM),"40 HIGHLAND AVE Somerville, MA",DAYLIGHT,CLEAR,DRY,NONE,NO CONTROLS,NOT AT INTERSECTION,"TWO-WAY, DIVIDED, UNPROTECTED MEDIAN",REAR-END,COLLISION WITH MOTOR VEHICLE IN TRAFFIC,ROADWAY,25,0,0,0,0,0,3,0,0,0,0,0,0,0,42.3852,-71.0949,3,2.50174E+14
19059815,17/10/2019 23:07,First Half (4PM - Midnight),"58 WALNUT ST Somerville, MA",DARK - LIGHTED ROADWAY,CLOUDY,WET,NONE,NO CONTROLS,NOT AT INTERSECTION,"ONE-WAY, NOT DIVIDED","SIDESWIPE, SAME DIRECTION",COLLISION WITH PARKED MOTOR VEHICLE,SHOULDER - PAVED,25,0,0,0,0,0,3,1,0,0,0,0,0,0,42.384,-71.0952,3,2.50174E+14
21047934,13/09/2021 09:49,Day Shift (8AM - 4PM),"11 SUMMIT AV Somerville, MA",DAYLIGHT,CLEAR,DRY,NONE,NO CONTROLS,NOT AT INTERSECTION,"TWO-WAY, NOT DIVIDED",SINGLE VEHICLE CRASH,COLLISION WITH TREE,ROADWAY,25,0,0,0,0,0,4,0,0,0,0,0,0,0,42.384,-71.0958,3,2.50174E+14
19018371,04/04/2019 05:02,Last Half (Midnight - 8AM),"58 WALNUT ST Somerville, MA",DARK - LIGHTED ROADWAY,CLEAR,DRY,NONE,NO CONTROLS,NOT AT INTERSECTION,"ONE-WAY, NOT DIVIDED","SIDESWIPE, OPPOSITE DIRECTION",COLLISION WITH PARKED MOTOR VEHICLE,ROADSIDE,25,0,0,0,0,0,4,0,0,0,0,0,0,1,42.384,-71.0952,3,2.50174E+14
19013543,12/03/2019 08:52,Day Shift (8AM - 4PM),"26 SUMMIT AVE Somerville, MA",DAYLIGHT,CLEAR,ICE,NONE,NO CONTROLS,NOT AT INTERSECTION,"TWO-WAY, NOT DIVIDED",ANGLE,COLLISION WITH MOTOR VEHICLE IN TRAFFIC,ROADWAY,20,0,0,0,0,1,2,0,0,0,0,0,0,0,42.3839,-71.0967,3,2.50174E+14
19058765,13/10/2019 02:10,Last Half (Midnight - 8AM),"42 WALNUT ST Somerville, MA",DARK - LIGHTED ROADWAY,CLOUDY,DRY,NONE,NO CONTROLS,NOT AT INTERSECTION,"ONE-WAY, NOT DIVIDED",ANGLE,COLLISION WITH PARKED MOTOR VEHICLE,ROADWAY,20,0,0,0,0,0,1,0,0,0,0,0,0,0,42.3832,-71.0958,3,2.50174E+14
20039705,16/08/2020 01:26,Last Half (Midnight - 8AM),"13 VINAL AV Somerville, MA",DARK - LIGHTED ROADWAY,CLEAR,DRY,NONE,NO CONTROLS,NOT AT INTERSECTION,"ONE-WAY, NOT DIVIDED",UNKNOWN,COLLISION WITH PARKED MOTOR VEHICLE,ROADWAY,25,0,0,0,0,0,1,3,0,0,0,0,0,0,42.3828,-71.0978,3,2.50174E+14
22008104,17/02/2022 10:07,Day Shift (8AM - 4PM),"4 WALNUT ST Somerville, MA",DAYLIGHT,CLEAR,DRY,NONE,NO CONTROLS,NOT AT INTERSECTION,"ONE-WAY, NOT DIVIDED","SIDESWIPE, SAME DIRECTION",COLLISION WITH MOTOR VEHICLE IN TRAFFIC,ROADWAY,15,0,0,0,0,0,1,0,0,0,0,0,0,1,42.3813,-71.0971,3,2.50174E+14
21003854,20/01/2021 15:47,Day Shift (8AM - 4PM),"29 BOW ST Somerville, MA",DAYLIGHT,CLEAR,DRY,NONE,NO CONTROLS,NOT AT INTERSECTION,"ONE-WAY, NOT DIVIDED",REAR-END,COLLISION WITH MOTOR VEHICLE IN TRAFFIC,ROADWAY,25,0,0,0,0,0,3,0,0,0,0,0,0,0,42.3815,-71.0973,3,2.50174E+14
22029977,29/05/2022 11:36,Day Shift (8AM - 4PM),"26 WALNUT STREET Somerville, MA",DAYLIGHT,CLEAR,DRY,NONE,NO CONTROLS,NOT AT INTERSECTION,"ONE-WAY, NOT DIVIDED","SIDESWIPE, SAME DIRECTION",COLLISION WITH PEDALCYCLE,ROADWAY,20,0,0,0,1,0,1,0,0,1,0,1,0,0,42.3824,-71.0963,3,2.50174E+14
21006468,04/02/2021 09:11,Day Shift (8AM - 4PM),"8 WALNUT ST Somerville, MA",DAYLIGHT,CLOUDY,WET,NONE,NO CONTROLS,NOT AT INTERSECTION,"ONE-WAY, NOT DIVIDED","SIDESWIPE, SAME DIRECTION",COLLISION WITH PARKED MOTOR VEHICLE,ROADSIDE,25,0,0,0,0,0,3,0,0,0,0,0,0,0,42.3815,-71.097,3,2.50174E+14
19011819,04/03/2019 06:34,Last Half (Midnight - 8AM),"22 ALDERSEY ST Somerville, MA",DAYLIGHT,SNOW,SNOW,ROAD SURFACE CONDITION,NO CONTROLS,NOT AT INTERSECTION,"TWO-WAY, NOT DIVIDED",ANGLE,COLLISION WITH PARKED MOTOR VEHICLE,ROADSIDE,25,0,0,0,0,0,4,0,0,0,0,0,0,0,42.3834,-71.0974,3,2.50174E+14
20001551,10/01/2020 14:47,Day Shift (8AM - 4PM),"255 MEDFORD ST Somerville, MA",DAYLIGHT,CLEAR,DRY,NONE,NO CONTROLS,NOT AT INTERSECTION,"TWO-WAY, DIVIDED, UNPROTECTED MEDIAN",REAR-END,UNKNOWN,UNKNOWN,25,0,0,0,0,1,1,0,0,0,0,0,0,0,42.3841,-71.0918,3,2.50174E+14
19023187,27/04/2019 20:35,First Half (4PM - Midnight),"265 MEDFORD ST Somerville, MA",DARK - LIGHTED ROADWAY,CLEAR,DRY,NONE,NO CONTROLS,NOT AT INTERSECTION,"TWO-WAY, DIVIDED, POSITIVE MEDIAN BARRIER",REAR-END,COLLISION WITH MOTOR VEHICLE IN TRAFFIC,ROADWAY,20,0,0,0,0,1,2,0,0,0,0,0,0,0,42.3844,-71.092,3,2.50174E+14
22050935,09/09/2022 05:36,Last Half (Midnight - 8AM),"255 MEDFORD ST Somerville, MA",DAWN,CLEAR,DRY,UNKNOWN,NO CONTROLS,NOT AT INTERSECTION,"TWO-WAY, DIVIDED, POSITIVE MEDIAN BARRIER",UNKNOWN,COLLISION WITH MOTOR VEHICLE IN TRAFFIC,ROADWAY,30,0,0,0,0,0,2,0,0,0,0,0,0,0,42.3841,-71.0918,3,2.50174E+14
19036735,29/06/2019 16:13,First Half (4PM - Midnight),"HIGHLAND AV & WALNUT ST Somerville, MA",DAYLIGHT,RAIN,WET,NONE,TRAFFIC CONTROL SIGNAL,FOUR WAY INTERSECTION,"TWO-WAY, NOT DIVIDED",ANGLE,COLLISION WITH PEDALCYCLE,ROADWAY,25,0,0,0,1,0,1,0,0,1,0,1,0,0,42.3851,-71.0942,3,2.50174E+14
23068062,26/11/2023 11:56,Day Shift (8AM - 4PM),"HIGHLAND AV & MEDFORD ST Somerville, MA",DAYLIGHT,CLEAR,DRY,NONE,TRAFFIC CONTROL SIGNAL,Y-INTERSECTION,"TWO-WAY, DIVIDED, UNPROTECTED MEDIAN",SINGLE VEHICLE CRASH,COLLISION WITH PEDALCYCLE,ROADWAY,20,0,0,0,1,0,2,0,0,1,0,1,0,0,42.3846,-71.0927,3,2.50174E+14
20054156,07/11/2020 18:10,First Half (4PM - Midnight),"HIGHLAND AV & WALNUT ST Somerville, MA",DARK - LIGHTED ROADWAY,CLEAR,DRY,NONE,TRAFFIC CONTROL SIGNAL,FOUR WAY INTERSECTION,"TWO-WAY, DIVIDED, UNPROTECTED MEDIAN",HEAD ON,COLLISION WITH MOTOR VEHICLE IN TRAFFIC,ROADWAY,25,0,0,0,0,0,5,0,0,0,0,0,0,0,42.3851,-71.0942,3,2.50174E+14
20016642,27/03/2020 16:09,First Half (4PM - Midnight),"HIGHLAND AV & WALNUT ST Somerville, MA",DAYLIGHT,CLEAR,DRY,NONE,TRAFFIC CONTROL SIGNAL,T-INTERSECTION,"TWO-WAY, DIVIDED, UNPROTECTED MEDIAN",REAR-END,COLLISION WITH PARKED MOTOR VEHICLE,ROADSIDE,30,0,0,0,0,0,2,0,0,0,0,0,0,0,42.3851,-71.0942,3,2.50174E+14
23049124,28/08/2023 17:13,First Half (4PM - Midnight),"HAMLET ST & HIGHLAND AV Somerville, MA",DAYLIGHT,CLEAR,DRY,NONE,TRAFFIC CONTROL SIGNAL,T-INTERSECTION,"TWO-WAY, DIVIDED, POSITIVE MEDIAN BARRIER","SIDESWIPE, OPPOSITE DIRECTION",COLLISION WITH MOTOR VEHICLE IN TRAFFIC,ROADWAY,25,0,0,0,0,1,3,0,0,0,0,0,0,0,42.3846,-71.0927,3,2.50174E+14
19015899,22/03/2019 19:04,First Half (4PM - Midnight),"25 HIGHLAND AV Somerville, MA",DARK - LIGHTED ROADWAY,RAIN,WET,NONE,TRAFFIC CONTROL SIGNAL,FOUR WAY INTERSECTION,"TWO-WAY, DIVIDED, UNPROTECTED MEDIAN","SIDESWIPE, SAME DIRECTION",COLLISION WITH MOTOR VEHICLE IN TRAFFIC,ROADWAY,30,0,0,0,0,0,1,1,0,0,0,0,0,1,42.3853,-71.0936,3,2.50174E+14
19051312,06/09/2019 11:06,Day Shift (8AM - 4PM),"91 WALNUT ST Somerville, MA",DAYLIGHT,CLOUDY,DRY,NONE,NO CONTROLS,NOT AT INTERSECTION,"ONE-WAY, NOT DIVIDED",REAR TO REAR,COLLISION WITH PARKED MOTOR VEHICLE,ROADWAY,25,0,0,0,0,0,3,0,0,0,0,0,0,0,42.3857,-71.0937,3,2.50174E+14
21041784,11/08/2021 21:49,First Half (4PM - Midnight),"11 HIGHLAND AV Somerville, MA",DARK - LIGHTED ROADWAY,CLEAR,DRY,NONE,TRAFFIC CONTROL SIGNAL,NOT AT INTERSECTION,"TWO-WAY, NOT DIVIDED","SIDESWIPE, SAME DIRECTION",COLLISION WITH PARKED MOTOR VEHICLE,ROADWAY,30,0,0,0,1,0,1,0,0,0,0,0,0,0,42.3848,-71.093,3,2.50174E+14
20022054,28/04/2020 16:14,First Half (4PM - Midnight),"HIGHLAND AV & WALNUT ST Somerville, MA",DAYLIGHT,CLEAR,DRY,NONE,TRAFFIC CONTROL SIGNAL,T-INTERSECTION,"TWO-WAY, DIVIDED, UNPROTECTED MEDIAN",ANGLE,COLLISION WITH MOTOR VEHICLE IN TRAFFIC,UNKNOWN,25,0,0,0,0,0,3,0,0,0,0,0,0,0,42.3851,-71.0942,3,2.50174E+14
20009666,20/02/2020 18:14,First Half (4PM - Midnight),"25 HIGHLAND AV Somerville, MA",DARK - UNKNOWN ROADWAY LIGHTING,CLEAR,DRY,NONE,NO CONTROLS,NOT AT INTERSECTION,"TWO-WAY, NOT DIVIDED","SIDESWIPE, SAME DIRECTION",COLLISION WITH PARKED MOTOR VEHICLE,ROADWAY,25,0,0,0,0,0,4,0,0,0,0,0,0,0,42.3853,-71.0936,3,2.50174E+14
20059595,10/12/2020 09:08,Day Shift (8AM - 4PM),"HIGHLAND AV & WALNUT ST Somerville, MA",DAYLIGHT,CLEAR,DRY,NONE,TRAFFIC CONTROL SIGNAL,FOUR WAY INTERSECTION,"TWO-WAY, NOT DIVIDED",ANGLE,COLLISION WITH MOTOR VEHICLE IN TRAFFIC,ROADWAY,25,0,0,0,1,1,1,0,0,0,0,0,0,0,42.3851,-71.0942,3,2.50174E+14
19061299,25/10/2019 12:31,Day Shift (8AM - 4PM),"HAMLET ST & HIGHLAND AV Somerville, MA",DAYLIGHT,CLOUDY,DRY,NONE,NO CONTROLS,T-INTERSECTION,"TWO-WAY, NOT DIVIDED",REAR-END,COLLISION WITH MOTOR VEHICLE IN TRAFFIC,ROADWAY,25,0,0,0,0,1,2,0,0,0,0,0,0,0,42.3846,-71.0927,3,2.50174E+14
19052977,14/09/2019 21:26,First Half (4PM - Midnight),"GRANDVIEW AV & WALNUT ST Somerville, MA",DARK - LIGHTED ROADWAY,CLOUDY,DRY,NONE,STOP SIGNS,T-INTERSECTION,"ONE-WAY, NOT DIVIDED",ANGLE,COLLISION WITH MOTOR VEHICLE IN TRAFFIC,ROADWAY,25,0,0,0,0,0,2,0,0,0,0,0,0,0,42.3846,-71.0945,3,2.50174E+14
19044020,02/08/2019 12:07,Day Shift (8AM - 4PM),"9 HAMLET ST Somerville, MA",DAYLIGHT,CLEAR,DRY,OTHER,NO CONTROLS,NOT AT INTERSECTION,"TWO-WAY, DIVIDED, UNPROTECTED MEDIAN","SIDESWIPE, SAME DIRECTION",COLLISION WITH PARKED MOTOR VEHICLE,ROADWAY,20,0,0,0,0,0,2,0,0,0,0,0,0,0,42.3843,-71.0931,3,2.50174E+14
19008927,18/02/2019 02:49,Last Half (Midnight - 8AM),"27 THORPE ST Somerville, MA",DARK - LIGHTED ROADWAY,SNOW,SNOW,NONE,NO CONTROLS,NOT AT INTERSECTION,UNKNOWN,"SIDESWIPE, SAME DIRECTION",COLLISION WITH PARKED MOTOR VEHICLE,ROADSIDE,25,0,0,0,0,0,3,0,0,0,0,0,0,0,42.3839,-71.0944,3,2.50174E+14
22061609,27/10/2022 15:17,Day Shift (8AM - 4PM),"26 HIGHLAND AV Somerville, MA",DAYLIGHT,CLEAR,DRY,NONE,NO CONTROLS,NOT AT INTERSECTION,"TWO-WAY, NOT DIVIDED",SINGLE VEHICLE CRASH,OTHER,ROADWAY,25,0,0,0,0,0,2,0,0,0,0,0,0,0,42.3848,-71.094,3,2.50174E+14
20038942,11/08/2020 04:14,Last Half (Midnight - 8AM),"12 HIGHLAND AV Somerville, MA",DARK - LIGHTED ROADWAY,CLEAR,DRY,NONE,NO CONTROLS,NOT AT INTERSECTION,"TWO-WAY, NOT DIVIDED",REAR-END,COLLISION WITH PARKED MOTOR VEHICLE,ROADWAY,25,0,0,0,0,0,3,0,0,0,0,0,0,0,42.3845,-71.0932,3,2.50174E+14
18032674,01/06/2018 09:59,Day Shift (8AM - 4PM),"17 GREENVILLE ST Somerville, MA",DAYLIGHT,CLEAR,DRY,OTHER,NO CONTROLS,NOT AT INTERSECTION,"TWO-WAY, NOT DIVIDED",SINGLE VEHICLE CRASH,COLLISION WITH TREE,ROADWAY,25,0,0,0,0,0,0,1,0,0,0,0,0,0,42.3829,-71.0924,3,2.50174E+14
21039007,28/07/2021 17:52,First Half (4PM - Midnight),"252 MEDFORD ST Somerville, MA",DAYLIGHT,CLEAR,DRY,NONE,NO CONTROLS,NOT AT INTERSECTION,"TWO-WAY, DIVIDED, POSITIVE MEDIAN BARRIER",HEAD ON,COLLISION WITH MOTOR VEHICLE IN TRAFFIC,ROADWAY,25,0,0,0,0,0,2,0,0,0,0,0,0,0,42.3837,-71.0922,3,2.50174E+14
19068301,01/12/2019 23:55,First Half (4PM - Midnight),"BIGELOW ST & BOSTON ST Somerville, MA",DARK - LIGHTED ROADWAY,"SLEET, HAIL, FREEZING RAIN OR DRIZZLE",SLUSH,ROAD SURFACE CONDITION,STOP SIGNS,T-INTERSECTION,"TWO-WAY, NOT DIVIDED","SIDESWIPE, OPPOSITE DIRECTION",COLLISION WITH PARKED MOTOR VEHICLE,ROADSIDE,25,0,0,0,0,0,5,0,0,0,0,0,0,0,42.3828,-71.0935,3,2.50174E+14
20044686,17/09/2020 16:40,First Half (4PM - Midnight),"2 HIGHLAND AV Somerville, MA",DAYLIGHT,CLEAR,DRY,NONE,TRAFFIC CONTROL SIGNAL,FOUR WAY INTERSECTION,"TWO-WAY, NOT DIVIDED",ANGLE,COLLISION WITH MOTOR VEHICLE IN TRAFFIC,ROADWAY,20,0,0,0,0,0,3,0,0,0,0,0,0,0,42.3844,-71.0926,3,2.50174E+14
20008069,12/02/2020 11:50,Day Shift (8AM - 4PM),"GREENVILLE ST & MCGRATH HWY Somerville, MA",DAYLIGHT,CLEAR,DRY,NONE,NO CONTROLS,T-INTERSECTION,"TWO-WAY, DIVIDED, POSITIVE MEDIAN BARRIER",REAR-END,COLLISION WITH MOTOR VEHICLE IN TRAFFIC,ROADWAY,30,0,0,0,0,0,2,0,0,0,0,0,0,0,42.3833,-71.0915,3,2.50174E+14
19053686,18/09/2019 10:44,Day Shift (8AM - 4PM),"15 GREENVILLE ST Somerville, MA",DAYLIGHT,CLEAR,DRY,NONE,NO CONTROLS,NOT AT INTERSECTION,"TWO-WAY, NOT DIVIDED",UNKNOWN,COLLISION WITH PARKED MOTOR VEHICLE,ROADWAY,20,0,0,0,0,0,2,0,0,0,0,0,0,1,42.3831,-71.0924,3,2.50174E+14
19057595,07/10/2019 08:25,Day Shift (8AM - 4PM),"252 MEDFORD ST Somerville, MA",DAYLIGHT,CLEAR,DRY,NONE,TRAFFIC CONTROL SIGNAL,NOT AT INTERSECTION,"TWO-WAY, DIVIDED, UNPROTECTED MEDIAN",ANGLE,COLLISION WITH MOTOR VEHICLE IN TRAFFIC,ROADWAY,20,0,0,0,0,0,4,0,0,0,0,0,0,0,42.3837,-71.0922,3,2.50174E+14
24015619,20/03/2024 10:02,Day Shift (8AM - 4PM),"11 GREENVILLE ST Somerville, MA",DAYLIGHT,CLOUDY,DRY,NONE,NO CONTROLS,NOT AT INTERSECTION,"TWO-WAY, NOT DIVIDED","SIDESWIPE, SAME DIRECTION",COLLISION WITH PARKED MOTOR VEHICLE,ROADWAY,25,0,0,0,0,0,3,0,0,0,0,0,0,0,42.3832,-71.0923,3,2.50174E+14
19030733,02/06/2019 10:29,Day Shift (8AM - 4PM),"252 MEDFORD ST Somerville, MA",DAYLIGHT,CLOUDY,DRY,NONE,NO CONTROLS,NOT AT INTERSECTION,"TWO-WAY, DIVIDED, UNPROTECTED MEDIAN",ANGLE,COLLISION WITH MOTOR VEHICLE IN TRAFFIC,ROADWAY,25,0,0,0,0,0,2,0,0,0,0,0,0,0,42.3837,-71.0922,3,2.50174E+14
19034226,18/06/2019 08:37,Day Shift (8AM - 4PM),"BOSTON ST & GREENVILLE ST Somerville, MA",DAYLIGHT,CLEAR,DRY,NONE,STOP SIGNS,FOUR WAY INTERSECTION,"TWO-WAY, NOT DIVIDED","SIDESWIPE, SAME DIRECTION",COLLISION WITH PARKED MOTOR VEHICLE,ROADWAY,25,0,0,0,0,0,1,0,0,0,0,0,0,0,42.3825,-71.0927,3,2.50174E+14
21044284,25/08/2021 08:49,Day Shift (8AM - 4PM),"10 BIGELOW ST Somerville, MA",DAYLIGHT,CLEAR,DRY,NONE,NO CONTROLS,NOT AT INTERSECTION,"TWO-WAY, NOT DIVIDED",SINGLE VEHICLE CRASH,COLLISION WITH PARKED MOTOR VEHICLE,ROADSIDE,25,0,0,0,0,0,3,0,0,0,0,0,0,0,42.3822,-71.0936,3,2.50174E+14
23016407,29/03/2023 15:40,Day Shift (8AM - 4PM),"BOSTON ST & HAMLET ST Somerville, MA",DAYLIGHT,CLEAR,DRY,NONE,STOP SIGNS,T-INTERSECTION,"TWO-WAY, NOT DIVIDED",ANGLE,COLLISION WITH MOTOR VEHICLE IN TRAFFIC,ROADWAY,25,0,0,0,1,0,1,0,0,0,0,0,0,0,42.3829,-71.0937,3,2.50174E+14
19052656,13/09/2019 07:55,Last Half (Midnight - 8AM),"SUMMIT AV & WALNUT ST Somerville, MA",DAYLIGHT,CLEAR,DRY,NONE,STOP SIGNS,FOUR WAY INTERSECTION,"TWO-WAY, NOT DIVIDED",ANGLE,COLLISION WITH MOTOR VEHICLE IN TRAFFIC,ROADWAY,25,0,0,0,0,0,2,0,0,0,0,0,0,0,42.3836,-71.0953,3,2.50174E+14
23042252,27/07/2023 07:28,Last Half (Midnight - 8AM),"45 WALNUT ST Somerville, MA",DAYLIGHT,CLEAR,DRY,UNKNOWN,NO CONTROLS,NOT AT INTERSECTION,"ONE-WAY, NOT DIVIDED","SIDESWIPE, SAME DIRECTION",COLLISION WITH PARKED MOTOR VEHICLE,ROADWAY,20,0,0,0,0,0,3,0,0,0,0,0,0,0,42.3832,-71.0952,3,2.50174E+14
20049574,13/10/2020 15:10,Day Shift (8AM - 4PM),"75 COLUMBUS AV Somerville, MA",DAYLIGHT,CLOUDY,WET,OTHER,NO CONTROLS,NOT AT INTERSECTION,"TWO-WAY, NOT DIVIDED",UNKNOWN,OTHER,ROADWAY,20,0,0,0,0,0,2,0,0,0,0,0,0,0,42.3822,-71.0955,3,2.50174E+14
23019996,14/04/2023 07:56,Last Half (Midnight - 8AM),"ALDERSEY ST & WALNUT ST Somerville, MA",DAYLIGHT,CLEAR,DRY,NONE,STOP SIGNS,T-INTERSECTION,"TWO-WAY, NOT DIVIDED",ANGLE,COLLISION WITH MOTOR VEHICLE IN TRAFFIC,ROADWAY,25,0,0,0,0,0,2,0,0,0,0,0,0,0,42.3828,-71.0958,3,2.50174E+14