Crash Number,Date and Time of Crash,Police Shift,Crash Location,Light Conditions,Weather Conditions,Road Surface,Road Contributing Circumstances,Traffic Control Device Type,Roadway Intersection Type,Trafficway Description,Manner of Collision,First Harmful Event,First Harmful Event Location,Speed Limit,Work Zone,Count Fatal Injury ,Count Suspected Serious Injury,Count Suspected Minor Injury ,Count Possible Injury,Count No Apparent Injury,Count Unknown Injury,Count Not Reported Injury,Total Non-Motorists,Pedestrian Involvement (Non-Motorist),Cyclist Involvement (Non-Motorist),Other Non-Motorist Involvement,Hit and Run Flag,Latitude,Longitude,Ward,Block Code 
19014760,17/03/2019 13:54,Day Shift (8AM - 4PM),"37 WALNUT ST Somerville, MA",DAYLIGHT,CLEAR,DRY,NONE,STOP SIGNS,T-INTERSECTION,"ONE-WAY, NOT DIVIDED",HEAD ON,COLLISION WITH PEDALCYCLE,ROADWAY,25,0,0,0,1,0,1,0,0,1,0,1,0,0,42.3828,-71.0956,3,2.50174E+14
18068803,20/11/2018 10:27,Day Shift (8AM - 4PM),"19 WALNUT ST Somerville, MA",DAYLIGHT,RAIN,WET,NONE,NO CONTROLS,NOT AT INTERSECTION,"ONE-WAY, NOT DIVIDED","SIDESWIPE, SAME DIRECTION",COLLISION WITH PARKED MOTOR VEHICLE,ROADWAY,25,0,0,0,0,0,3,0,0,0,0,0,0,0,42.3818,-71.0963,3,2.50174E+14
19020200,13/04/2019 10:11,Day Shift (8AM - 4PM),"28 WARREN AV Somerville, MA",DAYLIGHT,CLEAR,DRY,TRAFFIC CONGESTION RELATED,NO CONTROLS,NOT AT INTERSECTION,"TWO-WAY, NOT DIVIDED",ANGLE,COLLISION WITH PARKED MOTOR VEHICLE,ROADWAY,20,0,0,0,0,0,1,0,0,0,0,0,0,0,42.3815,-71.0955,3,2.50174E+14
23025562,10/05/2023 14:01,Day Shift (8AM - 4PM),"1 BOW ST Somerville, MA",DAYLIGHT,CLEAR,DRY,NONE,NO CONTROLS,NOT AT INTERSECTION,"ONE-WAY, NOT DIVIDED","SIDESWIPE, SAME DIRECTION",COLLISION WITH MOTOR VEHICLE IN TRAFFIC,ROADWAY,25,0,0,0,0,0,4,0,0,0,0,0,0,0,42.3809,-71.0965,3,2.50174E+14
23038625,10/07/2023 20:56,First Half (4PM - Midnight),"1 BOW ST Somerville, MA",DARK - LIGHTED ROADWAY,RAIN,WET,UNKNOWN,NO CONTROLS,T-INTERSECTION,"ONE-WAY, NOT DIVIDED",ANGLE,COLLISION WITH PEDALCYCLE,ROADWAY,25,0,0,0,0,0,2,1,0,1,0,1,0,0,42.3809,-71.0965,3,2.50174E+14
22009588,24/02/2022 15:59,Day Shift (8AM - 4PM),"56 COLUMBUS AV Somerville, MA",DAYLIGHT,CLEAR,DRY,OTHER,NO CONTROLS,NOT AT INTERSECTION,"TWO-WAY, NOT DIVIDED","SIDESWIPE, SAME DIRECTION",COLLISION WITH PARKED MOTOR VEHICLE,ROADWAY,25,0,0,0,0,0,3,0,0,0,0,0,0,0,42.3814,-71.0947,3,2.50174E+14
23001329,09/01/2023 00:26,Last Half (Midnight - 8AM),"31 WARREN AV Somerville, MA",DARK - LIGHTED ROADWAY,CLEAR,DRY,NONE,WARNING SIGNS,NOT AT INTERSECTION,"TWO-WAY, NOT DIVIDED",REAR-END,COLLISION WITH PARKED MOTOR VEHICLE,ROADWAY,20,0,0,0,0,0,3,0,0,0,0,0,0,0,42.3814,-71.095,3,2.50174E+14
20001745,11/01/2020 14:26,Day Shift (8AM - 4PM),"40 UNION SQ Somerville, MA",DAYLIGHT,CLEAR,DRY,NONE,STOP SIGNS,T-INTERSECTION,"ONE-WAY, NOT DIVIDED",ANGLE,COLLISION WITH MOTOR VEHICLE IN TRAFFIC,ROADWAY,25,0,0,0,0,2,2,0,0,0,0,0,0,0,42.3803,-71.0964,3,2.50174E+14
19062404,31/10/2019 09:58,Day Shift (8AM - 4PM),"40 UNION SQ Somerville, MA",DAYLIGHT,RAIN,WET,NON-HIGHWAY WORK,NO CONTROLS,NOT AT INTERSECTION,"ONE-WAY, NOT DIVIDED",SINGLE VEHICLE CRASH,OTHER,OUTSIDE ROADWAY,25,1,0,0,0,0,2,0,0,0,0,0,0,0,42.3803,-71.0964,3,2.50174E+14
19009368,20/02/2019 06:13,Last Half (Midnight - 8AM),"58 COLUMBUS AV Somerville, MA",DAWN,CLEAR,ICE,UNKNOWN,STOP SIGNS,T-INTERSECTION,"TWO-WAY, NOT DIVIDED",SINGLE VEHICLE CRASH,COLLISION WITH LIGHT POLE OR OTHER POST/SUPPORT,OUTSIDE ROADWAY,25,0,0,0,0,0,1,0,0,0,0,0,0,1,42.3816,-71.0948,3,2.50174E+14
21036243,15/07/2021 17:42,First Half (4PM - Midnight),"SANBORN AV & WARREN AV Somerville, MA",DAYLIGHT,CLEAR,DRY,OTHER,STOP SIGNS,T-INTERSECTION,"TWO-WAY, DIVIDED, UNPROTECTED MEDIAN",ANGLE,COLLISION WITH MOTOR VEHICLE IN TRAFFIC,ROADWAY,25,0,0,0,0,0,4,0,0,0,0,0,0,0,42.381,-71.0958,3,2.50174E+14
19063931,07/11/2019 22:01,First Half (4PM - Midnight),"40 UNION SQ Somerville, MA",DARK - LIGHTED ROADWAY,RAIN,WET,NONE,STOP SIGNS,FOUR WAY INTERSECTION,"TWO-WAY, NOT DIVIDED",ANGLE,COLLISION WITH MOTOR VEHICLE IN TRAFFIC,ROADWAY,25,0,0,0,0,0,2,0,0,0,0,0,0,0,42.3803,-71.0964,3,2.50174E+14
18060664,11/10/2018 19:30,First Half (4PM - Midnight),"10 STONE AVE Somerville, MA",DARK - LIGHTED ROADWAY,RAIN,WET,NONE,NO CONTROLS,NOT AT INTERSECTION,"ONE-WAY, NOT DIVIDED","SIDESWIPE, SAME DIRECTION",COLLISION WITH PARKED MOTOR VEHICLE,ROADWAY,25,0,0,0,0,0,3,0,0,0,0,0,0,0,42.3803,-71.0957,3,2.50174E+14
19069200,06/12/2019 10:00,Day Shift (8AM - 4PM),"3 BOSTON ST Somerville, MA",DAYLIGHT,CLOUDY,DRY,NONE,NO CONTROLS,NOT AT INTERSECTION,"ONE-WAY, NOT DIVIDED",ANGLE,COLLISION WITH MOTOR VEHICLE IN TRAFFIC,ROADWAY,25,0,0,0,0,0,3,0,0,0,0,0,0,0,42.3803,-71.0906,3,2.50174E+14
22010873,02/03/2022 18:07,First Half (4PM - Midnight),"420 MCGRATH Somerville, MA",DARK - LIGHTED ROADWAY,CLEAR,DRY,OBSTRUCTION IN ROADWAY,NO CONTROLS,NOT AT INTERSECTION,"TWO-WAY, DIVIDED, POSITIVE MEDIAN BARRIER","SIDESWIPE, SAME DIRECTION",COLLISION WITH MOTOR VEHICLE IN TRAFFIC,ROADWAY,25,0,0,0,0,0,2,0,0,0,0,0,0,0,42.3822,-71.091,3,2.50174E+14
20044936,19/09/2020 10:42,Day Shift (8AM - 4PM),"3 BOSTON ST Somerville, MA",DAYLIGHT,CLEAR,DRY,NONE,NO CONTROLS,NOT AT INTERSECTION,"ONE-WAY, NOT DIVIDED",ANGLE,COLLISION WITH MOTOR VEHICLE IN TRAFFIC,ROADWAY,20,0,0,0,0,0,3,0,0,0,0,0,0,0,42.3803,-71.0906,3,2.50174E+14
18076519,30/12/2018 19:42,First Half (4PM - Midnight),"179 WASHINGTON ST Somerville, MA",DARK - LIGHTED ROADWAY,CLEAR,DRY,NONE,NO CONTROLS,NOT AT INTERSECTION,"TWO-WAY, DIVIDED, UNPROTECTED MEDIAN",REAR-END,COLLISION WITH MOTOR VEHICLE IN TRAFFIC,ROADWAY,25,0,0,0,0,0,2,0,0,0,0,0,0,0,42.3802,-71.0904,3,2.50174E+14
18054712,13/09/2018 02:51,Last Half (Midnight - 8AM),"179 WASHINGTON ST Somerville, MA",DARK - LIGHTED ROADWAY,RAIN,WET,NONE,NO CONTROLS,Y-INTERSECTION,"TWO-WAY, DIVIDED, POSITIVE MEDIAN BARRIER",SINGLE VEHICLE CRASH,COLLISION WITH CURB,MEDIAN,25,0,0,0,0,1,0,0,0,0,0,0,0,0,42.3802,-71.0904,3,2.50174E+14
18060221,09/10/2018 15:36,Day Shift (8AM - 4PM),"223 WASHINGTON ST Somerville, MA",DAYLIGHT,CLEAR,DRY,UNKNOWN,NO CONTROLS,NOT AT INTERSECTION,"TWO-WAY, DIVIDED, UNPROTECTED MEDIAN","SIDESWIPE, SAME DIRECTION",COLLISION WITH MOTOR VEHICLE IN TRAFFIC,ROADWAY,25,0,0,0,0,0,4,0,0,0,0,0,0,0,42.3797,-71.0927,3,2.50174E+14
19003510,19/01/2019 23:08,First Half (4PM - Midnight),"3 WASHINGTON TER Somerville, MA",DARK - LIGHTED ROADWAY,SNOW,SNOW,ROAD SURFACE CONDITION,NO CONTROLS,NOT AT INTERSECTION,"TWO-WAY, NOT DIVIDED",SINGLE VEHICLE CRASH,COLLISION WITH PARKED MOTOR VEHICLE,ROADSIDE,25,0,0,0,0,0,2,0,0,0,0,0,0,0,42.3795,-71.0921,3,2.50174E+14
22048927,30/08/2022 17:58,First Half (4PM - Midnight),"195 WASHINGTON ST Somerville, MA",DAYLIGHT,CLEAR,DRY,NONE,NO CONTROLS,NOT AT INTERSECTION,"TWO-WAY, DIVIDED, UNPROTECTED MEDIAN","SIDESWIPE, SAME DIRECTION",COLLISION WITH MOTOR VEHICLE IN TRAFFIC,ROADWAY,25,0,0,0,0,0,4,0,0,0,0,0,0,0,42.3798,-71.0915,3,2.50174E+14
18066476,08/11/2018 19:51,First Half (4PM - Midnight),"205 WASHINGTON ST Somerville, MA",DUSK,CLEAR,DRY,OTHER,NO CONTROLS,NOT AT INTERSECTION,"TWO-WAY, DIVIDED, UNPROTECTED MEDIAN","SIDESWIPE, SAME DIRECTION",COLLISION WITH PARKED MOTOR VEHICLE,ROADWAY,25,0,0,0,0,0,2,0,0,0,0,0,0,0,42.3797,-71.0921,3,2.50174E+14
24016103,22/03/2024 14:44,Day Shift (8AM - 4PM),"ROSSMORE ST & WASHINGTON ST Somerville, MA",DAYLIGHT,CLOUDY,DRY,NONE,WARNING SIGNS,T-INTERSECTION,"TWO-WAY, NOT DIVIDED",ANGLE,COLLISION WITH PEDALCYCLE,ROADWAY,25,0,0,0,0,1,1,0,0,1,0,0,1,0,42.3796,-71.0914,3,2.50174E+14
23006194,04/02/2023 15:37,Day Shift (8AM - 4PM),"40 MUNROE ST Somerville, MA",DAYLIGHT,CLEAR,DRY,NONE,NO CONTROLS,NOT AT INTERSECTION,"TWO-WAY, NOT DIVIDED",REAR-END,COLLISION WITH PARKED MOTOR VEHICLE,ROADWAY,25,0,0,0,0,0,3,0,0,0,0,0,0,0,42.3806,-71.0926,3,2.50174E+14
20003188,18/01/2020 20:42,First Half (4PM - Midnight),"197 WASHINGTON ST Somerville, MA",DARK - LIGHTED ROADWAY,SNOW,SNOW,ROAD SURFACE CONDITION,NO CONTROLS,NOT AT INTERSECTION,"TWO-WAY, DIVIDED, UNPROTECTED MEDIAN",HEAD ON,COLLISION WITH MOTOR VEHICLE IN TRAFFIC,ROADWAY,20,0,0,0,0,1,2,0,0,0,0,0,0,0,42.3798,-71.0915,3,2.50174E+14
20060941,17/12/2020 19:53,First Half (4PM - Midnight),"191 WASHINGTON ST Somerville, MA",DARK - LIGHTED ROADWAY,OTHER,SNOW,OTHER,NO CONTROLS,NOT AT INTERSECTION,"TWO-WAY, NOT DIVIDED",REAR-END,COLLISION WITH MOTOR VEHICLE IN TRAFFIC,ROADWAY,25,0,0,0,0,0,4,0,0,0,0,0,0,0,42.3798,-71.0915,3,2.50174E+14
20047232,01/10/2020 12:20,Day Shift (8AM - 4PM),"223 WASHINGTON ST Somerville, MA",DAYLIGHT,CLEAR,DRY,NONE,NO CONTROLS,NOT AT INTERSECTION,"TWO-WAY, NOT DIVIDED","SIDESWIPE, SAME DIRECTION",COLLISION WITH PARKED MOTOR VEHICLE,ROADSIDE,25,1,0,0,0,0,3,0,0,0,0,0,0,0,42.3797,-71.0927,3,2.50174E+14
19010972,28/02/2019 01:38,Last Half (Midnight - 8AM),"BONNER AV & COLUMBUS AV Somerville, MA",DARK - LIGHTED ROADWAY,SNOW,SLUSH,ROAD SURFACE CONDITION,NO CONTROLS,T-INTERSECTION,"TWO-WAY, NOT DIVIDED",HEAD ON,COLLISION WITH PARKED MOTOR VEHICLE,ROADWAY,25,0,0,0,0,0,2,0,0,0,0,0,0,0,42.3807,-71.0936,3,2.50174E+14
19050914,04/09/2019 14:17,Day Shift (8AM - 4PM),"BONNER AV & COLUMBUS AV Somerville, MA",DAYLIGHT,CLEAR,DRY,NONE,STOP SIGNS,T-INTERSECTION,"ONE-WAY, NOT DIVIDED","SIDESWIPE, OPPOSITE DIRECTION",COLLISION WITH PARKED MOTOR VEHICLE,ROADWAY,25,0,0,0,0,0,2,0,0,0,0,0,0,0,42.3807,-71.0936,3,2.50174E+14
19009233,19/02/2019 13:57,Day Shift (8AM - 4PM),"195 WASHINGTON ST Somerville, MA",DAYLIGHT,CLEAR,DRY,NONE,NO CONTROLS,NOT AT INTERSECTION,"TWO-WAY, NOT DIVIDED","SIDESWIPE, SAME DIRECTION",COLLISION WITH PARKED MOTOR VEHICLE,ROADSIDE,30,0,0,0,0,0,3,0,0,0,0,0,0,0,42.3798,-71.0915,3,2.50174E+14
19065327,15/11/2019 07:20,Last Half (Midnight - 8AM),"215 WASHINGTON ST Somerville, MA",DAYLIGHT,CLEAR,DRY,TRAFFIC CONGESTION RELATED,NO CONTROLS,T-INTERSECTION,"TWO-WAY, NOT DIVIDED","SIDESWIPE, OPPOSITE DIRECTION",COLLISION WITH MOTOR VEHICLE IN TRAFFIC,ROADWAY,25,0,0,0,0,0,2,0,0,0,0,0,0,0,42.3797,-71.0924,3,2.50174E+14
21008661,18/02/2021 15:28,Day Shift (8AM - 4PM),"COLUMBUS AV & WASHINGTON ST Somerville, MA",DAYLIGHT,SNOW,SNOW,NONE,NO CONTROLS,T-INTERSECTION,"TWO-WAY, NOT DIVIDED",ANGLE,COLLISION WITH MOTOR VEHICLE IN TRAFFIC,ROADWAY,25,0,0,0,1,0,1,0,0,0,0,0,0,0,42.3795,-71.0931,3,2.50174E+14
22065461,15/11/2022 14:11,Day Shift (8AM - 4PM),"COLUMBUS AV & WASHINGTON ST Somerville, MA",DAYLIGHT,CLOUDY,DRY,NONE,STOP SIGNS,T-INTERSECTION,"TWO-WAY, NOT DIVIDED",ANGLE,COLLISION WITH MOTOR VEHICLE IN TRAFFIC,ROADWAY,25,0,0,0,0,0,2,0,0,0,0,0,0,0,42.3795,-71.0931,3,2.50174E+14
20052347,28/10/2020 16:58,First Half (4PM - Midnight),"COLUMBUS AV & WASHINGTON ST Somerville, MA",DARK - LIGHTED ROADWAY,RAIN,WET,ROAD SURFACE CONDITION,STOP SIGNS,T-INTERSECTION,"TWO-WAY, NOT DIVIDED",ANGLE,COLLISION WITH PEDALCYCLE,ROADWAY,25,0,0,0,0,0,2,0,0,1,0,1,0,0,42.3795,-71.0931,3,2.50174E+14
22019882,13/04/2022 17:36,First Half (4PM - Midnight),"COLUMBUS AV & WASHINGTON ST Somerville, MA",DAYLIGHT,CLEAR,DRY,NONE,NO CONTROLS,T-INTERSECTION,"TWO-WAY, NOT DIVIDED",ANGLE,COLLISION WITH MOTOR VEHICLE IN TRAFFIC,ROADWAY,25,0,0,0,0,0,3,0,0,0,0,0,0,0,42.3795,-71.0931,3,2.50174E+14
18023035,19/04/2018 10:04,Day Shift (8AM - 4PM),"COLUMBUS AV & WASHINGTON ST Somerville, MA",DAYLIGHT,"SLEET, HAIL, FREEZING RAIN OR DRIZZLE",WET,NONE,STOP SIGNS,T-INTERSECTION,"TWO-WAY, DIVIDED, UNPROTECTED MEDIAN",ANGLE,COLLISION WITH MOTOR VEHICLE IN TRAFFIC,ROADWAY,25,0,0,0,0,0,2,0,0,0,0,0,0,0,42.3795,-71.0931,3,2.50174E+14
21004545,23/01/2021 13:27,Day Shift (8AM - 4PM),"237 WASHINGTON ST Somerville, MA",DAYLIGHT,CLEAR,DRY,NONE,NO CONTROLS,NOT AT INTERSECTION,"TWO-WAY, NOT DIVIDED",REAR-END,COLLISION WITH MOTOR VEHICLE IN TRAFFIC,ROADWAY,25,0,0,0,0,0,3,0,0,0,0,0,0,0,42.3799,-71.0936,3,2.50174E+14
22051890,13/09/2022 12:27,Day Shift (8AM - 4PM),"231 WASHINGTON ST Somerville, MA",DAYLIGHT,CLOUDY,DRY,NONE,NO CONTROLS,NOT AT INTERSECTION,"TWO-WAY, NOT DIVIDED",ANGLE,COLLISION WITH MOTOR VEHICLE IN TRAFFIC,ROADWAY,25,0,0,0,0,0,4,0,0,0,0,0,0,0,42.3798,-71.0933,3,2.50174E+14
18068786,20/11/2018 09:15,Day Shift (8AM - 4PM),"COLUMBUS AV & WASHINGTON ST Somerville, MA",DAYLIGHT,RAIN,WET,NONE,STOP SIGNS,T-INTERSECTION,"TWO-WAY, NOT DIVIDED",ANGLE,COLLISION WITH MOTOR VEHICLE IN TRAFFIC,ROADWAY,30,0,0,0,0,0,5,0,0,0,0,0,0,0,42.3795,-71.0931,3,2.50174E+14
22068516,04/12/2022 00:58,Last Half (Midnight - 8AM),"41 STONE AV Somerville, MA",DARK - LIGHTED ROADWAY,CLEAR,DRY,NONE,UNKNOWN,NOT AT INTERSECTION,"TWO-WAY, NOT DIVIDED","SIDESWIPE, SAME DIRECTION",COLLISION WITH PARKED MOTOR VEHICLE,ROADWAY,25,0,0,0,0,0,1,0,0,0,0,0,0,1,42.3809,-71.0947,3,2.50174E+14
23048364,25/08/2023 07:39,Last Half (Midnight - 8AM),"1 STONE AVE Somerville, MA",DAYLIGHT,RAIN,WET,NONE,NO CONTROLS,NOT AT INTERSECTION,"ONE-WAY, NOT DIVIDED","SIDESWIPE, OPPOSITE DIRECTION",COLLISION WITH MOTOR VEHICLE IN TRAFFIC,ROADWAY,25,0,0,0,0,0,4,0,0,0,0,0,0,0,42.3798,-71.0959,3,2.50174E+14
22049419,01/09/2022 21:00,First Half (4PM - Midnight),"247 WASHINGTON ST Somerville, MA",DARK - LIGHTED ROADWAY,CLEAR,DRY,NONE,NO CONTROLS,NOT AT INTERSECTION,"TWO-WAY, NOT DIVIDED",SINGLE VEHICLE CRASH,COLLISION WITH PEDALCYCLE,ROADWAY,20,0,0,0,0,1,1,0,0,1,0,1,0,0,42.3798,-71.0942,3,2.50174E+14
18032928,02/06/2018 13:35,Day Shift (8AM - 4PM),"61 UNION SQ Somerville, MA",DAYLIGHT,RAIN,WET,NONE,NO CONTROLS,NOT AT INTERSECTION,"TWO-WAY, NOT DIVIDED",ANGLE,COLLISION WITH PEDESTRIAN,ROADWAY,20,0,0,0,0,0,2,0,0,1,1,0,0,0,42.3799,-71.0956,3,2.50174E+14
22036234,29/06/2022 08:05,Day Shift (8AM - 4PM),"247 WASHINGTON ST Somerville, MA",DAYLIGHT,CLEAR,DRY,NONE,NO CONTROLS,NOT AT INTERSECTION,"TWO-WAY, DIVIDED, UNPROTECTED MEDIAN",ANGLE,COLLISION WITH MOTOR VEHICLE IN TRAFFIC,ROADWAY,25,0,0,0,0,0,2,0,0,0,0,0,0,0,42.3798,-71.0942,3,2.50174E+14
20058613,03/12/2020 18:07,First Half (4PM - Midnight),"60 UNION SQ Somerville, MA",DARK - LIGHTED ROADWAY,CLEAR,DRY,NONE,TRAFFIC CONTROL SIGNAL,FOUR WAY INTERSECTION,"TWO-WAY, DIVIDED, UNPROTECTED MEDIAN","SIDESWIPE, SAME DIRECTION",COLLISION WITH MOTOR VEHICLE IN TRAFFIC,ROADWAY,25,0,0,0,0,0,2,0,0,0,0,0,0,0,42.3799,-71.0956,3,2.50174E+14
20018236,06/04/2020 13:20,Day Shift (8AM - 4PM),"20 BONNER AV Somerville, MA",DAYLIGHT,CLEAR,DRY,NONE,NO CONTROLS,NOT AT INTERSECTION,"TWO-WAY, NOT DIVIDED",ANGLE,COLLISION WITH PARKED MOTOR VEHICLE,ROADSIDE,25,0,0,0,0,1,2,0,0,0,0,0,0,0,42.3805,-71.0939,3,2.50174E+14
19069092,05/12/2019 16:50,First Half (4PM - Midnight),"68 UNION SQ Somerville, MA",DARK - LIGHTED ROADWAY,CLEAR,WET,NONE,NO CONTROLS,NOT AT INTERSECTION,"TWO-WAY, DIVIDED, UNPROTECTED MEDIAN",HEAD ON,COLLISION WITH MOTOR VEHICLE IN TRAFFIC,ROADWAY,20,1,0,0,0,0,2,0,0,0,0,0,0,0,42.3799,-71.095,3,2.50174E+14
22066251,20/11/2022 05:12,Last Half (Midnight - 8AM),"62 UNION SQ Somerville, MA",DARK - LIGHTED ROADWAY,CLEAR,DRY,NONE,NO CONTROLS,NOT AT INTERSECTION,"TWO-WAY, NOT DIVIDED",SINGLE VEHICLE CRASH,COLLISION WITH CURB,ROADSIDE,25,0,0,0,0,0,3,0,0,0,0,0,0,0,42.3797,-71.0957,3,2.50174E+14
20032373,29/06/2020 11:43,Day Shift (8AM - 4PM),"8 MT PLEASANT ST Somerville, MA",DAYLIGHT,RAIN,WET,NONE,NO CONTROLS,NOT AT INTERSECTION,"ONE-WAY, NOT DIVIDED","SIDESWIPE, SAME DIRECTION",COLLISION WITH PARKED MOTOR VEHICLE,ROADSIDE,25,0,0,0,0,0,3,0,0,0,0,0,0,0,42.3856,-71.078,1,2.50174E+14
23039775,16/07/2023 02:51,Last Half (Midnight - 8AM),"32 MT PLEASANT ST Somerville, MA",DARK - LIGHTED ROADWAY,CLEAR,DRY,NONE,NO CONTROLS,NOT AT INTERSECTION,"ONE-WAY, NOT DIVIDED",SINGLE VEHICLE CRASH,COLLISION WITH TREE,ROADWAY,20,0,0,0,0,0,1,0,0,0,0,0,0,0,42.3849,-71.0786,1,2.50174E+14
22041669,27/07/2022 18:40,First Half (4PM - Midnight),"65 PERKINS ST Somerville, MA",DAYLIGHT,CLEAR,DRY,NONE,NO CONTROLS,NOT AT INTERSECTION,"ONE-WAY, NOT DIVIDED",SINGLE VEHICLE CRASH,COLLISION WITH CURB,OUTSIDE ROADWAY,25,0,0,0,1,0,0,0,0,0,0,0,0,0,42.3845,-71.0789,1,2.50174E+14
22054708,25/09/2022 16:26,First Half (4PM - Midnight),"14 BROADWAY Somerville, MA",DAYLIGHT,RAIN,WET,NONE,NO CONTROLS,NOT AT INTERSECTION,"ONE-WAY, NOT DIVIDED",REAR-END,COLLISION WITH MOTOR VEHICLE IN TRAFFIC,ROADWAY,25,0,0,0,0,0,4,0,0,0,0,0,0,0,42.3859,-71.0785,1,2.50174E+14
23009174,18/02/2023 21:24,First Half (4PM - Midnight),"2 MT VERNON ST Somerville, MA",DARK - LIGHTED ROADWAY,CLEAR,DRY,NONE,TRAFFIC CONTROL SIGNAL,FOUR WAY INTERSECTION,"ONE-WAY, NOT DIVIDED",SINGLE VEHICLE CRASH,COLLISION WITH PEDESTRIAN,ROADWAY,25,0,0,0,1,0,2,0,0,1,1,0,0,0,42.386,-71.0788,1,2.50174E+14
19011132,28/02/2019 20:26,First Half (4PM - Midnight),"18 MT VERNON ST Somerville, MA",DARK - LIGHTED ROADWAY,CLEAR,WET,NONE,NO CONTROLS,NOT AT INTERSECTION,"ONE-WAY, NOT DIVIDED","SIDESWIPE, SAME DIRECTION",COLLISION WITH PARKED MOTOR VEHICLE,ROADWAY,25,0,0,0,0,0,3,0,0,0,0,0,0,0,42.3854,-71.079,1,2.50174E+14
21055687,22/10/2021 19:24,First Half (4PM - Midnight),"67 MT PLEASANT ST Somerville, MA",DARK - LIGHTED ROADWAY,CLEAR,DRY,NONE,NO CONTROLS,NOT AT INTERSECTION,"ONE-WAY, NOT DIVIDED","SIDESWIPE, OPPOSITE DIRECTION",COLLISION WITH MOTOR VEHICLE IN TRAFFIC,UNKNOWN,25,0,0,0,0,0,4,0,0,0,0,0,0,0,42.3851,-71.0787,1,2.50174E+14
20015720,21/03/2020 13:07,Day Shift (8AM - 4PM),"18 BROADWAY Somerville, MA",DAYLIGHT,CLEAR,DRY,NONE,TRAFFIC CONTROL SIGNAL,FOUR WAY INTERSECTION,"ONE-WAY, NOT DIVIDED","SIDESWIPE, SAME DIRECTION",COLLISION WITH PARKED MOTOR VEHICLE,ROADSIDE,25,0,0,0,0,1,4,0,0,0,0,0,0,0,42.386,-71.0786,1,2.50174E+14
18058826,02/10/2018 13:42,Day Shift (8AM - 4PM),"14 BROADWAY Somerville, MA",DAYLIGHT,RAIN,WET,NONE,NO CONTROLS,NOT AT INTERSECTION,"ONE-WAY, NOT DIVIDED",REAR-END,COLLISION WITH MOTOR VEHICLE IN TRAFFIC,ROADWAY,30,0,0,0,0,0,3,0,0,0,0,0,0,0,42.3859,-71.0785,1,2.50174E+14
21000934,07/01/2021 20:32,First Half (4PM - Midnight),"83 PERKINS ST Somerville, MA",DARK - LIGHTED ROADWAY,CLEAR,DRY,NONE,NO CONTROLS,NOT AT INTERSECTION,"ONE-WAY, NOT DIVIDED","SIDESWIPE, SAME DIRECTION",COLLISION WITH PARKED MOTOR VEHICLE,ROADWAY,20,0,0,0,0,0,2,0,0,0,0,0,0,0,42.3848,-71.0797,1,2.50174E+14
23038006,07/07/2023 14:32,Day Shift (8AM - 4PM),"46 BROADWAY Somerville, MA",DAYLIGHT,CLEAR,DRY,NONE,NO CONTROLS,NOT AT INTERSECTION,"TWO-WAY, DIVIDED, POSITIVE MEDIAN BARRIER","SIDESWIPE, SAME DIRECTION",COLLISION WITH PARKED MOTOR VEHICLE,ROADWAY,25,0,0,0,0,0,4,0,0,0,0,0,0,0,42.3864,-71.08,1,2.50174E+14
20049632,13/10/2020 22:53,First Half (4PM - Midnight),"48 BROADWAY Somerville, MA",DARK - LIGHTED ROADWAY,CLEAR,WET,NONE,NO CONTROLS,NOT AT INTERSECTION,"TWO-WAY, DIVIDED, POSITIVE MEDIAN BARRIER","SIDESWIPE, SAME DIRECTION",COLLISION WITH PARKED MOTOR VEHICLE,ROADSIDE,25,0,0,0,0,0,3,0,0,0,0,0,0,0,42.3864,-71.08,1,2.50174E+14
18052787,04/09/2018 08:06,Day Shift (8AM - 4PM),"52 BROADWAY Somerville, MA",DAYLIGHT,CLEAR,DRY,NONE,NO CONTROLS,NOT AT INTERSECTION,"TWO-WAY, DIVIDED, POSITIVE MEDIAN BARRIER",REAR-END,COLLISION WITH MOTOR VEHICLE IN TRAFFIC,ROADWAY,25,0,0,0,0,0,2,0,0,0,0,0,0,0,42.3863,-71.0803,1,2.50174E+14
19063647,06/11/2019 11:57,Day Shift (8AM - 4PM),"50 BROADWAY Somerville, MA",DAYLIGHT,CLEAR,DRY,NONE,NO CONTROLS,NOT AT INTERSECTION,"TWO-WAY, DIVIDED, POSITIVE MEDIAN BARRIER",REAR-END,COLLISION WITH MOTOR VEHICLE IN TRAFFIC,ROADWAY,20,0,0,0,0,0,4,0,0,0,0,0,0,0,42.3862,-71.0802,1,2.50174E+14