Crash Number,Date and Time of Crash,Police Shift,Crash Location,Light Conditions,Weather Conditions,Road Surface,Road Contributing Circumstances,Traffic Control Device Type,Roadway Intersection Type,Trafficway Description,Manner of Collision,First Harmful Event,First Harmful Event Location,Speed Limit,Work Zone,Count Fatal Injury ,Count Suspected Serious Injury,Count Suspected Minor Injury ,Count Possible Injury,Count No Apparent Injury,Count Unknown Injury,Count Not Reported Injury,Total Non-Motorists,Pedestrian Involvement (Non-Motorist),Cyclist Involvement (Non-Motorist),Other Non-Motorist Involvement,Hit and Run Flag,Latitude,Longitude,Ward,Block Code 
22003826,25/01/2022 00:48,Last Half (Midnight - 8AM),"20 LINCOLN AVENUE Somerville, MA",DARK - LIGHTED ROADWAY,SNOW,SNOW,ROAD SURFACE CONDITION,STOP SIGNS,T-INTERSECTION,"TWO-WAY, NOT DIVIDED",SINGLE VEHICLE CRASH,COLLISION WITH LIGHT POLE OR OTHER POST/SUPPORT,ROADWAY,25,0,0,0,0,0,1,0,0,0,0,0,0,0,42.3856,-71.0804,1,2.50174E+14
19060595,21/10/2019 20:52,First Half (4PM - Midnight),"14 LINCOLN AV Somerville, MA",DARK - LIGHTED ROADWAY,CLEAR,DRY,NONE,NO CONTROLS,NOT AT INTERSECTION,"ONE-WAY, NOT DIVIDED",ANGLE,COLLISION WITH PARKED MOTOR VEHICLE,ROADWAY,20,0,0,0,0,0,3,0,0,0,0,0,0,0,42.3855,-71.0802,1,2.50174E+14
19046409,14/08/2019 11:51,Day Shift (8AM - 4PM),"26 LINCOLN ST Somerville, MA",DAYLIGHT,CLOUDY,DRY,NONE,NO CONTROLS,NOT AT INTERSECTION,"ONE-WAY, NOT DIVIDED","SIDESWIPE, SAME DIRECTION",COLLISION WITH PARKED MOTOR VEHICLE,ROADWAY,20,0,0,0,0,0,4,0,0,0,0,0,0,0,42.3856,-71.0811,1,2.50174E+14
20036239,24/07/2020 19:48,First Half (4PM - Midnight),"93 PERKINS ST Somerville, MA",DUSK,CLEAR,DRY,NONE,NO CONTROLS,NOT AT INTERSECTION,"TWO-WAY, NOT DIVIDED",REAR-END,COLLISION WITH PARKED MOTOR VEHICLE,ROADSIDE,20,0,0,0,0,0,3,0,0,0,0,0,0,0,42.385,-71.0803,1,2.50174E+14
19020118,12/04/2019 23:12,First Half (4PM - Midnight),"21 FRANKLIN ST Somerville, MA",DARK - LIGHTED ROADWAY,RAIN,WET,NONE,NO CONTROLS,T-INTERSECTION,"ONE-WAY, NOT DIVIDED",SINGLE VEHICLE CRASH,COLLISION WITH LIGHT POLE OR OTHER POST/SUPPORT,ROADSIDE,20,0,0,0,0,1,0,0,0,0,0,0,0,0,42.3858,-71.0836,1,2.50174E+14
20053458,03/11/2020 20:20,First Half (4PM - Midnight),"5 WEBSTER ST Somerville, MA",DARK - LIGHTED ROADWAY,CLEAR,DRY,TRAFFIC CONGESTION RELATED,NO CONTROLS,NOT AT INTERSECTION,"TWO-WAY, NOT DIVIDED","SIDESWIPE, SAME DIRECTION",COLLISION WITH PARKED MOTOR VEHICLE,ROADSIDE,25,0,0,0,0,0,3,0,0,0,0,0,0,0,42.3856,-71.0839,1,2.50174E+14
23039194,13/07/2023 17:03,First Half (4PM - Midnight),"15 FRANKLIN ST Somerville, MA",DAYLIGHT,CLEAR,DRY,NONE,NO CONTROLS,NOT AT INTERSECTION,"ONE-WAY, NOT DIVIDED",HEAD ON,COLLISION WITH PEDALCYCLE,ROADWAY,20,0,0,1,0,0,2,0,0,1,0,1,0,0,42.3863,-71.0832,1,2.50174E+14
23042048,26/07/2023 07:05,Last Half (Midnight - 8AM),"1 WEBSTER ST Somerville, MA",DAYLIGHT,CLEAR,DRY,OTHER,STOP SIGNS,T-INTERSECTION,"TWO-WAY, NOT DIVIDED","SIDESWIPE, SAME DIRECTION",COLLISION WITH PARKED MOTOR VEHICLE,ROADWAY,20,0,0,0,0,0,3,0,0,0,0,0,0,0,42.3855,-71.0838,1,2.50174E+14
21048799,17/09/2021 09:18,Day Shift (8AM - 4PM),"114 BROADWAY Somerville, MA",DAYLIGHT,CLOUDY,DRY,NONE,STOP SIGNS,FOUR WAY INTERSECTION,"TWO-WAY, DIVIDED, UNPROTECTED MEDIAN",SINGLE VEHICLE CRASH,COLLISION WITH PEDESTRIAN,ROADWAY,25,0,0,0,1,0,2,0,0,1,1,0,0,0,42.3876,-71.084,1,2.50174E+14
21022128,03/05/2021 19:35,First Half (4PM - Midnight),"114 BROADWAY Somerville, MA",DUSK,CLEAR,DRY,OBSTRUCTION IN ROADWAY,NO CONTROLS,NOT AT INTERSECTION,"TWO-WAY, DIVIDED, POSITIVE MEDIAN BARRIER","SIDESWIPE, SAME DIRECTION",OTHER,ROADSIDE,25,0,0,0,0,0,2,0,0,0,0,0,0,0,42.3876,-71.084,1,2.50174E+14
20018241,06/04/2020 13:44,Day Shift (8AM - 4PM),"14 GLEN ST Somerville, MA",DAYLIGHT,CLEAR,DRY,NONE,NO CONTROLS,NOT AT INTERSECTION,"ONE-WAY, NOT DIVIDED","SIDESWIPE, SAME DIRECTION",COLLISION WITH PARKED MOTOR VEHICLE,ROADWAY,25,0,0,0,0,0,2,0,0,0,0,0,0,0,42.3872,-71.0842,1,2.50174E+14
20045576,23/09/2020 14:21,Day Shift (8AM - 4PM),"118 BROADWAY Somerville, MA",DAYLIGHT,CLEAR,DRY,NONE,NO CONTROLS,NOT AT INTERSECTION,"TWO-WAY, NOT DIVIDED",HEAD ON,OTHER,OUTSIDE ROADWAY,25,0,0,0,0,0,1,0,0,0,0,0,0,0,42.3876,-71.0842,1,2.50174E+14
22011554,05/03/2022 22:08,First Half (4PM - Midnight),"146 BROADWAY Somerville, MA",DARK - LIGHTED ROADWAY,CLEAR,SNOW,UNKNOWN,STOP SIGNS,T-INTERSECTION,"ONE-WAY, NOT DIVIDED",SINGLE VEHICLE CRASH,COLLISION WITH LIGHT POLE OR OTHER POST/SUPPORT,OUTSIDE ROADWAY,25,0,0,0,0,0,2,0,0,0,0,0,0,0,42.3881,-71.085,1,2.50174E+14
23027187,17/05/2023 15:47,Day Shift (8AM - 4PM),"9 BROOK ST Somerville, MA",DAYLIGHT,CLEAR,DRY,NONE,NO CONTROLS,NOT AT INTERSECTION,"TWO-WAY, NOT DIVIDED",ANGLE,COLLISION WITH MOTOR VEHICLE IN TRAFFIC,ROADWAY,25,0,0,0,0,0,3,0,0,0,0,0,0,0,42.3872,-71.0854,1,2.50174E+14
20025566,19/05/2020 10:20,Day Shift (8AM - 4PM),"128 BROADWAY Somerville, MA",DAYLIGHT,CLEAR,DRY,NONE,NO CONTROLS,NOT AT INTERSECTION,"TWO-WAY, DIVIDED, POSITIVE MEDIAN BARRIER","SIDESWIPE, SAME DIRECTION",COLLISION WITH PARKED MOTOR VEHICLE,ROADSIDE,25,0,0,0,0,0,3,0,0,0,0,0,0,0,42.3877,-71.0846,1,2.50174E+14
23057246,06/10/2023 07:01,Last Half (Midnight - 8AM),"BROOK ST & RUSH ST Somerville, MA",DAYLIGHT,CLOUDY,DRY,NONE,STOP SIGNS,FOUR WAY INTERSECTION,"TWO-WAY, NOT DIVIDED",ANGLE,COLLISION WITH MOTOR VEHICLE IN TRAFFIC,ROADWAY,25,0,0,0,0,0,4,0,0,0,0,0,0,0,42.3871,-71.0858,1,2.50174E+14
23003978,23/01/2023 16:52,First Half (4PM - Midnight),"60 CROSS Somerville, MA",DARK - LIGHTED ROADWAY,SNOW,SNOW,ROAD SURFACE CONDITION,NO CONTROLS,NOT AT INTERSECTION,"TWO-WAY, NOT DIVIDED",SINGLE VEHICLE CRASH,COLLISION WITH TREE,OUTSIDE ROADWAY,20,0,0,0,0,0,1,0,0,0,0,0,0,0,42.3864,-71.0873,1,2.50174E+14
22003257,21/01/2022 14:41,Day Shift (8AM - 4PM),"PEARL ST & RUSH ST Somerville, MA",DAYLIGHT,CLEAR,DRY,NONE,NO CONTROLS,T-INTERSECTION,"TWO-WAY, NOT DIVIDED",SINGLE VEHICLE CRASH,COLLISION WITH PEDESTRIAN,ROADWAY,25,0,0,0,1,0,1,0,0,1,1,0,0,0,42.3854,-71.087,1,2.50174E+14
19057971,08/10/2019 23:46,First Half (4PM - Midnight),"PEARL ST & RUSH ST Somerville, MA",DARK - LIGHTED ROADWAY,CLEAR,DRY,NONE,STOP SIGNS,T-INTERSECTION,"TWO-WAY, NOT DIVIDED","SIDESWIPE, OPPOSITE DIRECTION",COLLISION WITH MOTOR VEHICLE IN TRAFFIC,ROADWAY,25,0,0,0,0,0,3,0,0,0,0,0,0,0,42.3854,-71.087,1,2.50174E+14
21022234,04/05/2021 11:33,Day Shift (8AM - 4PM),"GLEN ST & PEARL ST Somerville, MA",DAYLIGHT,RAIN,WET,NONE,STOP SIGNS,FOUR WAY INTERSECTION,"TWO-WAY, NOT DIVIDED",REAR-END,COLLISION WITH MOTOR VEHICLE IN TRAFFIC,ROADWAY,25,0,0,0,0,0,3,0,0,0,0,0,0,0,42.3851,-71.0861,1,2.50174E+14
22007567,14/02/2022 17:00,First Half (4PM - Midnight),"68 GLEN ST Somerville, MA",DAYLIGHT,CLEAR,DRY,NONE,NO CONTROLS,NOT AT INTERSECTION,"ONE-WAY, NOT DIVIDED","SIDESWIPE, SAME DIRECTION",COLLISION WITH PARKED MOTOR VEHICLE,ROADWAY,25,0,0,0,0,0,1,0,0,0,0,0,0,0,42.3855,-71.0856,1,2.50174E+14
18057084,24/09/2018 11:14,Day Shift (8AM - 4PM),"24 WEBSTER ST Somerville, MA",DAYLIGHT,CLEAR,DRY,TRAFFIC CONGESTION RELATED,NO CONTROLS,T-INTERSECTION,"TWO-WAY, NOT DIVIDED","SIDESWIPE, SAME DIRECTION",COLLISION WITH PARKED MOTOR VEHICLE,ROADWAY,20,0,0,0,0,0,3,0,0,0,0,0,0,0,42.3857,-71.0855,1,2.50174E+14
21006781,06/02/2021 01:12,Last Half (Midnight - 8AM),"35 FRANKLIN ST Somerville, MA",DARK - LIGHTED ROADWAY,CLEAR,ICE,NONE,NO CONTROLS,NOT AT INTERSECTION,"ONE-WAY, NOT DIVIDED",REAR-END,COLLISION WITH PARKED MOTOR VEHICLE,ROADWAY,20,0,0,0,0,0,4,0,0,0,0,0,0,1,42.3849,-71.0843,1,2.50174E+14
21061321,24/11/2021 01:02,Last Half (Midnight - 8AM),"77 PEARL ST Somerville, MA",DARK - LIGHTED ROADWAY,CLEAR,DRY,UNKNOWN,NO CONTROLS,NOT AT INTERSECTION,"TWO-WAY, NOT DIVIDED",UNKNOWN,COLLISION WITH PARKED MOTOR VEHICLE,ROADWAY,25,0,0,0,0,1,4,0,0,0,0,0,0,0,42.3849,-71.0846,1,2.50174E+14
19068016,30/11/2019 01:21,Last Half (Midnight - 8AM),"GLEN ST & PEARL ST Somerville, MA",DARK - LIGHTED ROADWAY,CLEAR,DRY,NONE,STOP SIGNS,FOUR WAY INTERSECTION,"TWO-WAY, DIVIDED, UNPROTECTED MEDIAN","SIDESWIPE, OPPOSITE DIRECTION",COLLISION WITH PARKED MOTOR VEHICLE,ROADWAY,25,0,0,0,0,0,2,0,0,0,0,0,0,0,42.3851,-71.0861,1,2.50174E+14
22015870,25/03/2022 15:45,Day Shift (8AM - 4PM),"74 BROADWAY Somerville, MA",DAYLIGHT,CLEAR,DRY,NONE,NO CONTROLS,NOT AT INTERSECTION,"TWO-WAY, DIVIDED, POSITIVE MEDIAN BARRIER",SINGLE VEHICLE CRASH,COLLISION WITH PEDESTRIAN,UNKNOWN,25,0,0,0,1,0,3,0,0,1,1,0,0,0,42.3868,-71.0817,1,2.50174E+14
23045098,09/08/2023 19:06,First Half (4PM - Midnight),"76 BROADWAY Somerville, MA",DAYLIGHT,CLEAR,DRY,NONE,UNKNOWN,NOT AT INTERSECTION,"TWO-WAY, DIVIDED, UNPROTECTED MEDIAN","SIDESWIPE, SAME DIRECTION",COLLISION WITH PARKED MOTOR VEHICLE,SHOULDER - PAVED,35,0,0,0,0,0,4,0,0,0,0,0,0,0,42.3868,-71.0817,1,2.50174E+14
18073850,15/12/2018 20:46,First Half (4PM - Midnight),"82 BROADWAY Somerville, MA",DARK - LIGHTED ROADWAY,CLEAR,DRY,NONE,NO CONTROLS,NOT AT INTERSECTION,"TWO-WAY, DIVIDED, POSITIVE MEDIAN BARRIER",HEAD ON,COLLISION WITH PEDESTRIAN,ROADWAY,30,0,0,0,0,1,3,0,0,1,1,0,0,0,42.3869,-71.0821,1,2.50174E+14
22002511,17/01/2022 14:46,Day Shift (8AM - 4PM),"1 HATHORN ST Somerville, MA",DAYLIGHT,CLEAR,DRY,NONE,NO CONTROLS,NOT AT INTERSECTION,"ONE-WAY, NOT DIVIDED","SIDESWIPE, SAME DIRECTION",COLLISION WITH MOTOR VEHICLE IN TRAFFIC,OUTSIDE ROADWAY,20,0,0,0,0,0,6,0,0,0,0,0,0,0,42.387,-71.0818,1,2.50174E+14
23037981,07/07/2023 13:02,Day Shift (8AM - 4PM),"6 FRANKLIN ST Somerville, MA",DAYLIGHT,CLEAR,DRY,NONE,FLASHING TRAFIC CONTROL SIGNAL,NOT AT INTERSECTION,"ONE-WAY, NOT DIVIDED",SINGLE VEHICLE CRASH,COLLISION WITH PEDESTRIAN,ROADWAY,20,0,0,0,0,1,2,0,0,2,2,0,0,0,42.3867,-71.0824,1,2.50174E+14
19005839,01/02/2019 12:49,Day Shift (8AM - 4PM),"143 PERKINS ST Somerville, MA",DAYLIGHT,CLEAR,DRY,NONE,NO CONTROLS,NOT AT INTERSECTION,"ONE-WAY, NOT DIVIDED","SIDESWIPE, SAME DIRECTION",COLLISION WITH PARKED MOTOR VEHICLE,ROADWAY,25,0,0,0,0,0,4,0,0,0,0,0,0,0,42.3857,-71.0826,1,2.50174E+14
22014771,20/03/2022 19:40,First Half (4PM - Midnight),"FLORENCE ST & PERKINS ST Somerville, MA",DARK - LIGHTED ROADWAY,CLEAR,DRY,NONE,STOP SIGNS,T-INTERSECTION,"TWO-WAY, NOT DIVIDED",ANGLE,COLLISION WITH MOTOR VEHICLE IN TRAFFIC,OUTSIDE ROADWAY,20,0,0,0,0,0,3,0,0,0,0,0,0,0,42.3853,-71.0819,1,2.50174E+14
19057083,04/10/2019 16:41,First Half (4PM - Midnight),"36 FRANKLIN ST Somerville, MA",DAYLIGHT,CLEAR,DRY,NONE,NO CONTROLS,NOT AT INTERSECTION,"ONE-WAY, NOT DIVIDED","SIDESWIPE, SAME DIRECTION",COLLISION WITH PARKED MOTOR VEHICLE,ROADWAY,20,0,0,0,0,0,2,0,0,0,0,0,0,0,42.3847,-71.0839,1,2.50174E+14
23037786,06/07/2023 14:26,Day Shift (8AM - 4PM),"FRANKLIN ST & PEARL ST Somerville, MA",DAYLIGHT,CLEAR,DRY,NONE,NO CONTROLS,FOUR WAY INTERSECTION,"TWO-WAY, DIVIDED, UNPROTECTED MEDIAN",SINGLE VEHICLE CRASH,COLLISION WITH PEDALCYCLE,ROADWAY,20,1,0,1,0,0,2,0,0,1,0,0,1,0,42.3846,-71.0842,1,2.50174E+14
19063511,05/11/2019 17:40,First Half (4PM - Midnight),"FRANKLIN ST & PEARL ST Somerville, MA",DARK - LIGHTED ROADWAY,RAIN,WET,NONE,NO CONTROLS,T-INTERSECTION,"ONE-WAY, NOT DIVIDED",ANGLE,COLLISION WITH PEDESTRIAN,ROADWAY,25,0,0,0,0,1,0,0,0,1,1,0,0,1,42.3846,-71.0842,1,2.50174E+14
20058892,05/12/2020 10:53,Day Shift (8AM - 4PM),"28 FRANKLIN ST Somerville, MA",DAYLIGHT,RAIN,WET,UNKNOWN,NO CONTROLS,NOT AT INTERSECTION,"ONE-WAY, NOT DIVIDED","SIDESWIPE, SAME DIRECTION",COLLISION WITH PARKED MOTOR VEHICLE,ROADWAY,25,0,0,0,0,1,4,0,0,1,1,0,0,0,42.3851,-71.0836,1,2.50174E+14
23065693,12/11/2023 19:14,First Half (4PM - Midnight),"FRANKLIN ST & PEARL ST Somerville, MA",DARK - LIGHTED ROADWAY,CLEAR,DRY,NONE,NO CONTROLS,T-INTERSECTION,"ONE-WAY, NOT DIVIDED",HEAD ON,COLLISION WITH MOTOR VEHICLE IN TRAFFIC,ROADWAY,25,0,0,0,0,0,2,0,0,0,0,0,0,0,42.3846,-71.0842,1,2.50174E+14
23068136,26/11/2023 23:40,First Half (4PM - Midnight),"59 PEARL ST Somerville, MA",DARK - LIGHTED ROADWAY,RAIN,WET,ROAD SURFACE CONDITION,STOP SIGNS,FOUR WAY INTERSECTION,"ONE-WAY, NOT DIVIDED",HEAD ON,COLLISION WITH MEDIAN BARRIER,ROADWAY,20,0,0,0,0,0,3,0,0,0,0,0,0,0,42.3846,-71.0835,1,2.50174E+14
23055964,29/09/2023 20:07,First Half (4PM - Midnight),"PEARL & MYRTLE ST Somerville, MA",DARK - UNKNOWN ROADWAY LIGHTING,RAIN,WET,OBSTRUCTION IN ROADWAY,UNKNOWN,FOUR WAY INTERSECTION,UNKNOWN,SINGLE VEHICLE CRASH,COLLISION WITH CURB,ROADWAY,25,0,0,0,0,0,1,0,0,0,0,0,0,0,42.3843,-71.0834,1,2.50174E+14
20031915,26/06/2020 11:10,Day Shift (8AM - 4PM),"75 MYRTLE ST Somerville, MA",DAYLIGHT,CLEAR,DRY,TRAFFIC CONGESTION RELATED,NO CONTROLS,NOT AT INTERSECTION,"TWO-WAY, NOT DIVIDED","SIDESWIPE, SAME DIRECTION",COLLISION WITH PARKED MOTOR VEHICLE,ROADWAY,20,0,0,0,0,0,3,0,0,0,0,0,0,0,42.3846,-71.0828,1,2.50174E+14
22063292,04/11/2022 10:59,Day Shift (8AM - 4PM),"124 PERKINS ST Somerville, MA",DAYLIGHT,CLEAR,DRY,OTHER,NO CONTROLS,NOT AT INTERSECTION,"TWO-WAY, NOT DIVIDED","SIDESWIPE, SAME DIRECTION",COLLISION WITH PARKED MOTOR VEHICLE,ROADWAY,20,0,0,0,0,0,4,0,0,0,0,0,0,0,42.3852,-71.0823,1,2.50174E+14
23005182,30/01/2023 07:33,Last Half (Midnight - 8AM),"192 BROADWAY Somerville, MA",DAYLIGHT,CLEAR,DRY,NONE,NO CONTROLS,NOT AT INTERSECTION,"TWO-WAY, DIVIDED, UNPROTECTED MEDIAN","SIDESWIPE, SAME DIRECTION",COLLISION WITH MOTOR VEHICLE IN TRAFFIC,ROADWAY,25,0,0,0,0,0,3,0,0,0,0,0,0,0,42.389,-71.0874,1,2.50174E+14
22005010,01/02/2022 08:15,Day Shift (8AM - 4PM),"27 BONAIR ST Somerville, MA",DAYLIGHT,CLEAR,SLUSH,NONE,NO CONTROLS,NOT AT INTERSECTION,"ONE-WAY, NOT DIVIDED","SIDESWIPE, OPPOSITE DIRECTION",COLLISION WITH PARKED MOTOR VEHICLE,ROADWAY,25,0,0,0,0,0,3,0,0,0,0,0,0,0,42.3885,-71.0879,1,2.50174E+14
22002710,18/01/2022 14:38,Day Shift (8AM - 4PM),"CROSS ST & OTIS ST Somerville, MA",DAYLIGHT,CLEAR,DRY,OTHER,YIELD SIGNS,FOUR WAY INTERSECTION,"TWO-WAY, NOT DIVIDED",SINGLE VEHICLE CRASH,COLLISION WITH PEDESTRIAN,ROADWAY,20,0,0,0,1,0,2,0,0,1,1,0,0,0,42.3871,-71.087,1,2.50174E+14
22026458,13/05/2022 13:16,Day Shift (8AM - 4PM),"AUTUMN ST & BONAIR ST Somerville, MA",DAYLIGHT,CLEAR,DRY,NONE,NO CONTROLS,T-INTERSECTION,"ONE-WAY, NOT DIVIDED","SIDESWIPE, SAME DIRECTION",COLLISION WITH PARKED MOTOR VEHICLE,ROADWAY,25,0,0,0,0,0,3,0,0,0,0,0,0,0,42.388,-71.0879,1,2.50174E+14
20005021,28/01/2020 14:11,Day Shift (8AM - 4PM),"CROSS ST & OTIS ST Somerville, MA",DAYLIGHT,CLOUDY,DRY,NONE,NO CONTROLS,FOUR WAY INTERSECTION,"TWO-WAY, NOT DIVIDED","SIDESWIPE, SAME DIRECTION",COLLISION WITH MOTOR VEHICLE IN TRAFFIC,UNKNOWN,25,0,0,0,0,0,2,0,0,0,0,0,0,0,42.3871,-71.087,1,2.50174E+14
19042193,25/07/2019 10:11,Day Shift (8AM - 4PM),"BROOK ST & CROSS ST Somerville, MA",DAYLIGHT,CLEAR,DRY,NONE,NO CONTROLS,T-INTERSECTION,"TWO-WAY, NOT DIVIDED",ANGLE,COLLISION WITH MOTOR VEHICLE IN TRAFFIC,ROADWAY,20,0,0,0,0,0,0,2,0,0,0,0,0,0,42.3875,-71.0867,1,2.50174E+14
23028665,24/05/2023 15:08,Day Shift (8AM - 4PM),"AUTUMN ST & BONAIR ST Somerville, MA",DAYLIGHT,CLEAR,DRY,NONE,NO CONTROLS,T-INTERSECTION,"ONE-WAY, NOT DIVIDED",ANGLE,COLLISION WITH PEDALCYCLE,ROADWAY,25,0,0,0,1,0,1,0,0,1,0,1,0,0,42.388,-71.0879,1,2.50174E+14
19041078,19/07/2019 16:49,First Half (4PM - Midnight),"186 BROADWAY Somerville, MA",DAYLIGHT,CLEAR,DRY,NONE,STOP SIGNS,T-INTERSECTION,"TWO-WAY, DIVIDED, UNPROTECTED MEDIAN",ANGLE,COLLISION WITH MOTOR VEHICLE IN TRAFFIC,ROADWAY,30,0,0,0,2,0,0,0,0,0,0,0,0,0,42.3889,-71.087,1,2.50174E+14
20048995,10/10/2020 11:08,Day Shift (8AM - 4PM),"5 CROSS ST Somerville, MA",DAYLIGHT,CLEAR,DRY,NONE,NO CONTROLS,NOT AT INTERSECTION,"TWO-WAY, NOT DIVIDED",REAR-END,COLLISION WITH PARKED MOTOR VEHICLE,ROADSIDE,30,0,0,0,0,0,1,0,0,0,0,0,0,0,42.3884,-71.0864,1,2.50174E+14
23014517,20/03/2023 16:32,First Half (4PM - Midnight),"184 BROADWAY Somerville, MA",DAYLIGHT,CLEAR,DRY,NONE,TRAFFIC CONTROL SIGNAL,T-INTERSECTION,"TWO-WAY, DIVIDED, UNPROTECTED MEDIAN",ANGLE,COLLISION WITH MOTOR VEHICLE IN TRAFFIC,ROADWAY,25,0,0,0,0,0,4,0,0,0,0,0,0,0,42.3889,-71.0869,1,2.50174E+14
22025710,10/05/2022 14:43,Day Shift (8AM - 4PM),"171 PEARL ST Somerville, MA",DAYLIGHT,CLEAR,DRY,NONE,NO CONTROLS,NOT AT INTERSECTION,"TWO-WAY, NOT DIVIDED","SIDESWIPE, SAME DIRECTION",COLLISION WITH PARKED MOTOR VEHICLE,ROADWAY,25,0,0,0,0,0,3,0,0,0,0,0,0,0,42.3866,-71.0901,1,2.50174E+14
21059912,15/11/2021 07:49,Last Half (Midnight - 8AM),"137 PEARL ST Somerville, MA",DAYLIGHT,CLEAR,DRY,NONE,NO CONTROLS,NOT AT INTERSECTION,"TWO-WAY, NOT DIVIDED","SIDESWIPE, SAME DIRECTION",COLLISION WITH PARKED MOTOR VEHICLE,ROADSIDE,30,0,0,0,1,0,2,0,0,1,0,1,0,0,42.386,-71.0883,1,2.50174E+14
21008835,19/02/2021 15:47,Day Shift (8AM - 4PM),"66 PERKINS ST Somerville, MA",DAYLIGHT,SNOW,SNOW,ROAD SURFACE CONDITION,NO CONTROLS,FOUR WAY INTERSECTION,"ONE-WAY, NOT DIVIDED",REAR-END,COLLISION WITH MOTOR VEHICLE IN TRAFFIC,ROADWAY,25,0,0,0,0,0,3,0,0,0,0,0,0,0,42.3843,-71.0791,1,2.50174E+14
23053014,15/09/2023 12:00,Day Shift (8AM - 4PM),"65 FLORENCE ST Somerville, MA",DAYLIGHT,CLEAR,DRY,NONE,NO CONTROLS,NOT AT INTERSECTION,"TWO-WAY, NOT DIVIDED",SINGLE VEHICLE CRASH,COLLISION WITH TREE,OUTSIDE ROADWAY,25,0,0,0,0,1,1,0,0,0,0,0,0,0,42.3845,-71.0822,1,2.50174E+14
19029093,25/05/2019 23:16,First Half (4PM - Midnight),"65 FLORENCE ST Somerville, MA",DARK - LIGHTED ROADWAY,CLEAR,DRY,NONE,NO CONTROLS,NOT AT INTERSECTION,"TWO-WAY, NOT DIVIDED","SIDESWIPE, SAME DIRECTION",COLLISION WITH PARKED MOTOR VEHICLE,ROADWAY,25,0,0,0,0,0,1,0,0,0,0,0,0,0,42.3845,-71.0822,1,2.50174E+14
18033898,07/06/2018 10:06,Day Shift (8AM - 4PM),"INNER BELT RD & WASHINGTON ST Somerville, MA",DAYLIGHT,CLEAR,DRY,NONE,NO CONTROLS,T-INTERSECTION,"TWO-WAY, DIVIDED, UNPROTECTED MEDIAN","SIDESWIPE, SAME DIRECTION",COLLISION WITH MOTOR VEHICLE IN TRAFFIC,UNKNOWN,15,0,0,0,0,0,1,0,0,0,0,0,0,0,42.382,-71.0815,1,2.50174E+14
21052578,06/10/2021 06:16,Last Half (Midnight - 8AM),"INNER BELT RD & WASHINGTON ST Somerville, MA",DARK - LIGHTED ROADWAY,CLEAR,DRY,NONE,TRAFFIC CONTROL SIGNAL,T-INTERSECTION,"TWO-WAY, NOT DIVIDED",SINGLE VEHICLE CRASH,COLLISION WITH PEDESTRIAN,ROADWAY,25,0,0,0,1,0,1,0,0,1,1,0,0,0,42.382,-71.0815,1,2.50174E+14
19040301,16/07/2019 08:10,Day Shift (8AM - 4PM),"INNER BELT RD & WASHINGTON ST Somerville, MA",DAYLIGHT,CLEAR,DRY,NONE,TRAFFIC CONTROL SIGNAL,T-INTERSECTION,"TWO-WAY, NOT DIVIDED",UNKNOWN,COLLISION WITH MOTOR VEHICLE IN TRAFFIC,ROADWAY,30,1,0,0,0,0,3,0,0,0,0,0,0,0,42.382,-71.0815,1,2.50174E+14
18029251,17/05/2018 16:54,First Half (4PM - Midnight),"PEARL ST & PINCKNEY ST Somerville, MA",DAYLIGHT,CLEAR,DRY,NONE,STOP SIGNS,T-INTERSECTION,"TWO-WAY, NOT DIVIDED",ANGLE,COLLISION WITH MOTOR VEHICLE IN TRAFFIC,ROADWAY,25,0,0,0,0,0,2,0,0,0,0,0,0,0,42.3839,-71.0818,1,2.50174E+14
19032589,11/06/2019 02:09,Last Half (Midnight - 8AM),"93 MT VERNON ST Somerville, MA",DARK - LIGHTED ROADWAY,RAIN,WET,NONE,NO CONTROLS,NOT AT INTERSECTION,"ONE-WAY, NOT DIVIDED",ANGLE,COLLISION WITH PARKED MOTOR VEHICLE,ROADWAY,25,0,0,0,0,0,2,0,0,0,0,0,0,1,42.3823,-71.0819,1,2.50174E+14
19034188,18/06/2019 04:43,Last Half (Midnight - 8AM),"25 PINCKNEY ST Somerville, MA",DARK - LIGHTED ROADWAY,CLEAR,DRY,NONE,NO CONTROLS,NOT AT INTERSECTION,"ONE-WAY, NOT DIVIDED","SIDESWIPE, SAME DIRECTION",COLLISION WITH PARKED MOTOR VEHICLE,ROADSIDE,25,0,0,0,0,0,2,0,0,0,0,0,0,0,42.3831,-71.0822,1,2.50174E+14