Crash Number,Date and Time of Crash,Police Shift,Crash Location,Light Conditions,Weather Conditions,Road Surface,Road Contributing Circumstances,Traffic Control Device Type,Roadway Intersection Type,Trafficway Description,Manner of Collision,First Harmful Event,First Harmful Event Location,Speed Limit,Work Zone,Count Fatal Injury ,Count Suspected Serious Injury,Count Suspected Minor Injury ,Count Possible Injury,Count No Apparent Injury,Count Unknown Injury,Count Not Reported Injury,Total Non-Motorists,Pedestrian Involvement (Non-Motorist),Cyclist Involvement (Non-Motorist),Other Non-Motorist Involvement,Hit and Run Flag,Latitude,Longitude,Ward,Block Code 
21057909,03/11/2021 10:39,Day Shift (8AM - 4PM),"23 WASHINGTON ST Somerville, MA",DAYLIGHT,CLEAR,DRY,NONE,NO CONTROLS,NOT AT INTERSECTION,"TWO-WAY, NOT DIVIDED","SIDESWIPE, SAME DIRECTION",COLLISION WITH MOTOR VEHICLE IN TRAFFIC,ROADWAY,25,0,0,0,0,1,2,0,0,0,0,0,0,0,42.3821,-71.0821,1,2.50174E+14
23035620,26/06/2023 09:19,Day Shift (8AM - 4PM),"31 WASHINGTON ST Somerville, MA",DAYLIGHT,CLEAR,DRY,NONE,FLASHING TRAFIC CONTROL SIGNAL,NOT AT INTERSECTION,"TWO-WAY, DIVIDED, UNPROTECTED MEDIAN",REAR-END,COLLISION WITH MOTOR VEHICLE IN TRAFFIC,ROADWAY,20,0,0,0,0,0,4,0,0,0,0,0,0,0,42.3821,-71.0826,1,2.50174E+14
18053235,06/09/2018 05:31,Last Half (Midnight - 8AM),"FLORENCE ST & WASHINGTON ST Somerville, MA",DARK - LIGHTED ROADWAY,CLEAR,DRY,NONE,NO CONTROLS,T-INTERSECTION,"ONE-WAY, NOT DIVIDED","SIDESWIPE, SAME DIRECTION",COLLISION WITH LIGHT POLE OR OTHER POST/SUPPORT,ROADSIDE,25,0,0,0,0,0,0,0,0,0,0,0,0,0,42.3818,-71.0831,1,2.50174E+14
21018841,15/04/2021 10:59,Day Shift (8AM - 4PM),"31 WASHINGTON ST Somerville, MA",DAYLIGHT,CLOUDY,DRY,NONE,NO CONTROLS,NOT AT INTERSECTION,"TWO-WAY, NOT DIVIDED",REAR-END,COLLISION WITH MOTOR VEHICLE IN TRAFFIC,ROADWAY,25,0,0,0,0,0,4,0,0,0,0,0,0,0,42.3821,-71.0826,1,2.50174E+14
20034071,10/07/2020 09:44,Day Shift (8AM - 4PM),"FLORENCE ST & WASHINGTON ST Somerville, MA",DAYLIGHT,CLOUDY,DRY,NONE,TRAFFIC CONTROL SIGNAL,T-INTERSECTION,"TWO-WAY, NOT DIVIDED",REAR-END,COLLISION WITH MOTOR VEHICLE IN TRAFFIC,ROADWAY,25,0,0,0,0,0,3,0,0,0,0,0,0,0,42.3818,-71.0831,1,2.50174E+14
24015650,20/03/2024 14:01,Day Shift (8AM - 4PM),"FLORENCE ST & PEARL ST Somerville, MA",DAYLIGHT,CLOUDY,DRY,NONE,STOP SIGNS,FOUR WAY INTERSECTION,"TWO-WAY, NOT DIVIDED",ANGLE,COLLISION WITH MOTOR VEHICLE IN TRAFFIC,ROADWAY,25,0,0,0,0,0,3,0,0,0,0,0,0,0,42.3841,-71.0827,1,2.50174E+14
23014307,19/03/2023 21:31,First Half (4PM - Midnight),"31 WASHINGTON STREET Somerville, MA",DARK - LIGHTED ROADWAY,CLEAR,DRY,NONE,TRAFFIC CONTROL SIGNAL,NOT AT INTERSECTION,"TWO-WAY, DIVIDED, UNPROTECTED MEDIAN","SIDESWIPE, SAME DIRECTION",COLLISION WITH MOTOR VEHICLE IN TRAFFIC,ROADWAY,25,0,0,2,0,0,3,0,0,0,0,0,0,0,42.3821,-71.0826,1,2.50174E+14
23061677,24/10/2023 18:13,First Half (4PM - Midnight),"31 WASHINGTON ST Somerville, MA",DARK - LIGHTED ROADWAY,CLEAR,DRY,TRAFFIC CONTROL DEVICE,STOP SIGNS,T-INTERSECTION,"TWO-WAY, NOT DIVIDED",ANGLE,COLLISION WITH PEDALCYCLE,ROADWAY,25,0,0,0,0,0,2,0,0,1,0,1,0,0,42.3821,-71.0826,1,2.50174E+14
23005204,30/01/2023 10:47,Day Shift (8AM - 4PM),"31 WASHINGTON ST Somerville, MA",DAYLIGHT,CLEAR,DRY,NONE,NO CONTROLS,NOT AT INTERSECTION,UNKNOWN,SINGLE VEHICLE CRASH,OTHER,OUTSIDE ROADWAY,25,0,0,0,0,0,2,0,0,0,0,0,0,0,42.3821,-71.0826,1,2.50174E+14
23044738,08/08/2023 09:56,Day Shift (8AM - 4PM),"WASHINGTON STREET & FLORENCE STREET Somerville, MA",DAYLIGHT,RAIN,WET,NONE,NO CONTROLS,T-INTERSECTION,"TWO-WAY, NOT DIVIDED",REAR-END,COLLISION WITH MOTOR VEHICLE IN TRAFFIC,ROADWAY,25,0,0,0,0,0,4,0,0,0,0,0,0,0,42.3818,-71.0831,1,2.50174E+14
22046014,17/08/2022 21:32,First Half (4PM - Midnight),"38 PEARL ST Somerville, MA",DARK - ROADWAY NOT LIGHTED,RAIN,WET,UNKNOWN,NO CONTROLS,NOT AT INTERSECTION,"TWO-WAY, NOT DIVIDED",SINGLE VEHICLE CRASH,COLLISION WITH PEDESTRIAN,ROADWAY,20,0,0,0,0,0,2,0,0,1,0,0,1,0,42.3838,-71.0822,1,2.50174E+14
18032457,31/05/2018 13:06,Day Shift (8AM - 4PM),"31 WASHINGTON ST Somerville, MA",DAYLIGHT,CLEAR,DRY,UNKNOWN,NO CONTROLS,NOT AT INTERSECTION,"TWO-WAY, DIVIDED, UNPROTECTED MEDIAN",REAR-END,COLLISION WITH MOTOR VEHICLE IN TRAFFIC,UNKNOWN,25,0,0,0,0,0,4,0,0,0,0,0,0,0,42.3821,-71.0826,1,2.50174E+14
22004276,27/01/2022 18:49,First Half (4PM - Midnight),"31 WASHINGTON ST Somerville, MA",DARK - LIGHTED ROADWAY,CLEAR,DRY,NONE,NO CONTROLS,NOT AT INTERSECTION,"TWO-WAY, NOT DIVIDED",REAR-END,COLLISION WITH MOTOR VEHICLE IN TRAFFIC,ROADWAY,25,0,0,0,0,0,3,0,0,0,0,0,0,0,42.3821,-71.0826,1,2.50174E+14
23007706,11/02/2023 10:28,Day Shift (8AM - 4PM),"69 MYRTLE ST Somerville, MA",DAYLIGHT,CLEAR,DRY,NONE,STOP SIGNS,FOUR WAY INTERSECTION,"ONE-WAY, NOT DIVIDED","SIDESWIPE, SAME DIRECTION",COLLISION WITH PARKED MOTOR VEHICLE,ROADWAY,25,0,0,0,0,0,4,0,0,0,0,0,0,0,42.3842,-71.0833,1,2.50174E+14
19058071,09/10/2019 14:19,Day Shift (8AM - 4PM),"MYRTLE ST & NA Somerville, MA",DAYLIGHT,CLOUDY,DRY,NONE,STOP SIGNS,FOUR WAY INTERSECTION,"TWO-WAY, NOT DIVIDED",ANGLE,COLLISION WITH MOTOR VEHICLE IN TRAFFIC,ROADWAY,25,0,0,0,0,0,4,0,0,0,0,0,0,0,42.3837,-71.0839,1,2.50174E+14
20042801,04/09/2020 23:43,First Half (4PM - Midnight),"52 PEARL ST Somerville, MA",DARK - ROADWAY NOT LIGHTED,CLEAR,DRY,NONE,NO CONTROLS,NOT AT INTERSECTION,"TWO-WAY, NOT DIVIDED",HEAD ON,COLLISION WITH MOTOR VEHICLE IN TRAFFIC,ROADWAY,25,0,0,0,0,1,2,0,0,0,0,0,0,0,42.3841,-71.0831,1,2.50174E+14
22004123,26/01/2022 19:32,First Half (4PM - Midnight),"48 PEARL ST Somerville, MA",DARK - LIGHTED ROADWAY,CLEAR,DRY,NONE,NO CONTROLS,NOT AT INTERSECTION,"TWO-WAY, NOT DIVIDED","SIDESWIPE, SAME DIRECTION",COLLISION WITH PARKED MOTOR VEHICLE,ROADWAY,20,0,0,0,0,0,1,0,0,0,0,0,0,0,42.384,-71.0829,1,2.50174E+14
20062219,25/12/2020 19:59,First Half (4PM - Midnight),"FRANKLIN AV & WASHINGTON ST Somerville, MA",DARK - LIGHTED ROADWAY,RAIN,WET,NONE,NO CONTROLS,T-INTERSECTION,"TWO-WAY, NOT DIVIDED","SIDESWIPE, OPPOSITE DIRECTION",COLLISION WITH PARKED MOTOR VEHICLE,SHOULDER - PAVED,25,0,0,0,0,0,3,0,0,0,0,0,0,0,42.3815,-71.085,1,2.50174E+14
22004952,31/01/2022 23:17,First Half (4PM - Midnight),"MYRTLE ST & WASHINGTON ST Somerville, MA",DARK - LIGHTED ROADWAY,SNOW,SNOW,NONE,TRAFFIC CONTROL SIGNAL,T-INTERSECTION,"TWO-WAY, NOT DIVIDED",REAR-END,COLLISION WITH MOTOR VEHICLE IN TRAFFIC,ROADWAY,25,0,0,0,3,2,0,0,0,0,0,0,0,0,42.3817,-71.0839,1,2.50174E+14
19011088,28/02/2019 17:25,First Half (4PM - Midnight),"FRANKLIN AV & WASHINGTON ST Somerville, MA",DUSK,CLEAR,DRY,NONE,NO CONTROLS,T-INTERSECTION,"TWO-WAY, NOT DIVIDED",REAR-END,COLLISION WITH MOTOR VEHICLE IN TRAFFIC,ROADWAY,30,0,0,0,0,1,5,0,0,0,0,0,0,0,42.3815,-71.085,1,2.50174E+14
22037561,06/07/2022 11:40,Day Shift (8AM - 4PM),"MYRTLE ST & WASHINGTON ST Somerville, MA",DAYLIGHT,CLEAR,DRY,NONE,TRAFFIC CONTROL SIGNAL,T-INTERSECTION,"TWO-WAY, NOT DIVIDED",REAR-END,COLLISION WITH MOTOR VEHICLE IN TRAFFIC,ROADWAY,25,0,0,0,1,0,2,0,0,0,0,0,0,0,42.3817,-71.0839,1,2.50174E+14
21008385,16/02/2021 23:33,First Half (4PM - Midnight),"WASHINGTON ST & MYRTLE ST Somerville, MA",DARK - LIGHTED ROADWAY,CLEAR,DRY,NONE,TRAFFIC CONTROL SIGNAL,FOUR WAY INTERSECTION,"TWO-WAY, NOT DIVIDED","SIDESWIPE, OPPOSITE DIRECTION",COLLISION WITH MOTOR VEHICLE IN TRAFFIC,ROADWAY,25,0,0,0,2,0,0,1,0,0,0,0,0,0,42.3817,-71.0839,1,2.50174E+14
18037051,21/06/2018 16:39,First Half (4PM - Midnight),"1 FRANKLIN AV Somerville, MA",DAYLIGHT,CLEAR,DRY,NONE,NO CONTROLS,T-INTERSECTION,"TWO-WAY, NOT DIVIDED",ANGLE,COLLISION WITH PEDALCYCLE,ROADWAY,30,0,0,0,0,1,3,0,0,1,0,1,0,0,42.3816,-71.0849,1,2.50174E+14
22027640,18/05/2022 16:52,First Half (4PM - Midnight),"MYRTLE ST & WASHINGTON ST Somerville, MA",DAYLIGHT,CLEAR,DRY,NONE,TRAFFIC CONTROL SIGNAL,T-INTERSECTION,"TWO-WAY, NOT DIVIDED",ANGLE,COLLISION WITH PEDALCYCLE,ROADWAY,25,0,0,0,1,0,1,0,0,1,0,1,0,0,42.3817,-71.0839,1,2.50174E+14
1800000063,11/07/2018 20:56,First Half (4PM - Midnight),"MYRTLE ST & WASHINGTON ST Somerville, MA",DARK - LIGHTED ROADWAY,CLEAR,DRY,NONE,TRAFFIC CONTROL SIGNAL,T-INTERSECTION,"TWO-WAY, NOT DIVIDED",REAR-END,COLLISION WITH MOTOR VEHICLE IN TRAFFIC,ROADWAY,25,0,0,0,0,0,3,0,0,0,0,0,0,0,42.3817,-71.0839,1,2.50174E+14
23067404,21/11/2023 15:24,Day Shift (8AM - 4PM),"FRANKLIN AV & WASHINGTON ST Somerville, MA",DAYLIGHT,CLEAR,DRY,NONE,NO CONTROLS,T-INTERSECTION,"TWO-WAY, NOT DIVIDED",SINGLE VEHICLE CRASH,COLLISION WITH OTHER MOVABLE OBJECT,ROADWAY,25,0,0,0,1,0,2,0,0,1,0,1,0,0,42.3815,-71.085,1,2.50174E+14
18030433,22/05/2018 21:40,First Half (4PM - Midnight),"FRANKLIN AV & WASHINGTON ST Somerville, MA",DARK - LIGHTED ROADWAY,CLEAR,DRY,NONE,NO CONTROLS,T-INTERSECTION,"TWO-WAY, NOT DIVIDED",SINGLE VEHICLE CRASH,COLLISION WITH MOTOR VEHICLE IN TRAFFIC,ROADWAY,25,0,0,0,0,0,4,0,0,0,0,0,0,0,42.3815,-71.085,1,2.50174E+14
21015598,27/03/2021 20:09,First Half (4PM - Midnight),"97 WASHINGTON ST Somerville, MA",DARK - LIGHTED ROADWAY,CLEAR,DRY,NONE,NO CONTROLS,NOT AT INTERSECTION,"TWO-WAY, DIVIDED, UNPROTECTED MEDIAN",ANGLE,COLLISION WITH MOTOR VEHICLE IN TRAFFIC,ROADWAY,25,0,0,0,0,1,1,0,0,0,0,0,0,0,42.3816,-71.0859,1,2.50174E+14
20016285,25/03/2020 17:07,First Half (4PM - Midnight),"91 WASHINGTON ST Somerville, MA",DAYLIGHT,CLEAR,DRY,NONE,NO CONTROLS,NOT AT INTERSECTION,"TWO-WAY, DIVIDED, UNPROTECTED MEDIAN","SIDESWIPE, SAME DIRECTION",COLLISION WITH PARKED MOTOR VEHICLE,UNKNOWN,25,0,0,0,0,0,2,0,0,0,0,0,0,0,42.3817,-71.0856,1,2.50174E+14
19027794,20/05/2019 17:26,First Half (4PM - Midnight),"CROSS ST & PEARL ST Somerville, MA",DAYLIGHT,CLOUDY,DRY,TRAFFIC CONGESTION RELATED,TRAFFIC CONTROL SIGNAL,FOUR WAY INTERSECTION,"TWO-WAY, NOT DIVIDED","SIDESWIPE, SAME DIRECTION",COLLISION WITH MOTOR VEHICLE IN TRAFFIC,ROADWAY,20,0,0,0,0,0,3,0,0,0,0,0,0,0,42.3857,-71.0878,1,2.50174E+14
22034286,18/06/2022 15:22,Day Shift (8AM - 4PM),"PEARL ST & CROSS ST Somerville, MA",DAYLIGHT,CLEAR,DRY,NONE,TRAFFIC CONTROL SIGNAL,FOUR WAY INTERSECTION,"TWO-WAY, NOT DIVIDED",ANGLE,COLLISION WITH MOTOR VEHICLE IN TRAFFIC,ROADWAY,20,0,0,0,0,1,2,0,0,0,0,0,0,1,42.3857,-71.0878,1,2.50174E+14
19027825,20/05/2019 19:35,First Half (4PM - Midnight),"CROSS ST & PEARL ST Somerville, MA",DAYLIGHT,CLOUDY,DRY,NONE,TRAFFIC CONTROL SIGNAL,FOUR WAY INTERSECTION,"TWO-WAY, NOT DIVIDED","SIDESWIPE, SAME DIRECTION",COLLISION WITH MOTOR VEHICLE IN TRAFFIC,ROADWAY,20,0,0,0,0,0,3,0,0,0,0,0,0,0,42.3857,-71.0878,1,2.50174E+14
23065298,10/11/2023 16:31,First Half (4PM - Midnight),"CROSS ST & PEARL ST Somerville, MA",DUSK,CLEAR,DRY,NONE,NO CONTROLS,T-INTERSECTION,"TWO-WAY, NOT DIVIDED","SIDESWIPE, SAME DIRECTION",COLLISION WITH PEDALCYCLE,ROADWAY,20,0,0,0,1,0,2,0,0,1,0,1,0,0,42.3857,-71.0878,1,2.50174E+14
18067867,15/11/2018 17:49,First Half (4PM - Midnight),"CROSS ST & PEARL ST Somerville, MA",DARK - LIGHTED ROADWAY,CLEAR,DRY,NONE,TRAFFIC CONTROL SIGNAL,FOUR WAY INTERSECTION,"TWO-WAY, NOT DIVIDED",HEAD ON,COLLISION WITH OTHER MOVABLE OBJECT,UNKNOWN,25,0,0,0,0,0,3,0,0,0,0,0,0,0,42.3857,-71.0878,1,2.50174E+14
21040410,04/08/2021 22:47,First Half (4PM - Midnight),"39 GILMAN ST Somerville, MA",DARK - LIGHTED ROADWAY,RAIN,WET,UNKNOWN,NO CONTROLS,NOT AT INTERSECTION,"ONE-WAY, NOT DIVIDED","SIDESWIPE, SAME DIRECTION",COLLISION WITH PARKED MOTOR VEHICLE,UNKNOWN,25,0,0,0,0,0,3,0,0,0,0,0,0,0,42.3852,-71.0906,1,2.50174E+14
18030153,21/05/2018 16:44,First Half (4PM - Midnight),"75 CROSS ST Somerville, MA",DAYLIGHT,CLEAR,DRY,NONE,NO CONTROLS,NOT AT INTERSECTION,"TWO-WAY, NOT DIVIDED","SIDESWIPE, SAME DIRECTION",COLLISION WITH PARKED MOTOR VEHICLE,ROADSIDE,30,0,0,0,0,0,1,0,0,0,0,0,0,1,42.3856,-71.0882,1,2.50174E+14
18060458,10/10/2018 17:20,First Half (4PM - Midnight),"CROSS ST & PEARL ST Somerville, MA",DAYLIGHT,CLEAR,DRY,TRAFFIC CONGESTION RELATED,TRAFFIC CONTROL SIGNAL,FOUR WAY INTERSECTION,"TWO-WAY, NOT DIVIDED","SIDESWIPE, SAME DIRECTION",COLLISION WITH MOTOR VEHICLE IN TRAFFIC,ROADWAY,20,0,0,0,0,0,3,0,0,0,0,0,0,0,42.3857,-71.0878,1,2.50174E+14
19042551,26/07/2019 21:44,First Half (4PM - Midnight),"CROSS ST & PEARL ST Somerville, MA",DARK - LIGHTED ROADWAY,CLEAR,DRY,NONE,TRAFFIC CONTROL SIGNAL,FOUR WAY INTERSECTION,"TWO-WAY, NOT DIVIDED",REAR-END,COLLISION WITH MOTOR VEHICLE IN TRAFFIC,ROADWAY,20,0,0,0,0,0,2,0,0,0,0,0,0,0,42.3857,-71.0878,1,2.50174E+14
20023768,08/05/2020 01:03,Last Half (Midnight - 8AM),"89 CROSS ST Somerville, MA",DARK - LIGHTED ROADWAY,CLEAR,DRY,NONE,NO CONTROLS,NOT AT INTERSECTION,"TWO-WAY, NOT DIVIDED","SIDESWIPE, OPPOSITE DIRECTION",COLLISION WITH PARKED MOTOR VEHICLE,ROADWAY,25,0,0,0,0,0,2,0,0,0,0,0,0,0,42.3851,-71.0886,1,2.50174E+14
22040678,22/07/2022 09:47,Day Shift (8AM - 4PM),"CROSS ST & PEARL ST Somerville, MA",DAYLIGHT,CLEAR,DRY,NONE,TRAFFIC CONTROL SIGNAL,FOUR WAY INTERSECTION,"TWO-WAY, NOT DIVIDED","SIDESWIPE, SAME DIRECTION",COLLISION WITH PARKED MOTOR VEHICLE,ROADWAY,20,0,0,0,0,0,3,0,0,0,0,0,0,0,42.3857,-71.0878,1,2.50174E+14
21047980,13/09/2021 14:01,Day Shift (8AM - 4PM),"11 GILMAN ST Somerville, MA",DAYLIGHT,CLEAR,DRY,NONE,NO CONTROLS,NOT AT INTERSECTION,"ONE-WAY, NOT DIVIDED",SINGLE VEHICLE CRASH,COLLISION WITH BRIDGE OVERHEAD STRUCTURE,ROADWAY,20,0,0,0,0,0,3,0,0,0,0,0,0,0,42.3845,-71.0894,1,2.50174E+14
18046431,05/08/2018 00:31,Last Half (Midnight - 8AM),"10 FLINT AV Somerville, MA",DARK - LIGHTED ROADWAY,CLEAR,DRY,NONE,NO CONTROLS,NOT AT INTERSECTION,"TWO-WAY, NOT DIVIDED",ANGLE,COLLISION WITH PARKED MOTOR VEHICLE,ROADWAY,25,0,0,0,0,0,1,0,0,0,0,0,0,1,42.3855,-71.0893,1,2.50174E+14
23012621,11/03/2023 04:04,Last Half (Midnight - 8AM),"103 CROSS ST Somerville, MA",DARK - LIGHTED ROADWAY,CLEAR,DRY,NONE,NO CONTROLS,NOT AT INTERSECTION,"TWO-WAY, NOT DIVIDED","SIDESWIPE, OPPOSITE DIRECTION",COLLISION WITH PARKED MOTOR VEHICLE,ROADWAY,25,0,0,0,1,0,3,0,0,0,0,0,0,0,42.3847,-71.0889,1,2.50174E+14
20036512,26/07/2020 16:37,First Half (4PM - Midnight),"184 PEARL ST Somerville, MA",DAYLIGHT,CLEAR,DRY,OBSTRUCTION IN ROADWAY,NO CONTROLS,NOT AT INTERSECTION,"TWO-WAY, NOT DIVIDED",ANGLE,COLLISION WITH MOTOR VEHICLE IN TRAFFIC,ROADWAY,25,0,0,0,0,0,3,0,0,0,0,0,0,0,42.3866,-71.0913,1,2.50174E+14
20015698,21/03/2020 09:56,Day Shift (8AM - 4PM),"180 PEARL ST Somerville, MA",DAYLIGHT,CLEAR,DRY,NONE,NO CONTROLS,DRIVEWAY,UNKNOWN,SINGLE VEHICLE CRASH,COLLISION WITH UNKNOWN FIXED OBJECT,OUTSIDE ROADWAY,25,0,0,0,0,0,3,0,0,2,0,0,2,0,42.3865,-71.0911,1,2.50174E+14
19034317,18/06/2019 16:00,First Half (4PM - Midnight),"DANA ST & PEARL ST Somerville, MA",DAYLIGHT,RAIN,WET,NONE,NO CONTROLS,T-INTERSECTION,"TWO-WAY, NOT DIVIDED",ANGLE,COLLISION WITH MOTOR VEHICLE IN TRAFFIC,ROADWAY,25,0,0,0,0,0,2,0,0,0,0,0,0,0,42.3866,-71.0908,1,2.50174E+14
23011670,05/03/2023 20:25,First Half (4PM - Midnight),"198 PEARL STREET Somerville, MA",DARK - LIGHTED ROADWAY,CLEAR,DRY,NONE,NO CONTROLS,NOT AT INTERSECTION,"TWO-WAY, DIVIDED, UNPROTECTED MEDIAN","SIDESWIPE, SAME DIRECTION",COLLISION WITH PARKED MOTOR VEHICLE,ROADWAY,25,0,0,0,1,0,2,0,0,1,0,0,1,1,42.3869,-71.0921,1,2.50174E+14
23032398,11/06/2023 04:14,Last Half (Midnight - 8AM),"109 WALNUT ST Somerville, MA",DARK - LIGHTED ROADWAY,CLEAR,DRY,NONE,NO CONTROLS,NOT AT INTERSECTION,"ONE-WAY, NOT DIVIDED","SIDESWIPE, SAME DIRECTION",COLLISION WITH PARKED MOTOR VEHICLE,ROADWAY,25,1,0,0,0,0,5,0,0,0,0,0,0,1,42.387,-71.0931,4,2.50174E+14
19024183,02/05/2019 17:56,First Half (4PM - Midnight),"240 PEARL ST Somerville, MA",DAYLIGHT,CLOUDY,DRY,UNKNOWN,NO CONTROLS,T-INTERSECTION,"TWO-WAY, NOT DIVIDED",ANGLE,COLLISION WITH MOTOR VEHICLE IN TRAFFIC,ROADWAY,25,0,0,0,0,0,3,0,0,0,0,0,0,0,42.3878,-71.0952,4,2.50174E+14
22060382,21/10/2022 13:48,Day Shift (8AM - 4PM),"110 WALNUT ST Somerville, MA",DAYLIGHT,CLOUDY,DRY,NONE,TRAFFIC CONTROL SIGNAL,NOT AT INTERSECTION,"ONE-WAY, NOT DIVIDED","SIDESWIPE, SAME DIRECTION",COLLISION WITH PARKED MOTOR VEHICLE,ROADWAY,20,0,0,0,0,0,2,0,0,0,0,0,0,0,42.3873,-71.0934,4,2.50174E+14
19040067,15/07/2019 09:37,Day Shift (8AM - 4PM),"68 GILMAN ST Somerville, MA",DAYLIGHT,CLEAR,DRY,NONE,NO CONTROLS,NOT AT INTERSECTION,"ONE-WAY, NOT DIVIDED",ANGLE,COLLISION WITH MOTOR VEHICLE IN TRAFFIC,ROADWAY,20,0,0,0,0,1,1,0,0,0,0,0,0,0,42.3855,-71.0918,4,2.50174E+14
19070160,11/12/2019 05:03,Last Half (Midnight - 8AM),"46 ALDRICH ST Somerville, MA",DARK - LIGHTED ROADWAY,SNOW,SNOW,NONE,NO CONTROLS,NOT AT INTERSECTION,"TWO-WAY, NOT DIVIDED",REAR TO REAR,COLLISION WITH PARKED MOTOR VEHICLE,ROADWAY,15,0,0,0,0,0,3,0,0,0,0,0,0,0,42.385,-71.0915,4,2.50174E+14
22020277,15/04/2022 11:02,Day Shift (8AM - 4PM),"59 GILMAN STREET Somerville, MA",DAYLIGHT,CLEAR,DRY,NONE,WARNING SIGNS,NOT AT INTERSECTION,"ONE-WAY, NOT DIVIDED",SINGLE VEHICLE CRASH,COLLISION WITH BRIDGE OVERHEAD STRUCTURE,ROADWAY,25,0,0,0,2,0,1,0,0,0,0,0,0,0,42.3855,-71.0913,1,2.50174E+14
19061438,26/10/2019 03:14,Last Half (Midnight - 8AM),"109 CROSS ST Somerville, MA",DARK - LIGHTED ROADWAY,CLEAR,DRY,NONE,NO CONTROLS,T-INTERSECTION,"TWO-WAY, NOT DIVIDED",ANGLE,COLLISION WITH MOTOR VEHICLE IN TRAFFIC,ROADWAY,25,0,0,0,0,0,2,0,0,0,0,0,0,0,42.3844,-71.0894,1,2.50174E+14
18059679,06/10/2018 23:56,First Half (4PM - Midnight),"AUBURN AV & NA Somerville, MA",DARK - LIGHTED ROADWAY,CLEAR,DRY,NONE,TRAFFIC CONTROL SIGNAL,T-INTERSECTION,"TWO-WAY, NOT DIVIDED",REAR-END,COLLISION WITH MOTOR VEHICLE IN TRAFFIC,ROADWAY,30,0,0,0,0,0,3,0,0,0,0,0,0,1,42.3841,-71.0902,1,2.50174E+14
19068303,02/12/2019 00:09,Last Half (Midnight - 8AM),"CROSS ST & GILMAN ST Somerville, MA",DARK - LIGHTED ROADWAY,SNOW,WET,NONE,NO CONTROLS,FOUR WAY INTERSECTION,"TWO-WAY, DIVIDED, UNPROTECTED MEDIAN",SINGLE VEHICLE CRASH,COLLISION WITH PEDESTRIAN,ROADWAY,25,0,0,0,0,1,1,0,0,1,1,0,0,0,42.3842,-71.0891,1,2.50174E+14
19012372,06/03/2019 16:42,First Half (4PM - Midnight),"117 CROSS ST Somerville, MA",DAYLIGHT,CLEAR,WET,NONE,NO CONTROLS,NOT AT INTERSECTION,"TWO-WAY, NOT DIVIDED",REAR-END,COLLISION WITH PARKED MOTOR VEHICLE,ROADWAY,20,0,0,0,0,0,3,0,0,0,0,0,0,0,42.3839,-71.0896,1,2.50174E+14
18028950,16/05/2018 14:16,Day Shift (8AM - 4PM),"CROSS ST & OLIVER ST Somerville, MA",DAYLIGHT,CLEAR,DRY,NONE,STOP SIGNS,T-INTERSECTION,"TWO-WAY, NOT DIVIDED",HEAD ON,COLLISION WITH MOPED,ROADWAY,25,0,0,0,1,0,1,0,0,0,0,0,0,0,42.3842,-71.0891,1,2.50174E+14
22019674,12/04/2022 21:57,First Half (4PM - Midnight),"CROSS ST & GILMAN ST Somerville, MA",DARK - LIGHTED ROADWAY,CLEAR,DRY,NONE,STOP SIGNS,T-INTERSECTION,"TWO-WAY, DIVIDED, UNPROTECTED MEDIAN",ANGLE,COLLISION WITH MOTOR VEHICLE IN TRAFFIC,UNKNOWN,25,0,0,0,0,0,4,1,0,0,0,0,0,0,42.3842,-71.0891,1,2.50174E+14
20036689,27/07/2020 19:18,First Half (4PM - Midnight),"27 FLINT ST Somerville, MA",DAYLIGHT,CLEAR,DRY,NONE,NO CONTROLS,NOT AT INTERSECTION,"TWO-WAY, NOT DIVIDED",REAR-END,COLLISION WITH MOTOR VEHICLE IN TRAFFIC,ROADWAY,25,0,0,0,0,0,3,0,0,0,0,0,0,0,42.3843,-71.0863,1,2.50174E+14
19054938,24/09/2019 07:19,Last Half (Midnight - 8AM),"FLINT ST & GLEN ST Somerville, MA",DAYLIGHT,CLEAR,DRY,NONE,STOP SIGNS,FOUR WAY INTERSECTION,"ONE-WAY, NOT DIVIDED",SINGLE VEHICLE CRASH,COLLISION WITH PEDESTRIAN,ROADWAY,25,0,0,0,0,0,1,1,0,1,1,0,0,0,42.3842,-71.0866,1,2.50174E+14