Crash Number,Date and Time of Crash,Police Shift,Crash Location,Light Conditions,Weather Conditions,Road Surface,Road Contributing Circumstances,Traffic Control Device Type,Roadway Intersection Type,Trafficway Description,Manner of Collision,First Harmful Event,First Harmful Event Location,Speed Limit,Work Zone,Count Fatal Injury ,Count Suspected Serious Injury,Count Suspected Minor Injury ,Count Possible Injury,Count No Apparent Injury,Count Unknown Injury,Count Not Reported Injury,Total Non-Motorists,Pedestrian Involvement (Non-Motorist),Cyclist Involvement (Non-Motorist),Other Non-Motorist Involvement,Hit and Run Flag,Latitude,Longitude,Ward,Block Code 
19058464,11/10/2019 14:38,Day Shift (8AM - 4PM),"FLINT ST & GLEN ST Somerville, MA",DAYLIGHT,RAIN,WET,NONE,STOP SIGNS,FOUR WAY INTERSECTION,"TWO-WAY, NOT DIVIDED",SINGLE VEHICLE CRASH,COLLISION WITH MOTOR VEHICLE IN TRAFFIC,ROADWAY,25,0,0,0,0,0,3,0,0,0,0,0,0,0,42.3842,-71.0866,1,2.50174E+14
20013611,09/03/2020 15:02,Day Shift (8AM - 4PM),"CROSS ST & RANDOLPH PL Somerville, MA",DAYLIGHT,CLEAR,DRY,NONE,NO CONTROLS,T-INTERSECTION,"TWO-WAY, NOT DIVIDED",ANGLE,COLLISION WITH MOTOR VEHICLE IN TRAFFIC,ROADWAY,30,0,0,0,0,0,3,0,0,0,0,0,0,0,42.3854,-71.088,1,2.50174E+14
20061719,22/12/2020 11:56,Day Shift (8AM - 4PM),"76 CROSS STREET Somerville, MA",DAYLIGHT,CLEAR,WET,NONE,TRAFFIC CONTROL SIGNAL,NOT AT INTERSECTION,"TWO-WAY, NOT DIVIDED","SIDESWIPE, SAME DIRECTION",COLLISION WITH PARKED MOTOR VEHICLE,ROADSIDE,25,0,0,0,1,0,2,0,0,0,0,0,0,0,42.3854,-71.0878,1,2.50174E+14
19021133,18/04/2019 03:19,Last Half (Midnight - 8AM),"FLINT ST & CROSS ST Somerville, MA",DARK - LIGHTED ROADWAY,CLEAR,DRY,UNKNOWN,NO CONTROLS,FOUR WAY INTERSECTION,UNKNOWN,HEAD ON,COLLISION WITH PARKED MOTOR VEHICLE,ROADWAY,35,0,0,0,0,0,4,0,0,0,0,0,0,0,42.3848,-71.0885,1,2.50174E+14
19001190,07/01/2019 17:24,First Half (4PM - Midnight),"CROSS ST & FLINT ST Somerville, MA",DARK - LIGHTED ROADWAY,CLEAR,DRY,NONE,STOP SIGNS,T-INTERSECTION,"TWO-WAY, NOT DIVIDED",ANGLE,COLLISION WITH MOTOR VEHICLE IN TRAFFIC,ROADWAY,25,0,0,0,0,0,2,0,0,0,0,0,0,0,42.3848,-71.0885,1,2.50174E+14
22038884,12/07/2022 19:47,First Half (4PM - Midnight),"FRANKLIN ST & WASHINGTON ST Somerville, MA",DAYLIGHT,CLEAR,DRY,NONE,NO CONTROLS,T-INTERSECTION,"TWO-WAY, DIVIDED, UNPROTECTED MEDIAN",SINGLE VEHICLE CRASH,COLLISION WITH UTILITY POLE,ROADWAY,20,0,0,0,0,2,0,0,0,0,0,0,0,0,42.3813,-71.0864,1,2.50174E+14
24000475,03/01/2024 20:54,First Half (4PM - Midnight),"117 WASHINGTON ST Somerville, MA",DARK - LIGHTED ROADWAY,CLEAR,DRY,NONE,NO CONTROLS,NOT AT INTERSECTION,"TWO-WAY, NOT DIVIDED",REAR-END,COLLISION WITH MOTOR VEHICLE IN TRAFFIC,ROADWAY,30,0,0,0,0,0,2,0,0,0,0,0,0,0,42.3813,-71.0871,1,2.50174E+14
23032473,11/06/2023 12:50,Day Shift (8AM - 4PM),"9 TUFTS ST Somerville, MA",DAYLIGHT,CLEAR,DRY,NONE,NO CONTROLS,NOT AT INTERSECTION,"TWO-WAY, NOT DIVIDED","SIDESWIPE, SAME DIRECTION",COLLISION WITH PARKED MOTOR VEHICLE,ROADSIDE,20,0,0,0,0,0,3,0,0,0,0,0,0,0,42.3815,-71.0877,1,2.50174E+14
19068440,02/12/2019 18:25,First Half (4PM - Midnight),"CROSS ST & FOUNTAIN AV Somerville, MA",DARK - LIGHTED ROADWAY,SNOW,SNOW,ROAD SURFACE CONDITION,NO CONTROLS,FOUR WAY INTERSECTION,"TWO-WAY, NOT DIVIDED",SINGLE VEHICLE CRASH,OTHER,OUTSIDE ROADWAY,20,0,0,0,0,0,1,0,0,0,0,0,0,0,42.3837,-71.0895,1,2.50174E+14
20001667,11/01/2020 02:37,Last Half (Midnight - 8AM),"38 OLIVER ST Somerville, MA",DARK - LIGHTED ROADWAY,CLEAR,DRY,NONE,NO CONTROLS,NOT AT INTERSECTION,"TWO-WAY, NOT DIVIDED",SINGLE VEHICLE CRASH,COLLISION WITH LIGHT POLE OR OTHER POST/SUPPORT,OUTSIDE ROADWAY,20,0,0,0,0,0,1,0,0,0,0,0,0,0,42.3836,-71.0873,1,2.50174E+14
20036006,23/07/2020 08:23,Day Shift (8AM - 4PM),"59 TUFTS ST Somerville, MA",DAYLIGHT,CLOUDY,DRY,NONE,NO CONTROLS,NOT AT INTERSECTION,"TWO-WAY, NOT DIVIDED",ANGLE,COLLISION WITH MOTOR VEHICLE IN TRAFFIC,ROADWAY,20,0,0,0,0,0,4,0,0,0,0,0,0,0,42.3832,-71.0893,1,2.50174E+14
22027676,18/05/2022 18:45,First Half (4PM - Midnight),"33 FOUNTAIN AV Somerville, MA",DAYLIGHT,CLEAR,DRY,NONE,NO CONTROLS,T-INTERSECTION,"ONE-WAY, NOT DIVIDED","SIDESWIPE, OPPOSITE DIRECTION",COLLISION WITH PARKED MOTOR VEHICLE,OUTSIDE ROADWAY,25,0,0,1,0,0,2,0,0,0,0,0,0,0,42.3831,-71.0877,1,2.50174E+14
20050382,17/10/2020 22:47,First Half (4PM - Midnight),"129 CROSS ST Somerville, MA",DARK - LIGHTED ROADWAY,CLEAR,DRY,NONE,NO CONTROLS,NOT AT INTERSECTION,"TWO-WAY, NOT DIVIDED","SIDESWIPE, SAME DIRECTION",COLLISION WITH PARKED MOTOR VEHICLE,ROADSIDE,25,0,0,0,1,0,1,0,0,0,0,0,0,0,42.3836,-71.0898,1,2.50174E+14
19027791,20/05/2019 17:10,First Half (4PM - Midnight),"CROSS ST & TUFTS ST Somerville, MA",DAYLIGHT,CLEAR,DRY,NONE,NO CONTROLS,T-INTERSECTION,"TWO-WAY, NOT DIVIDED",SINGLE VEHICLE CRASH,COLLISION WITH PEDESTRIAN,ROADWAY,20,0,0,0,0,0,0,2,0,1,1,0,0,0,42.3833,-71.0898,1,2.50174E+14
22069897,11/12/2022 19:02,First Half (4PM - Midnight),"CROSS ST & TUFTS ST Somerville, MA",DARK - LIGHTED ROADWAY,SNOW,ICE,ROAD SURFACE CONDITION,NO CONTROLS,T-INTERSECTION,"TWO-WAY, NOT DIVIDED",ANGLE,COLLISION WITH PARKED MOTOR VEHICLE,ROADWAY,25,0,0,0,0,0,7,0,0,0,0,0,0,0,42.3833,-71.0898,1,2.50174E+14
19061336,25/10/2019 16:07,First Half (4PM - Midnight),"CROSS ST & TUFTS ST Somerville, MA",DAYLIGHT,CLEAR,DRY,NONE,STOP SIGNS,T-INTERSECTION,"TWO-WAY, NOT DIVIDED",ANGLE,COLLISION WITH MOTOR VEHICLE IN TRAFFIC,ROADWAY,20,0,0,0,0,0,3,0,0,0,0,0,0,0,42.3833,-71.0898,1,2.50174E+14
22069885,11/12/2022 18:09,First Half (4PM - Midnight),"CROSS ST & TUFTS ST Somerville, MA",DARK - LIGHTED ROADWAY,SNOW,ICE,ROAD SURFACE CONDITION,NO CONTROLS,T-INTERSECTION,"TWO-WAY, NOT DIVIDED",ANGLE,COLLISION WITH MOTOR VEHICLE IN TRAFFIC,ROADWAY,25,0,0,0,0,1,6,0,0,1,1,0,0,0,42.3833,-71.0898,1,2.50174E+14
21045127,29/08/2021 23:58,First Half (4PM - Midnight),"CROSS ST & TUFTS ST Somerville, MA",DARK - LIGHTED ROADWAY,CLEAR,DRY,UNKNOWN,STOP SIGNS,T-INTERSECTION,UNKNOWN,SINGLE VEHICLE CRASH,COLLISION WITH CURB,ROADWAY,25,0,0,0,0,0,0,1,0,0,0,0,0,0,42.3833,-71.0898,1,2.50174E+14
21008841,19/02/2021 16:14,First Half (4PM - Midnight),"CROSS ST & TUFTS ST Somerville, MA",DAYLIGHT,SNOW,SNOW,ROAD SURFACE CONDITION,NO CONTROLS,T-INTERSECTION,"TWO-WAY, NOT DIVIDED",SINGLE VEHICLE CRASH,COLLISION WITH LIGHT POLE OR OTHER POST/SUPPORT,ROADSIDE,25,0,0,0,0,0,2,0,0,0,0,0,0,0,42.3833,-71.0898,1,2.50174E+14
23035091,23/06/2023 15:38,Day Shift (8AM - 4PM),"JOY ST & WASHINGTON ST Somerville, MA",DAYLIGHT,CLEAR,DRY,UNKNOWN,STOP SIGNS,T-INTERSECTION,"TWO-WAY, NOT DIVIDED",ANGLE,COLLISION WITH PEDALCYCLE,ROADWAY,20,0,0,0,1,0,1,0,0,1,0,1,0,0,42.3807,-71.0886,1,2.50174E+14
18058621,01/10/2018 15:04,Day Shift (8AM - 4PM),"41 ALSTON ST Somerville, MA",DAYLIGHT,RAIN,WET,OTHER,NO CONTROLS,NOT AT INTERSECTION,"ONE-WAY, NOT DIVIDED","SIDESWIPE, SAME DIRECTION",COLLISION WITH PARKED MOTOR VEHICLE,ROADWAY,25,0,0,0,0,0,3,0,0,0,0,0,0,0,42.3812,-71.0891,1,2.50174E+14
21050670,26/09/2021 01:03,Last Half (Midnight - 8AM),"151 WASHNGTON ST Somerville, MA",DARK - LIGHTED ROADWAY,CLEAR,WET,NONE,TRAFFIC CONTROL SIGNAL,ON RAMP,"TWO-WAY, NOT DIVIDED",ANGLE,COLLISION WITH MOTOR VEHICLE IN TRAFFIC,ROADWAY,25,0,0,0,0,0,1,0,0,1,0,1,0,1,42.3807,-71.0893,1,2.50174E+14
20061079,18/12/2020 16:46,First Half (4PM - Midnight),"WASHINGTON ST & JOY ST Somerville, MA",DUSK,CLEAR,WET,NONE,NO CONTROLS,T-INTERSECTION,"TWO-WAY, NOT DIVIDED",ANGLE,COLLISION WITH MOTOR VEHICLE IN TRAFFIC,ROADWAY,25,0,0,0,0,0,5,0,0,0,0,0,0,0,42.3807,-71.0886,1,2.50174E+14
22052216,14/09/2022 17:16,First Half (4PM - Midnight),"JOY ST. & WASHINGTON ST Somerville, MA",DAYLIGHT,CLEAR,DRY,NONE,NO CONTROLS,T-INTERSECTION,"TWO-WAY, DIVIDED, UNPROTECTED MEDIAN",ANGLE,COLLISION WITH MOTOR VEHICLE IN TRAFFIC,ROADWAY,25,0,0,0,0,0,2,0,0,0,0,0,0,0,42.3807,-71.0886,1,2.50174E+14
18032774,01/06/2018 18:58,First Half (4PM - Midnight),"JOY ST & WASHINGTON ST Somerville, MA",DAYLIGHT,CLEAR,DRY,NONE,NO CONTROLS,T-INTERSECTION,"TWO-WAY, DIVIDED, UNPROTECTED MEDIAN",HEAD ON,COLLISION WITH MOTOR VEHICLE IN TRAFFIC,ROADWAY,25,0,0,0,1,0,1,0,0,0,0,0,0,0,42.3807,-71.0886,1,2.50174E+14
21028528,06/06/2021 17:14,First Half (4PM - Midnight),"137 WASHINGTON ST Somerville, MA",DAYLIGHT,CLEAR,DRY,NONE,NO CONTROLS,NOT AT INTERSECTION,"TWO-WAY, NOT DIVIDED",HEAD ON,COLLISION WITH MOTOR VEHICLE IN TRAFFIC,ROADWAY,25,0,0,0,1,0,1,0,0,0,0,0,0,0,42.381,-71.0886,1,2.50174E+14
24004908,27/01/2024 16:46,First Half (4PM - Midnight),"137 WASHINGTON ST Somerville, MA",DUSK,CLOUDY,DRY,NONE,NO CONTROLS,NOT AT INTERSECTION,"TWO-WAY, NOT DIVIDED",HEAD ON,COLLISION WITH MOTOR VEHICLE IN TRAFFIC,ROADWAY,25,0,0,0,0,2,2,0,0,0,0,0,0,0,42.381,-71.0886,1,2.50174E+14
20032485,29/06/2020 19:34,First Half (4PM - Midnight),"142 CROSS ST Somerville, MA",DAYLIGHT,CLEAR,DRY,NONE,NO CONTROLS,T-INTERSECTION,"TWO-WAY, DIVIDED, UNPROTECTED MEDIAN",SINGLE VEHICLE CRASH,OTHER,UNKNOWN,25,0,0,2,0,0,1,0,0,1,1,0,0,1,42.3825,-71.09,1,2.50174E+14
21009402,23/02/2021 06:54,Last Half (Midnight - 8AM),"137 WASHINGTON STREET Somerville, MA",DAYLIGHT,CLEAR,DRY,NONE,NO CONTROLS,NOT AT INTERSECTION,"ONE-WAY, NOT DIVIDED",UNKNOWN,COLLISION WITH MOTOR VEHICLE IN TRAFFIC,ROADWAY,25,0,0,0,0,0,0,2,0,0,0,0,0,0,42.381,-71.0886,1,2.50174E+14
22070755,16/12/2022 11:34,Day Shift (8AM - 4PM),"JOY ST & WASHINGTON ST Somerville, MA",DAYLIGHT,RAIN,WET,NONE,STOP SIGNS,T-INTERSECTION,"TWO-WAY, NOT DIVIDED",SINGLE VEHICLE CRASH,COLLISION WITH PEDALCYCLE,ROADWAY,25,0,0,0,1,0,2,0,0,1,0,1,0,0,42.3807,-71.0886,1,2.50174E+14
18035486,14/06/2018 16:04,First Half (4PM - Midnight),"ALSTON ST & CROSS ST Somerville, MA",DAYLIGHT,CLEAR,DRY,NONE,NO CONTROLS,UNKNOWN,"TWO-WAY, NOT DIVIDED",ANGLE,COLLISION WITH PEDALCYCLE,ROADWAY,25,0,0,0,0,0,1,0,0,1,0,1,0,0,42.3825,-71.0902,1,2.50174E+14
23022329,25/04/2023 08:45,Day Shift (8AM - 4PM),"137 WASHINGTON ST Somerville, MA",DAYLIGHT,CLEAR,DRY,NONE,TRAFFIC CONTROL SIGNAL,Y-INTERSECTION,"TWO-WAY, NOT DIVIDED",ANGLE,COLLISION WITH MOTOR VEHICLE IN TRAFFIC,ROADWAY,25,0,0,0,0,0,3,0,0,0,0,0,0,0,42.381,-71.0886,1,2.50174E+14
20031373,23/06/2020 09:12,Day Shift (8AM - 4PM),"JOY ST & WASHINGTON ST Somerville, MA",DAYLIGHT,CLEAR,DRY,NONE,STOP SIGNS,T-INTERSECTION,"TWO-WAY, NOT DIVIDED",ANGLE,COLLISION WITH MOTOR VEHICLE IN TRAFFIC,ROADWAY,25,0,0,0,0,1,3,0,0,0,0,0,0,0,42.3807,-71.0886,1,2.50174E+14
21054517,16/10/2021 11:24,Day Shift (8AM - 4PM),"MCGRATH HWY & CHESTER AVE Somerville, MA",DAYLIGHT,CLEAR,DRY,NONE,TRAFFIC CONTROL SIGNAL,T-INTERSECTION,"TWO-WAY, DIVIDED, POSITIVE MEDIAN BARRIER","SIDESWIPE, SAME DIRECTION",COLLISION WITH MOTOR VEHICLE IN TRAFFIC,ROADWAY,30,0,0,0,0,0,3,0,0,0,0,0,0,0,42.3838,-71.0914,1,2.50174E+14
22068035,01/12/2022 16:11,First Half (4PM - Midnight),"TUFTS ST & WASHINGTON ST Somerville, MA",DAYLIGHT,CLEAR,DRY,NONE,STOP SIGNS,T-INTERSECTION,"TWO-WAY, NOT DIVIDED",ANGLE,COLLISION WITH MOPED,ROADWAY,25,0,0,0,1,0,4,0,0,0,0,0,0,0,42.381,-71.0876,1,2.50174E+14
21045958,02/09/2021 17:55,First Half (4PM - Midnight),"KNOWLTON ST & WASHINGTON ST Somerville, MA",DAYLIGHT,CLEAR,DRY,NONE,NO CONTROLS,T-INTERSECTION,"TWO-WAY, NOT DIVIDED",ANGLE,COLLISION WITH MOTOR VEHICLE IN TRAFFIC,ROADWAY,25,0,0,0,0,0,3,0,0,0,0,0,0,0,42.381,-71.0876,1,2.50174E+14
22012877,11/03/2022 14:57,Day Shift (8AM - 4PM),"TUFTS ST & WASHINGTON ST Somerville, MA",DAYLIGHT,CLEAR,DRY,NONE,NO CONTROLS,T-INTERSECTION,"TWO-WAY, NOT DIVIDED",ANGLE,COLLISION WITH MOTOR VEHICLE IN TRAFFIC,ROADWAY,25,0,0,0,0,0,4,0,0,0,0,0,0,0,42.381,-71.0876,1,2.50174E+14
20026157,22/05/2020 09:56,Day Shift (8AM - 4PM),"50 TUFTS ST Somerville, MA",DAYLIGHT,CLEAR,DRY,NONE,NO CONTROLS,NOT AT INTERSECTION,"TWO-WAY, DIVIDED, UNPROTECTED MEDIAN",SINGLE VEHICLE CRASH,COLLISION WITH UTILITY POLE,ROADWAY,20,0,0,0,0,0,1,0,0,0,0,0,0,0,42.3822,-71.0889,1,2.50174E+14
22019435,11/04/2022 22:52,First Half (4PM - Midnight),"51 TUFTS ST Somerville, MA",DARK - LIGHTED ROADWAY,CLEAR,DRY,NONE,NO CONTROLS,NOT AT INTERSECTION,"TWO-WAY, NOT DIVIDED",SINGLE VEHICLE CRASH,COLLISION WITH UNKNOWN FIXED OBJECT,ROADWAY,20,0,0,0,0,0,1,0,0,0,0,0,0,0,42.3829,-71.0891,1,2.50174E+14
23001827,11/01/2023 18:37,First Half (4PM - Midnight),"45 TUFTS ST Somerville, MA",DARK - LIGHTED ROADWAY,CLEAR,DRY,NONE,NO CONTROLS,NOT AT INTERSECTION,"TWO-WAY, NOT DIVIDED",SINGLE VEHICLE CRASH,COLLISION WITH TREE,ROADSIDE,20,0,0,0,0,0,1,0,0,0,0,0,0,0,42.3827,-71.0889,1,2.50174E+14
19046595,15/08/2019 07:57,Last Half (Midnight - 8AM),"JOY ST & POPLAR ST Somerville, MA",DAYLIGHT,CLEAR,DRY,NONE,STOP SIGNS,T-INTERSECTION,"TWO-WAY, NOT DIVIDED",ANGLE,COLLISION WITH MOTOR VEHICLE IN TRAFFIC,ROADWAY,25,0,0,0,0,0,4,0,0,0,0,0,0,0,42.3779,-71.0864,2,2.50174E+14
18071302,03/12/2018 07:40,Last Half (Midnight - 8AM),"FITCHBURG ST & LINWOOD ST Somerville, MA",DAYLIGHT,CLOUDY,WET,NONE,NO CONTROLS,T-INTERSECTION,"TWO-WAY, NOT DIVIDED","SIDESWIPE, OPPOSITE DIRECTION",COLLISION WITH PARKED MOTOR VEHICLE,ROADWAY,25,0,0,0,0,0,3,0,0,0,0,0,0,0,42.3755,-71.0854,2,2.50174E+14
19066408,20/11/2019 22:32,First Half (4PM - Midnight),"1 FITCHBURG ST Somerville, MA",DARK - LIGHTED ROADWAY,RAIN,WET,NONE,NO CONTROLS,NOT AT INTERSECTION,"TWO-WAY, NOT DIVIDED",SINGLE VEHICLE CRASH,OTHER,ROADWAY,20,0,0,0,0,0,1,0,0,0,0,0,0,0,42.3756,-71.084,2,2.50174E+14
18075098,22/12/2018 00:31,Last Half (Midnight - 8AM),"259 MCGRATH HWY Somerville, MA",DARK - LIGHTED ROADWAY,CLOUDY,WET,NONE,NO CONTROLS,NOT AT INTERSECTION,"ONE-WAY, NOT DIVIDED",SINGLE VEHICLE CRASH,COLLISION WITH LIGHT POLE OR OTHER POST/SUPPORT,SHOULDER - PAVED,35,0,0,0,0,0,1,0,0,0,0,0,0,0,42.3785,-71.0885,2,2.50174E+14
22054506,24/09/2022 16:41,First Half (4PM - Midnight),"160 WASHINGTON ST Somerville, MA",DAYLIGHT,CLEAR,DRY,NONE,TRAFFIC CONTROL SIGNAL,NOT AT INTERSECTION,"TWO-WAY, NOT DIVIDED","SIDESWIPE, SAME DIRECTION",COLLISION WITH MOTOR VEHICLE IN TRAFFIC,ROADWAY,25,0,0,0,0,0,3,0,0,0,0,0,0,0,42.3802,-71.0887,2,2.50174E+14
20050171,16/10/2020 20:19,First Half (4PM - Midnight),"160 WASHINGTON ST Somerville, MA",DARK - LIGHTED ROADWAY,RAIN,WET,NONE,TRAFFIC CONTROL SIGNAL,Y-INTERSECTION,"ONE-WAY, NOT DIVIDED",SINGLE VEHICLE CRASH,COLLISION WITH LIGHT POLE OR OTHER POST/SUPPORT,MEDIAN,25,0,0,0,0,0,1,0,0,0,0,0,0,1,42.3802,-71.0887,2,2.50174E+14
19071755,19/12/2019 16:45,First Half (4PM - Midnight),"LINWOOD ST & POPLAR ST Somerville, MA",DARK - LIGHTED ROADWAY,CLEAR,DRY,NONE,STOP SIGNS,FOUR WAY INTERSECTION,"TWO-WAY, NOT DIVIDED",REAR-END,COLLISION WITH MOTOR VEHICLE IN TRAFFIC,ROADWAY,25,0,0,0,2,0,0,0,0,0,0,0,0,0,42.3775,-71.0871,2,2.50174E+14
22024352,04/05/2022 15:00,Day Shift (8AM - 4PM),"LINWOOD ST & POPLAR ST Somerville, MA",DAYLIGHT,CLEAR,DRY,NONE,NO CONTROLS,FOUR WAY INTERSECTION,"TWO-WAY, NOT DIVIDED",ANGLE,COLLISION WITH PARKED MOTOR VEHICLE,ROADWAY,20,0,0,0,0,1,1,0,0,0,0,0,0,0,42.3775,-71.0871,2,2.50174E+14
21020355,24/04/2021 16:34,First Half (4PM - Midnight),"151 LINWOOD ST Somerville, MA",DAYLIGHT,CLEAR,DRY,NONE,NO CONTROLS,NOT AT INTERSECTION,"TWO-WAY, NOT DIVIDED",ANGLE,COLLISION WITH PARKED MOTOR VEHICLE,MEDIAN,20,0,0,0,1,0,2,0,0,0,0,0,0,0,42.3794,-71.0884,2,2.50174E+14
22007181,12/02/2022 12:46,Day Shift (8AM - 4PM),"MCGRATH HWY & MEDFORD ST Somerville, MA",DAYLIGHT,CLEAR,DRY,NONE,TRAFFIC CONTROL SIGNAL,FIVE-POINT OR MORE,"TWO-WAY, DIVIDED, POSITIVE MEDIAN BARRIER",ANGLE,COLLISION WITH MOTOR VEHICLE IN TRAFFIC,ROADWAY,30,0,0,0,0,0,3,0,0,0,0,0,0,0,42.3773,-71.0892,2,2.50174E+14
21049688,21/09/2021 13:12,Day Shift (8AM - 4PM),"MEDFORD ST & SOMERVILLE AV Somerville, MA",DAYLIGHT,CLEAR,DRY,NONE,NO CONTROLS,FOUR WAY INTERSECTION,"TWO-WAY, NOT DIVIDED","SIDESWIPE, SAME DIRECTION",COLLISION WITH PEDALCYCLE,ROADWAY,25,0,0,0,1,0,1,0,0,1,1,0,0,0,42.3773,-71.0892,2,2.50174E+14
22072633,27/12/2022 15:22,Day Shift (8AM - 4PM),"MCGRATH HWY & WASHINGTON ST Somerville, MA",DAYLIGHT,CLEAR,DRY,NONE,TRAFFIC CONTROL SIGNAL,T-INTERSECTION,"ONE-WAY, NOT DIVIDED",ANGLE,COLLISION WITH MOTOR VEHICLE IN TRAFFIC,ROADWAY,25,0,0,0,0,1,3,0,0,0,0,0,0,0,42.3799,-71.0899,2,2.50174E+14
20043461,09/09/2020 16:04,First Half (4PM - Midnight),"83 MEDFORD ST Somerville, MA",DAYLIGHT,CLEAR,DRY,NONE,NO CONTROLS,NOT AT INTERSECTION,"TWO-WAY, DIVIDED, UNPROTECTED MEDIAN",REAR-END,COLLISION WITH MOTOR VEHICLE IN TRAFFIC,ROADWAY,25,0,0,0,0,1,3,0,0,0,0,0,0,0,42.3782,-71.0894,2,2.50174E+14
24016660,25/03/2024 17:42,First Half (4PM - Midnight),"69 MEDFORD ST Somerville, MA",DAYLIGHT,CLEAR,DRY,NONE,NO CONTROLS,NOT AT INTERSECTION,"TWO-WAY, NOT DIVIDED",REAR-END,COLLISION WITH MOTOR VEHICLE IN TRAFFIC,ROADWAY,25,0,0,0,0,0,3,0,0,0,0,0,0,0,42.3776,-71.0892,2,2.50174E+14
22002953,19/01/2022 18:20,First Half (4PM - Midnight),"216 MCGRATH HWY Somerville, MA",DARK - LIGHTED ROADWAY,CLEAR,DRY,NONE,TRAFFIC CONTROL SIGNAL,Y-INTERSECTION,"TWO-WAY, DIVIDED, UNPROTECTED MEDIAN",ANGLE,COLLISION WITH MOTOR VEHICLE IN TRAFFIC,OUTSIDE ROADWAY,25,0,0,1,0,0,6,0,0,0,0,0,0,0,42.3767,-71.0888,2,2.50174E+14
23003966,23/01/2023 15:28,Day Shift (8AM - 4PM),"14 MCGRATH HWY Somerville, MA",DAYLIGHT,SNOW,SNOW,ROAD SURFACE CONDITION,NO CONTROLS,T-INTERSECTION,"TWO-WAY, DIVIDED, UNPROTECTED MEDIAN","SIDESWIPE, OPPOSITE DIRECTION",COLLISION WITH MOTOR VEHICLE IN TRAFFIC,OUTSIDE ROADWAY,5,0,0,0,0,0,2,0,0,0,0,0,0,0,42.3746,-71.085,2,2.50174E+14
23033344,15/06/2023 06:35,Last Half (Midnight - 8AM),"14 MCGRATH HWY Somerville, MA",DAYLIGHT,CLEAR,DRY,NONE,TRAFFIC CONTROL SIGNAL,FOUR WAY INTERSECTION,"TWO-WAY, DIVIDED, POSITIVE MEDIAN BARRIER",SINGLE VEHICLE CRASH,OTHER,ROADWAY,20,0,0,0,0,0,2,0,0,0,0,0,0,0,42.3746,-71.085,2,2.50174E+14
19057793,08/10/2019 09:06,Day Shift (8AM - 4PM),"9 MEDFORD ST Somerville, MA",DAYLIGHT,RAIN,WET,NONE,NO CONTROLS,T-INTERSECTION,"TWO-WAY, DIVIDED, UNPROTECTED MEDIAN","SIDESWIPE, OPPOSITE DIRECTION",COLLISION WITH PARKED MOTOR VEHICLE,ROADSIDE,25,0,0,0,0,0,2,1,0,0,0,0,0,0,42.3742,-71.0868,2,2.50174E+14
21021858,02/05/2021 16:27,First Half (4PM - Midnight),"14 MCGRATH HWY Somerville, MA",DAYLIGHT,CLEAR,DRY,NONE,NO CONTROLS,NOT AT INTERSECTION,UNKNOWN,UNKNOWN,COLLISION WITH MOTOR VEHICLE IN TRAFFIC,OUTSIDE ROADWAY,20,1,0,0,0,0,1,0,0,0,0,0,0,1,42.3746,-71.085,2,2.50174E+14
18034120,08/06/2018 11:32,Day Shift (8AM - 4PM),"14 MCGRATH HWY Somerville, MA",DAYLIGHT,CLEAR,DRY,NONE,NO CONTROLS,NOT AT INTERSECTION,"TWO-WAY, NOT DIVIDED","SIDESWIPE, OPPOSITE DIRECTION",COLLISION WITH MOTOR VEHICLE IN TRAFFIC,ROADWAY,10,0,0,0,0,0,2,0,0,0,0,0,0,0,42.3746,-71.085,2,2.50174E+14
23074811,29/12/2023 08:54,Day Shift (8AM - 4PM),"14 MCGRATH HWY Somerville, MA",DAYLIGHT,CLOUDY,OTHER,NONE,NO CONTROLS,NOT AT INTERSECTION,"TWO-WAY, NOT DIVIDED",ANGLE,COLLISION WITH MOTOR VEHICLE IN TRAFFIC,OUTSIDE ROADWAY,20,0,0,0,0,0,3,1,0,0,0,0,0,0,42.3746,-71.085,2,2.50174E+14
22011661,06/03/2022 13:07,Day Shift (8AM - 4PM),"22 MCGRATH HWY Somerville, MA",DAYLIGHT,CLEAR,DRY,NONE,NO CONTROLS,NOT AT INTERSECTION,"TWO-WAY, DIVIDED, POSITIVE MEDIAN BARRIER",SINGLE VEHICLE CRASH,COLLISION WITH LIGHT POLE OR OTHER POST/SUPPORT,MEDIAN,15,0,0,0,0,0,2,0,0,0,0,0,0,0,42.3746,-71.085,2,2.50174E+14
19020841,16/04/2019 16:40,First Half (4PM - Midnight),"14 MCGRATH HWY Somerville, MA",DAYLIGHT,CLEAR,DRY,NONE,NO CONTROLS,NOT AT INTERSECTION,"TWO-WAY, NOT DIVIDED",HEAD ON,COLLISION WITH PEDESTRIAN,ROADWAY,10,0,0,1,0,0,2,0,0,1,1,0,0,0,42.3746,-71.085,2,2.50174E+14