Crash Number,Date and Time of Crash,Police Shift,Crash Location,Light Conditions,Weather Conditions,Road Surface,Road Contributing Circumstances,Traffic Control Device Type,Roadway Intersection Type,Trafficway Description,Manner of Collision,First Harmful Event,First Harmful Event Location,Speed Limit,Work Zone,Count Fatal Injury ,Count Suspected Serious Injury,Count Suspected Minor Injury ,Count Possible Injury,Count No Apparent Injury,Count Unknown Injury,Count Not Reported Injury,Total Non-Motorists,Pedestrian Involvement (Non-Motorist),Cyclist Involvement (Non-Motorist),Other Non-Motorist Involvement,Hit and Run Flag,Latitude,Longitude,Ward,Block Code 
23028583,24/05/2023 07:37,Last Half (Midnight - 8AM),"14 MCGRATH HWY Somerville, MA",DAYLIGHT,CLEAR,DRY,NONE,NO CONTROLS,NOT AT INTERSECTION,"TWO-WAY, NOT DIVIDED",SINGLE VEHICLE CRASH,COLLISION WITH LIGHT POLE OR OTHER POST/SUPPORT,OUTSIDE ROADWAY,15,0,0,0,0,0,2,0,0,0,0,0,0,0,42.3746,-71.085,2,2.50174E+14
22068640,04/12/2022 20:18,First Half (4PM - Midnight),"14 MCGRATH HWY Somerville, MA",DARK - LIGHTED ROADWAY,CLEAR,DRY,NONE,NO CONTROLS,NOT AT INTERSECTION,"TWO-WAY, DIVIDED, UNPROTECTED MEDIAN",SINGLE VEHICLE CRASH,COLLISION WITH PEDESTRIAN,ROADWAY,5,0,0,0,1,0,2,0,0,1,1,0,0,0,42.3746,-71.085,2,2.50174E+14
22060128,20/10/2022 08:44,Day Shift (8AM - 4PM),"14 MCGRATH HWY Somerville, MA",DAYLIGHT,CLEAR,DRY,NONE,NO CONTROLS,UNKNOWN,UNKNOWN,SINGLE VEHICLE CRASH,OTHER,OUTSIDE ROADWAY,25,0,0,0,0,0,2,0,0,0,0,0,0,0,42.3746,-71.085,2,2.50174E+14
20056165,19/11/2020 11:09,Day Shift (8AM - 4PM),"14 MCGRATH HWY Somerville, MA",DAYLIGHT,CLEAR,DRY,NONE,NO CONTROLS,DRIVEWAY,"ONE-WAY, NOT DIVIDED",SINGLE VEHICLE CRASH,COLLISION WITH LIGHT POLE OR OTHER POST/SUPPORT,ROADWAY,5,0,0,0,0,0,2,1,0,0,0,0,0,1,42.3746,-71.085,2,2.50174E+14
20023481,06/05/2020 14:59,Day Shift (8AM - 4PM),"14 MCGRATH HWY Somerville, MA",DAYLIGHT,CLEAR,DRY,NONE,NO CONTROLS,NOT AT INTERSECTION,"TWO-WAY, DIVIDED, UNPROTECTED MEDIAN",SINGLE VEHICLE CRASH,COLLISION WITH PEDESTRIAN,UNKNOWN,25,0,0,0,0,0,2,0,0,1,1,0,0,0,42.3746,-71.085,2,2.50174E+14
21050580,25/09/2021 14:54,Day Shift (8AM - 4PM),"14 MCGRATH HWY Somerville, MA",DAYLIGHT,CLEAR,DRY,NONE,NO CONTROLS,NOT AT INTERSECTION,"TWO-WAY, NOT DIVIDED",ANGLE,COLLISION WITH MOTOR VEHICLE IN TRAFFIC,OUTSIDE ROADWAY,10,0,0,0,0,0,1,0,0,0,0,0,0,0,42.3746,-71.085,2,2.50174E+14
20012689,05/03/2020 08:38,Day Shift (8AM - 4PM),"14 MCGRATH HWY Somerville, MA",DAYLIGHT,CLEAR,DRY,NONE,NO CONTROLS,NOT AT INTERSECTION,UNKNOWN,REAR-END,COLLISION WITH PARKED MOTOR VEHICLE,ROADWAY,15,0,0,0,1,0,2,0,0,0,0,0,0,0,42.3746,-71.085,2,2.50174E+14
19068281,01/12/2019 20:31,First Half (4PM - Midnight),"14 MCGRATH HWY Somerville, MA",DARK - LIGHTED ROADWAY,SNOW,SNOW,NONE,NO CONTROLS,NOT AT INTERSECTION,"TWO-WAY, NOT DIVIDED",ANGLE,COLLISION WITH PEDESTRIAN,ROADWAY,15,0,0,1,0,0,1,0,0,1,1,0,0,0,42.3746,-71.085,2,2.50174E+14
23009252,19/02/2023 14:41,Day Shift (8AM - 4PM),"14 MCGRATH HWY Somerville, MA",DAYLIGHT,CLEAR,DRY,NONE,NO CONTROLS,NOT AT INTERSECTION,UNKNOWN,REAR TO REAR,COLLISION WITH PARKED MOTOR VEHICLE,OUTSIDE ROADWAY,5,0,0,0,0,0,3,1,0,0,0,0,0,0,42.3746,-71.085,2,2.50174E+14
1800000064,12/07/2018 02:51,Last Half (Midnight - 8AM),"14 MCGRATH HWY Somerville, MA",DARK - LIGHTED ROADWAY,CLEAR,DRY,NONE,NO CONTROLS,NOT AT INTERSECTION,"TWO-WAY, NOT DIVIDED",SINGLE VEHICLE CRASH,COLLISION WITH MEDIAN BARRIER,MEDIAN,15,0,0,0,0,0,2,0,0,0,0,0,0,0,42.3746,-71.085,2,2.50174E+14
23029301,27/05/2023 12:40,Day Shift (8AM - 4PM),"14 MCGRATH HWY Somerville, MA",DAYLIGHT,CLEAR,DRY,NONE,NO CONTROLS,NOT AT INTERSECTION,UNKNOWN,REAR-END,COLLISION WITH PARKED MOTOR VEHICLE,OUTSIDE ROADWAY,5,0,0,0,0,1,3,0,0,0,0,0,0,0,42.3746,-71.085,2,2.50174E+14
22046324,19/08/2022 13:20,Day Shift (8AM - 4PM),"14 MCGRATH HWY Somerville, MA",DAYLIGHT,CLEAR,DRY,NONE,NO CONTROLS,NOT AT INTERSECTION,"TWO-WAY, NOT DIVIDED",ANGLE,COLLISION WITH MOTOR VEHICLE IN TRAFFIC,ROADWAY,20,0,0,0,0,0,3,0,0,0,0,0,0,0,42.3746,-71.085,2,2.50174E+14
19072693,25/12/2019 02:27,Last Half (Midnight - 8AM),"14 MCGRATH HWY Somerville, MA",DARK - LIGHTED ROADWAY,CLEAR,DRY,NONE,NO CONTROLS,NOT AT INTERSECTION,"TWO-WAY, NOT DIVIDED",SINGLE VEHICLE CRASH,COLLISION WITH MEDIAN BARRIER,OUTSIDE ROADWAY,10,0,0,0,0,0,0,1,0,0,0,0,0,1,42.3746,-71.085,2,2.50174E+14
20007029,07/02/2020 10:02,Day Shift (8AM - 4PM),"61 MEDFORD ST Somerville, MA",DAYLIGHT,RAIN,WET,NONE,NO CONTROLS,T-INTERSECTION,"TWO-WAY, NOT DIVIDED",ANGLE,COLLISION WITH PEDALCYCLE,ROADWAY,25,0,0,0,0,1,2,0,0,1,0,1,0,0,42.3753,-71.0875,2,2.50174E+14
23064997,09/11/2023 08:56,Day Shift (8AM - 4PM),"MEDFORD ST & SOUTH ST Somerville, MA",DAYLIGHT,RAIN,WET,NONE,NO CONTROLS,T-INTERSECTION,"TWO-WAY, NOT DIVIDED",ANGLE,COLLISION WITH PEDALCYCLE,ROADWAY,25,0,0,0,1,0,1,0,0,1,0,1,0,0,42.3742,-71.088,2,2.50174E+14
21035036,09/07/2021 13:40,Day Shift (8AM - 4PM),"MEDFORD ST & WARD ST Somerville, MA",DAYLIGHT,CLOUDY,WET,ROAD SURFACE CONDITION,STOP SIGNS,T-INTERSECTION,"TWO-WAY, NOT DIVIDED",ANGLE,COLLISION WITH MOTOR VEHICLE IN TRAFFIC,ROADWAY,25,0,0,0,0,0,3,0,0,0,0,0,0,0,42.3748,-71.0883,2,2.50174E+14
21054921,18/10/2021 17:44,First Half (4PM - Midnight),"MEDFORD ST & WARD ST Somerville, MA",DAYLIGHT,CLEAR,DRY,NONE,NO CONTROLS,T-INTERSECTION,"TWO-WAY, NOT DIVIDED",ANGLE,COLLISION WITH MOTOR VEHICLE IN TRAFFIC,ROADWAY,25,0,0,0,0,0,3,0,0,0,0,0,0,0,42.3748,-71.0883,2,2.50174E+14
18032379,31/05/2018 09:07,Day Shift (8AM - 4PM),"MEDFORD ST & SOUTH ST Somerville, MA",DAYLIGHT,CLEAR,DRY,NONE,NO CONTROLS,NOT AT INTERSECTION,"TWO-WAY, NOT DIVIDED",UNKNOWN,COLLISION WITH PARKED MOTOR VEHICLE,UNKNOWN,20,1,0,0,0,1,1,0,0,1,0,1,0,0,42.3742,-71.088,2,2.50174E+14
22057079,06/10/2022 00:17,Last Half (Midnight - 8AM),"MEDFORD ST & WARREN ST Somerville, MA",DARK - LIGHTED ROADWAY,RAIN,WET,NONE,STOP SIGNS,T-INTERSECTION,"TWO-WAY, NOT DIVIDED",ANGLE,COLLISION WITH PEDALCYCLE,ROADWAY,25,0,0,0,1,0,1,0,0,1,0,1,0,0,42.3738,-71.0876,2,2.50174E+14
22070618,15/12/2022 18:16,First Half (4PM - Midnight),"WEBSTER & PROSPECT ST Somerville, MA",DARK - LIGHTED ROADWAY,RAIN,WET,NONE,FLASHING TRAFIC CONTROL SIGNAL,FIVE-POINT OR MORE,"TWO-WAY, DIVIDED, UNPROTECTED MEDIAN","SIDESWIPE, OPPOSITE DIRECTION",COLLISION WITH MOTOR VEHICLE IN TRAFFIC,ROADWAY,25,0,0,0,0,0,2,0,0,0,0,0,0,0,42.377,-71.0956,2,2.50174E+14
19007903,12/02/2019 21:09,First Half (4PM - Midnight),"PROSPECT ST & WEBSTER AV Somerville, MA",DARK - LIGHTED ROADWAY,SNOW,SNOW,ROAD SURFACE CONDITION,TRAFFIC CONTROL SIGNAL,FOUR WAY INTERSECTION,"TWO-WAY, DIVIDED, UNPROTECTED MEDIAN",SINGLE VEHICLE CRASH,COLLISION WITH LIGHT POLE OR OTHER POST/SUPPORT,ROADWAY,25,0,0,0,0,0,1,0,0,0,0,0,0,0,42.377,-71.0956,2,2.50174E+14
19045406,09/08/2019 15:26,Day Shift (8AM - 4PM),"520 COLUMBIA ST Somerville, MA",DAYLIGHT,CLEAR,DRY,NONE,NO CONTROLS,NOT AT INTERSECTION,"ONE-WAY, NOT DIVIDED","SIDESWIPE, SAME DIRECTION",COLLISION WITH DITCH,ROADWAY,25,0,0,0,0,0,2,0,0,0,0,0,0,0,42.3761,-71.0946,2,2.50174E+14
22051280,10/09/2022 14:46,Day Shift (8AM - 4PM),"PROSPECT ST & WEBSTER AV Somerville, MA",DAYLIGHT,CLEAR,DRY,NONE,TRAFFIC CONTROL SIGNAL,FOUR WAY INTERSECTION,"TWO-WAY, NOT DIVIDED",HEAD ON,COLLISION WITH OTHER MOVABLE OBJECT,ROADWAY,20,0,0,0,0,0,2,0,0,1,0,1,0,0,42.377,-71.0956,2,2.50174E+14
21066660,30/12/2021 12:03,Day Shift (8AM - 4PM),"PROSPECT ST & WEBSTER AV Somerville, MA",DAYLIGHT,RAIN,WET,NONE,TRAFFIC CONTROL SIGNAL,FOUR WAY INTERSECTION,"TWO-WAY, DIVIDED, UNPROTECTED MEDIAN",ANGLE,COLLISION WITH MOTOR VEHICLE IN TRAFFIC,ROADWAY,25,0,0,0,0,1,4,0,0,0,0,0,0,0,42.377,-71.0956,2,2.50174E+14
22021108,19/04/2022 16:45,First Half (4PM - Midnight),"56 WEBSTER AV Somerville, MA",DAYLIGHT,CLEAR,DRY,NONE,TRAFFIC CONTROL SIGNAL,FIVE-POINT OR MORE,"TWO-WAY, DIVIDED, UNPROTECTED MEDIAN",REAR-END,COLLISION WITH MOTOR VEHICLE IN TRAFFIC,ROADWAY,25,0,0,0,1,0,2,0,0,0,0,0,0,0,42.3765,-71.0944,2,2.50174E+14
18058437,30/09/2018 19:09,First Half (4PM - Midnight),"520 COLUMBIA ST Somerville, MA",DARK - LIGHTED ROADWAY,CLEAR,DRY,NONE,STOP SIGNS,T-INTERSECTION,"TWO-WAY, NOT DIVIDED",SINGLE VEHICLE CRASH,OTHER,OUTSIDE ROADWAY,20,0,0,0,0,0,3,0,0,0,0,0,0,0,42.3761,-71.0946,2,2.50174E+14
21047251,09/09/2021 17:56,First Half (4PM - Midnight),"PROSPECT ST & WEBSTER AV Somerville, MA",DAYLIGHT,RAIN,WET,NONE,NO CONTROLS,T-INTERSECTION,"TWO-WAY, DIVIDED, UNPROTECTED MEDIAN",REAR-END,COLLISION WITH MOTOR VEHICLE IN TRAFFIC,UNKNOWN,25,0,0,0,1,0,3,0,0,0,0,0,0,0,42.377,-71.0956,2,2.50174E+14
23041837,25/07/2023 02:22,Last Half (Midnight - 8AM),"PROSPECT ST & WEBSTER AV Somerville, MA",UNKNOWN,UNKNOWN,DRY,UNKNOWN,UNKNOWN,FOUR WAY INTERSECTION,"TWO-WAY, NOT DIVIDED",UNKNOWN,UNKNOWN,UNKNOWN,25,0,0,0,0,0,0,1,0,0,0,0,0,0,42.377,-71.0956,2,2.50174E+14
18062239,19/10/2018 20:08,First Half (4PM - Midnight),"NEWTON ST & WEBSTER AV Somerville, MA",DARK - LIGHTED ROADWAY,CLEAR,DRY,NONE,STOP SIGNS,FOUR WAY INTERSECTION,"TWO-WAY, NOT DIVIDED",ANGLE,COLLISION WITH PEDALCYCLE,ROADWAY,25,0,0,0,0,1,2,0,0,1,0,1,0,0,42.3778,-71.0958,2,2.50174E+14
21002348,15/01/2021 17:14,First Half (4PM - Midnight),"NEWTON ST & WEBSTER AVE Somerville, MA",DARK - LIGHTED ROADWAY,CLEAR,DRY,NONE,STOP SIGNS,T-INTERSECTION,"TWO-WAY, NOT DIVIDED",SINGLE VEHICLE CRASH,COLLISION WITH GUARDRAIL,ROADWAY,20,0,0,0,0,1,0,0,0,0,0,0,0,0,42.3778,-71.0958,2,2.50174E+14
21061169,23/11/2021 07:43,Last Half (Midnight - 8AM),"WEBSTER AVE & NEWTON ST Somerville, MA",DAYLIGHT,CLEAR,DRY,NONE,STOP SIGNS,FOUR WAY INTERSECTION,"TWO-WAY, NOT DIVIDED",REAR-END,COLLISION WITH MOTOR VEHICLE IN TRAFFIC,ROADWAY,20,0,0,0,0,1,3,0,0,0,0,0,0,0,42.3778,-71.0958,2,2.50174E+14
20010512,24/02/2020 18:45,First Half (4PM - Midnight),"NEWTON ST & WEBSTER AV Somerville, MA",DARK - LIGHTED ROADWAY,CLEAR,DRY,NONE,STOP SIGNS,T-INTERSECTION,"TWO-WAY, DIVIDED, UNPROTECTED MEDIAN","SIDESWIPE, SAME DIRECTION",COLLISION WITH PEDALCYCLE,UNKNOWN,25,0,0,0,1,0,1,0,0,1,0,1,0,0,42.3778,-71.0958,2,2.50174E+14
23063933,04/11/2023,Day Shift (8AM - 4PM),"61 PROSPECT ST Somerville, MA",DARK - LIGHTED ROADWAY,CLEAR,DRY,NONE,TRAFFIC CONTROL SIGNAL,NOT AT INTERSECTION,"TWO-WAY, NOT DIVIDED",REAR-END,COLLISION WITH MOTOR VEHICLE IN TRAFFIC,ROADWAY,25,0,0,0,0,0,2,0,0,0,0,0,0,0,42.3774,-71.0954,2,2.50174E+14
21037029,19/07/2021 10:28,Day Shift (8AM - 4PM),"SOUTH ST & NA Somerville, MA",DAYLIGHT,CLOUDY,WET,NONE,NO CONTROLS,T-INTERSECTION,"TWO-WAY, NOT DIVIDED",REAR-END,COLLISION WITH MOTOR VEHICLE IN TRAFFIC,ROADWAY,25,1,0,0,0,0,3,0,0,0,0,0,0,0,42.3744,-71.0906,2,2.50174E+14
20047048,30/09/2020 15:04,Day Shift (8AM - 4PM),"HUNTING ST & SOUTH ST Somerville, MA",DAYLIGHT,CLEAR,DRY,NONE,NO CONTROLS,T-INTERSECTION,"TWO-WAY, NOT DIVIDED",SINGLE VEHICLE CRASH,OTHER,ROADSIDE,25,0,0,0,0,0,2,0,0,0,0,0,0,0,42.3744,-71.0908,2,2.50174E+14
23014390,20/03/2023 07:34,Last Half (Midnight - 8AM),"46 SOUTH ST Somerville, MA",DAYLIGHT,CLEAR,DRY,NONE,NO CONTROLS,NOT AT INTERSECTION,"TWO-WAY, NOT DIVIDED","SIDESWIPE, SAME DIRECTION",COLLISION WITH PARKED MOTOR VEHICLE,ROADSIDE,25,0,0,0,0,0,5,0,0,0,0,0,0,0,42.3743,-71.0904,2,2.50174E+14
18063851,27/10/2018 20:34,First Half (4PM - Midnight),"100 SOUTH ST Somerville, MA",DARK - LIGHTED ROADWAY,RAIN,WET,NONE,NO CONTROLS,NOT AT INTERSECTION,"TWO-WAY, NOT DIVIDED",HEAD ON,COLLISION WITH PARKED MOTOR VEHICLE,ROADWAY,25,0,0,0,0,0,3,0,0,0,0,0,0,0,42.3746,-71.0916,2,2.50174E+14
22042741,02/08/2022 04:44,Last Half (Midnight - 8AM),"561 WINDSOR PL Somerville, MA",DARK - LIGHTED ROADWAY,CLEAR,DRY,UNKNOWN,STOP SIGNS,T-INTERSECTION,"TWO-WAY, DIVIDED, UNPROTECTED MEDIAN",HEAD ON,COLLISION WITH MOTOR VEHICLE IN TRAFFIC,ROADWAY,20,0,0,0,0,0,3,0,0,0,0,0,0,0,42.3755,-71.0932,2,2.50174E+14
21057747,02/11/2021 13:30,Day Shift (8AM - 4PM),"561 WINDSOR ST Somerville, MA",DAYLIGHT,CLOUDY,DRY,NONE,NO CONTROLS,NOT AT INTERSECTION,"TWO-WAY, NOT DIVIDED",SINGLE VEHICLE CRASH,COLLISION WITH LIGHT POLE OR OTHER POST/SUPPORT,OUTSIDE ROADWAY,25,0,0,0,0,0,2,0,0,0,0,0,0,0,42.3755,-71.0932,2,2.50174E+14
21024173,14/05/2021 22:27,First Half (4PM - Midnight),"559 WINDSOR ST Somerville, MA",DARK - LIGHTED ROADWAY,CLEAR,DRY,NONE,STOP SIGNS,T-INTERSECTION,"TWO-WAY, NOT DIVIDED",SINGLE VEHICLE CRASH,OTHER,ROADSIDE,25,0,0,0,1,0,1,0,0,0,0,0,0,0,42.3752,-71.0929,2,2.50174E+14
20050814,20/10/2020 12:04,Day Shift (8AM - 4PM),"69 WEBSTER AV Somerville, MA",DAYLIGHT,CLEAR,DRY,NONE,NO CONTROLS,FOUR WAY INTERSECTION,"TWO-WAY, NOT DIVIDED",ANGLE,COLLISION WITH MOTOR VEHICLE IN TRAFFIC,ROADWAY,25,0,0,0,0,0,3,0,0,1,0,1,0,0,42.3754,-71.0954,2,2.50174E+14
19045956,12/08/2019 08:35,Day Shift (8AM - 4PM),"NORFOLK ST & WEBSTER AV Somerville, MA",DAYLIGHT,CLEAR,DRY,NONE,STOP SIGNS,T-INTERSECTION,"TWO-WAY, NOT DIVIDED",ANGLE,COLLISION WITH PEDALCYCLE,ROADWAY,25,0,0,0,0,1,1,0,0,1,0,1,0,0,42.3751,-71.095,2,2.50174E+14
19027149,17/05/2019 15:51,Day Shift (8AM - 4PM),"COLUMBIA ST & WEBSTER AV Somerville, MA",DAYLIGHT,RAIN,WET,NONE,NO CONTROLS,T-INTERSECTION,"TWO-WAY, NOT DIVIDED",ANGLE,COLLISION WITH MOTOR VEHICLE IN TRAFFIC,ROADWAY,25,0,0,0,0,0,2,0,0,0,0,0,0,0,42.3759,-71.0952,2,2.50174E+14
21056878,29/10/2021 10:58,Day Shift (8AM - 4PM),"TREMONT ST & WEBSTER AV Somerville, MA",DAYLIGHT,CLOUDY,DRY,NONE,NO CONTROLS,Y-INTERSECTION,"TWO-WAY, NOT DIVIDED",SINGLE VEHICLE CRASH,COLLISION WITH PEDALCYCLE,ROADWAY,25,0,0,0,0,1,2,0,0,1,0,1,0,0,42.3759,-71.0952,2,2.50174E+14
19021143,18/04/2019 07:26,Last Half (Midnight - 8AM),"WEBSTER AV & COLUMBIA ST Somerville, MA",DAYLIGHT,CLOUDY,DRY,NONE,STOP SIGNS,FOUR WAY INTERSECTION,"TWO-WAY, NOT DIVIDED",ANGLE,COLLISION WITH MOTOR VEHICLE IN TRAFFIC,ROADWAY,25,0,0,0,0,0,3,0,0,0,0,0,0,0,42.3759,-71.0952,2,2.50174E+14
18033779,06/06/2018 17:29,First Half (4PM - Midnight),"COLUMBIA ST & WEBSTER AV Somerville, MA",DAYLIGHT,CLEAR,DRY,NONE,STOP SIGNS,T-INTERSECTION,"TWO-WAY, NOT DIVIDED",ANGLE,COLLISION WITH MOTOR VEHICLE IN TRAFFIC,ROADWAY,20,0,0,0,0,0,2,0,0,0,0,0,0,0,42.3759,-71.0952,2,2.50174E+14
21023485,11/05/2021 13:56,Day Shift (8AM - 4PM),"235 TREMONT ST Somerville, MA",DAYLIGHT,CLEAR,DRY,NONE,NO CONTROLS,NOT AT INTERSECTION,"TWO-WAY, NOT DIVIDED",UNKNOWN,OTHER,UNKNOWN,20,0,0,1,0,0,2,0,0,1,0,1,0,0,42.3758,-71.0955,2,2.50174E+14
23068894,30/11/2023 16:41,First Half (4PM - Midnight),"102 PROSPECT ST Somerville, MA",DARK - LIGHTED ROADWAY,CLEAR,DRY,NONE,UNKNOWN,NOT AT INTERSECTION,"TWO-WAY, NOT DIVIDED",HEAD ON,COLLISION WITH MOTOR VEHICLE IN TRAFFIC,ROADWAY,25,0,0,0,0,0,2,0,0,0,0,0,0,0,42.3752,-71.0966,2,2.50174E+14
23073746,23/12/2023 03:29,Last Half (Midnight - 8AM),"100 PROSPECT ST Somerville, MA",DARK - LIGHTED ROADWAY,CLEAR,WET,UNKNOWN,NO CONTROLS,NOT AT INTERSECTION,"TWO-WAY, NOT DIVIDED","SIDESWIPE, SAME DIRECTION",COLLISION WITH PARKED MOTOR VEHICLE,ROADWAY,25,0,0,0,0,1,1,0,0,0,0,0,0,0,42.3753,-71.0965,2,2.50174E+14
20039385,13/08/2020 17:32,First Half (4PM - Midnight),"225 TREMONT ST Somerville, MA",DAYLIGHT,CLEAR,DRY,NONE,NO CONTROLS,NOT AT INTERSECTION,"ONE-WAY, NOT DIVIDED","SIDESWIPE, SAME DIRECTION",COLLISION WITH PARKED MOTOR VEHICLE,ROADSIDE,25,0,0,0,0,0,5,0,0,0,0,0,0,1,42.3756,-71.0957,2,2.50174E+14
19033311,14/06/2019 04:27,Last Half (Midnight - 8AM),"102 PROSPECT ST Somerville, MA",DAWN,CLEAR,DRY,NONE,NO CONTROLS,NOT AT INTERSECTION,"TWO-WAY, NOT DIVIDED",REAR-END,COLLISION WITH PARKED MOTOR VEHICLE,ROADSIDE,25,0,0,0,0,0,3,0,0,0,0,0,0,0,42.3752,-71.0966,2,2.50174E+14
23068976,01/12/2023 00:25,Last Half (Midnight - 8AM),"90 PROSPECT ST Somerville, MA",DARK - LIGHTED ROADWAY,CLEAR,DRY,NONE,NO CONTROLS,NOT AT INTERSECTION,"TWO-WAY, NOT DIVIDED",SINGLE VEHICLE CRASH,COLLISION WITH PARKED MOTOR VEHICLE,ROADWAY,20,0,0,0,0,1,0,0,0,0,0,0,0,0,42.3757,-71.0962,2,2.50174E+14
22048871,30/08/2022 14:08,Day Shift (8AM - 4PM),"70 PROSPECT ST Somerville, MA",DAYLIGHT,CLEAR,DRY,NONE,TRAFFIC CONTROL SIGNAL,NOT AT INTERSECTION,"TWO-WAY, NOT DIVIDED",ANGLE,COLLISION WITH MOTOR VEHICLE IN TRAFFIC,ROADWAY,25,0,0,0,0,0,5,0,0,0,0,0,0,0,42.3765,-71.0956,2,2.50174E+14
21015118,25/03/2021 08:18,Day Shift (8AM - 4PM),"SOUTH ST & HARDING Somerville, MA",DAYLIGHT,CLOUDY,WET,NONE,STOP SIGNS,T-INTERSECTION,"ONE-WAY, NOT DIVIDED",ANGLE,COLLISION WITH MOTOR VEHICLE IN TRAFFIC,ROADWAY,25,0,0,0,0,0,4,0,0,0,0,0,0,0,42.3743,-71.0902,2,2.50174E+14
18031865,29/05/2018 12:00,Day Shift (8AM - 4PM),"40 SOUTH ST Somerville, MA",DAYLIGHT,CLEAR,DRY,NONE,NO CONTROLS,NOT AT INTERSECTION,"ONE-WAY, NOT DIVIDED",REAR-END,COLLISION WITH MOTOR VEHICLE IN TRAFFIC,ROADWAY,25,0,0,0,3,0,4,0,0,0,0,0,0,0,42.3742,-71.0901,2,2.50174E+14
22020808,18/04/2022 11:52,Day Shift (8AM - 4PM),"44 MEDFORD ST Somerville, MA",DAYLIGHT,CLEAR,DRY,NONE,NO CONTROLS,NOT AT INTERSECTION,"TWO-WAY, NOT DIVIDED","SIDESWIPE, SAME DIRECTION",COLLISION WITH PEDALCYCLE,ROADWAY,25,0,0,0,0,1,2,0,0,1,0,1,0,0,42.3747,-71.0884,2,2.50174E+14
24007872,11/02/2024 16:24,First Half (4PM - Midnight),"40 MEDFORD ST Somerville, MA",DAYLIGHT,CLEAR,DRY,NONE,NO CONTROLS,NOT AT INTERSECTION,"TWO-WAY, NOT DIVIDED",SINGLE VEHICLE CRASH,COLLISION WITH PEDALCYCLE,ROADWAY,25,0,0,0,1,0,3,0,0,1,0,1,0,0,42.3746,-71.0885,2,2.50174E+14
18066654,09/11/2018 14:47,Day Shift (8AM - 4PM),"51 WARREN ST Somerville, MA",DAYLIGHT,CLOUDY,DRY,NONE,NO CONTROLS,NOT AT INTERSECTION,"ONE-WAY, NOT DIVIDED",UNKNOWN,COLLISION WITH PARKED MOTOR VEHICLE,ROADWAY,25,0,0,0,0,0,3,0,0,0,0,0,0,1,42.3736,-71.088,2,2.50174E+14
19044386,04/08/2019 01:17,Last Half (Midnight - 8AM),"16 MEDFORD ST Somerville, MA",DARK - LIGHTED ROADWAY,CLEAR,DRY,NONE,NO CONTROLS,NOT AT INTERSECTION,"TWO-WAY, NOT DIVIDED",SINGLE VEHICLE CRASH,COLLISION WITH UTILITY POLE,ROADWAY,20,0,0,0,0,1,1,0,0,0,0,0,0,0,42.3738,-71.088,2,2.50174E+14
19057827,08/10/2019 11:10,Day Shift (8AM - 4PM),"51 WARREN ST Somerville, MA",DAYLIGHT,CLOUDY,OTHER,NONE,NO CONTROLS,NOT AT INTERSECTION,"ONE-WAY, NOT DIVIDED","SIDESWIPE, SAME DIRECTION",COLLISION WITH PARKED MOTOR VEHICLE,ROADSIDE,25,0,0,0,0,0,3,0,0,0,0,0,0,0,42.3736,-71.088,2,2.50174E+14
20045603,23/09/2020 17:24,First Half (4PM - Midnight),"20 MEDFORD ST Somerville, MA",DAYLIGHT,CLEAR,DRY,NONE,NO CONTROLS,T-INTERSECTION,"TWO-WAY, NOT DIVIDED",ANGLE,COLLISION WITH MOTOR VEHICLE IN TRAFFIC,ROADWAY,20,0,0,0,0,1,1,1,0,0,0,0,0,0,42.3739,-71.0883,2,2.50174E+14
24001212,07/01/2024 15:56,Day Shift (8AM - 4PM),"BEDFORD ST & SOUTH ST Somerville, MA",DARK - UNKNOWN ROADWAY LIGHTING,SNOW,SLUSH,ROAD SURFACE CONDITION,NO CONTROLS,T-INTERSECTION,"TWO-WAY, NOT DIVIDED","SIDESWIPE, OPPOSITE DIRECTION",COLLISION WITH PARKED MOTOR VEHICLE,ROADWAY,25,0,0,0,0,0,1,0,0,0,0,0,0,0,42.3741,-71.0885,2,2.50174E+14
19019432,09/04/2019 11:23,Day Shift (8AM - 4PM),"51 WARREN ST Somerville, MA",DAYLIGHT,CLOUDY,DRY,NONE,NO CONTROLS,NOT AT INTERSECTION,"ONE-WAY, NOT DIVIDED","SIDESWIPE, SAME DIRECTION",COLLISION WITH PARKED MOTOR VEHICLE,ROADWAY,25,0,0,0,0,0,1,0,0,0,0,0,0,1,42.3736,-71.088,2,2.50174E+14
22055652,29/09/2022 18:47,First Half (4PM - Midnight),"8 MEDFORD ST Somerville, MA",DARK - LIGHTED ROADWAY,CLEAR,DRY,NONE,NO CONTROLS,NOT AT INTERSECTION,"TWO-WAY, NOT DIVIDED",SINGLE VEHICLE CRASH,COLLISION WITH CURB,ROADSIDE,25,0,0,0,1,0,3,0,0,1,1,0,0,0,42.3736,-71.0877,2,2.50174E+14