Crash Number,Date and Time of Crash,Police Shift,Crash Location,Light Conditions,Weather Conditions,Road Surface,Road Contributing Circumstances,Traffic Control Device Type,Roadway Intersection Type,Trafficway Description,Manner of Collision,First Harmful Event,First Harmful Event Location,Speed Limit,Work Zone,Count Fatal Injury ,Count Suspected Serious Injury,Count Suspected Minor Injury ,Count Possible Injury,Count No Apparent Injury,Count Unknown Injury,Count Not Reported Injury,Total Non-Motorists,Pedestrian Involvement (Non-Motorist),Cyclist Involvement (Non-Motorist),Other Non-Motorist Involvement,Hit and Run Flag,Latitude,Longitude,Ward,Block Code 
24015866,21/03/2024 14:22,Day Shift (8AM - 4PM),"182 WASHINGTON ST Somerville, MA",DAYLIGHT,CLEAR,DRY,NONE,TRAFFIC CONTROL SIGNAL,TRAFFIC CIRCLE,"TWO-WAY, DIVIDED, POSITIVE MEDIAN BARRIER","SIDESWIPE, SAME DIRECTION",COLLISION WITH MOTOR VEHICLE IN TRAFFIC,ROADWAY,25,0,0,0,0,0,2,0,0,0,0,0,0,0,42.3797,-71.0903,2,2.50174E+14
18032725,01/06/2018 15:18,Day Shift (8AM - 4PM),"254 MCGRATH HWY Somerville, MA",DAYLIGHT,CLEAR,DRY,NONE,NO CONTROLS,NOT AT INTERSECTION,"ONE-WAY, NOT DIVIDED",ANGLE,COLLISION WITH MOTOR VEHICLE IN TRAFFIC,ROADWAY,25,0,0,0,0,0,4,0,0,0,0,0,0,0,42.3779,-71.0896,2,2.50174E+14
22051780,12/09/2022 21:15,First Half (4PM - Midnight),"182 WASHINGTON ST Somerville, MA",DARK - LIGHTED ROADWAY,CLEAR,DRY,NONE,NO CONTROLS,NOT AT INTERSECTION,"TWO-WAY, NOT DIVIDED",REAR-END,COLLISION WITH PARKED MOTOR VEHICLE,ROADSIDE,25,0,0,0,0,0,2,0,0,0,0,0,0,0,42.3797,-71.0903,2,2.50174E+14
18037087,21/06/2018 19:16,First Half (4PM - Midnight),"182 WASHINGTON ST Somerville, MA",DAYLIGHT,CLEAR,DRY,NONE,NO CONTROLS,NOT AT INTERSECTION,"TWO-WAY, NOT DIVIDED","SIDESWIPE, SAME DIRECTION",COLLISION WITH PEDALCYCLE,ROADWAY,25,0,0,0,0,0,0,2,0,0,0,0,0,1,42.3797,-71.0903,2,2.50174E+14
20040728,22/08/2020 21:02,First Half (4PM - Midnight),"180 WASHINGTON ST Somerville, MA",DARK - LIGHTED ROADWAY,CLEAR,DRY,NONE,TRAFFIC CONTROL SIGNAL,NOT AT INTERSECTION,"TWO-WAY, DIVIDED, POSITIVE MEDIAN BARRIER",SINGLE VEHICLE CRASH,COLLISION WITH UTILITY POLE,OUTSIDE ROADWAY,25,0,0,0,0,0,1,0,0,0,0,0,0,0,42.3798,-71.0903,2,2.50174E+14
19067990,29/11/2019 22:10,First Half (4PM - Midnight),"185 SOMERVILLE AV Somerville, MA",DARK - LIGHTED ROADWAY,CLEAR,DRY,NONE,NO CONTROLS,NOT AT INTERSECTION,UNKNOWN,ANGLE,COLLISION WITH PARKED MOTOR VEHICLE,ROADWAY,15,0,0,0,0,0,1,0,0,0,0,0,0,0,42.378,-71.0898,2,2.50174E+14
21052377,05/10/2021 01:52,Last Half (Midnight - 8AM),"178 WASHINGTON ST Somerville, MA",DARK - ROADWAY NOT LIGHTED,RAIN,WET,OTHER,NO CONTROLS,NOT AT INTERSECTION,"TWO-WAY, DIVIDED, POSITIVE MEDIAN BARRIER",SINGLE VEHICLE CRASH,COLLISION WITH MEDIAN BARRIER,MEDIAN,25,0,0,0,0,0,1,0,0,0,0,0,0,0,42.3798,-71.0903,2,2.50174E+14
21021632,01/05/2021 12:19,Day Shift (8AM - 4PM),"282 MCGRATH HWY Somerville, MA",DAYLIGHT,CLEAR,DRY,NONE,NO CONTROLS,NOT AT INTERSECTION,"ONE-WAY, NOT DIVIDED","SIDESWIPE, SAME DIRECTION",COLLISION WITH MOTOR VEHICLE IN TRAFFIC,ROADWAY,30,0,0,0,1,0,1,0,0,0,0,0,0,0,42.3786,-71.0897,2,2.50174E+14
21041789,11/08/2021 21:58,First Half (4PM - Midnight),"182 WASHINGTON ST Somerville, MA",DARK - LIGHTED ROADWAY,CLEAR,DRY,NONE,TRAFFIC CONTROL SIGNAL,FOUR WAY INTERSECTION,"TWO-WAY, DIVIDED, UNPROTECTED MEDIAN",REAR-END,COLLISION WITH MOTOR VEHICLE IN TRAFFIC,ROADWAY,25,0,0,0,0,2,0,0,0,0,0,0,0,1,42.3797,-71.0903,2,2.50174E+14
19054889,23/09/2019 20:10,First Half (4PM - Midnight),"182 WASHINGTON ST Somerville, MA",DARK - LIGHTED ROADWAY,CLEAR,DRY,UNKNOWN,STOP SIGNS,T-INTERSECTION,"ONE-WAY, NOT DIVIDED",HEAD ON,COLLISION WITH MOTOR VEHICLE IN TRAFFIC,ROADWAY,25,0,0,0,1,0,1,0,0,1,0,1,0,0,42.3797,-71.0903,2,2.50174E+14
20056035,18/11/2020 13:16,Day Shift (8AM - 4PM),"182 WASHINGTON ST Somerville, MA",DAYLIGHT,CLEAR,DRY,NONE,NO CONTROLS,NOT AT INTERSECTION,UNKNOWN,REAR-END,COLLISION WITH MOTOR VEHICLE IN TRAFFIC,OUTSIDE ROADWAY,25,0,0,0,0,0,2,0,0,0,0,0,0,0,42.3797,-71.0903,2,2.50174E+14
19036658,29/06/2019 09:31,Day Shift (8AM - 4PM),"306 MCGRATH HWY Somerville, MA",DAYLIGHT,RAIN,WET,NONE,NO CONTROLS,TRAFFIC CIRCLE,"ONE-WAY, NOT DIVIDED",SINGLE VEHICLE CRASH,COLLISION WITH CURB,MEDIAN,25,0,0,0,1,0,1,0,0,0,0,0,0,0,42.3791,-71.09,2,2.50174E+14
21000855,07/01/2021 10:26,Day Shift (8AM - 4PM),"182 WASHINGTON ST Somerville, MA",DAYLIGHT,CLEAR,DRY,NONE,TRAFFIC CONTROL SIGNAL,FOUR WAY INTERSECTION,"TWO-WAY, DIVIDED, UNPROTECTED MEDIAN",ANGLE,COLLISION WITH MOTOR VEHICLE IN TRAFFIC,ROADWAY,25,0,0,0,1,0,2,0,0,0,0,0,0,0,42.3797,-71.0903,2,2.50174E+14
22057657,08/10/2022 10:21,Day Shift (8AM - 4PM),"195 SOMERVILLE AV Somerville, MA",DAYLIGHT,CLEAR,DRY,NONE,STOP SIGNS,T-INTERSECTION,"TWO-WAY, DIVIDED, UNPROTECTED MEDIAN",ANGLE,COLLISION WITH MOTOR VEHICLE IN TRAFFIC,ROADWAY,20,0,0,0,0,1,2,0,0,0,0,0,0,0,42.3778,-71.0904,2,2.50174E+14
20060010,12/12/2020 18:49,First Half (4PM - Midnight),"ROSSMORE ST & SOMERVILLE AV Somerville, MA",DARK - LIGHTED ROADWAY,RAIN,WET,NONE,NO CONTROLS,T-INTERSECTION,"ONE-WAY, NOT DIVIDED",SINGLE VEHICLE CRASH,COLLISION WITH UTILITY POLE,OUTSIDE ROADWAY,20,1,0,0,0,0,2,0,0,0,0,0,0,0,42.378,-71.091,2,2.50174E+14
22013666,15/03/2022 13:20,Day Shift (8AM - 4PM),"190 WASHINGTON STREET Somerville, MA",DAYLIGHT,CLEAR,DRY,NONE,NO CONTROLS,UNKNOWN,"TWO-WAY, NOT DIVIDED",REAR-END,COLLISION WITH MOTOR VEHICLE IN TRAFFIC,ROADWAY,10,0,0,0,0,0,2,0,0,0,0,0,0,0,42.3796,-71.0908,2,2.50174E+14
18068857,20/11/2018 15:06,Day Shift (8AM - 4PM),"198 WASHINGTON ST Somerville, MA",DAYLIGHT,RAIN,WET,NONE,NO CONTROLS,NOT AT INTERSECTION,"TWO-WAY, DIVIDED, UNPROTECTED MEDIAN",ANGLE,COLLISION WITH MOTOR VEHICLE IN TRAFFIC,ROADWAY,25,0,0,0,1,0,3,0,0,0,0,0,0,0,42.3795,-71.0911,2,2.50174E+14
23043393,01/08/2023 15:55,Day Shift (8AM - 4PM),"83 MERRIAM ST Somerville, MA",DAYLIGHT,CLEAR,DRY,NONE,NO CONTROLS,NOT AT INTERSECTION,"ONE-WAY, NOT DIVIDED","SIDESWIPE, SAME DIRECTION",COLLISION WITH PARKED MOTOR VEHICLE,ROADWAY,25,0,0,0,0,0,3,0,0,0,0,0,0,0,42.3792,-71.0918,2,2.50174E+14
23010737,28/02/2023 11:58,Day Shift (8AM - 4PM),"220 WASHINGTON ST Somerville, MA",DAYLIGHT,CLOUDY,WET,NONE,NO CONTROLS,NOT AT INTERSECTION,"TWO-WAY, DIVIDED, UNPROTECTED MEDIAN",ANGLE,COLLISION WITH MOTOR VEHICLE IN TRAFFIC,ROADWAY,25,0,0,0,0,0,2,0,0,0,0,0,0,0,42.379,-71.0924,2,2.50174E+14
20027864,01/06/2020 09:35,Day Shift (8AM - 4PM),"PROSPECT ST & SOMERVILLE AV Somerville, MA",DAYLIGHT,CLEAR,DRY,OTHER,TRAFFIC CONTROL SIGNAL,FOUR WAY INTERSECTION,"TWO-WAY, NOT DIVIDED",ANGLE,COLLISION WITH MOTOR VEHICLE IN TRAFFIC,ROADWAY,20,1,0,0,0,0,3,0,0,0,0,0,0,0,42.3791,-71.0941,2,2.50174E+14
21054286,15/10/2021 09:05,Day Shift (8AM - 4PM),"PROSPECT ST & SOMERVILLE AV Somerville, MA",DAYLIGHT,CLEAR,DRY,NONE,TRAFFIC CONTROL SIGNAL,FOUR WAY INTERSECTION,"TWO-WAY, NOT DIVIDED","SIDESWIPE, SAME DIRECTION",COLLISION WITH MOTOR VEHICLE IN TRAFFIC,ROADWAY,25,1,0,0,0,0,4,0,0,0,0,0,0,0,42.3791,-71.0941,2,2.50174E+14
19026833,16/05/2019 08:24,Day Shift (8AM - 4PM),"PROSPECT ST & SOMERVILLE AV Somerville, MA",DAYLIGHT,CLEAR,DRY,NONE,TRAFFIC CONTROL SIGNAL,FOUR WAY INTERSECTION,"TWO-WAY, NOT DIVIDED",ANGLE,COLLISION WITH PEDALCYCLE,ROADWAY,25,0,0,0,0,0,3,0,0,1,0,1,0,0,42.3791,-71.0941,2,2.50174E+14
23010915,01/03/2023 12:37,Day Shift (8AM - 4PM),"220 WASHINGTON ST Somerville, MA",DAYLIGHT,CLEAR,WET,NONE,NO CONTROLS,NOT AT INTERSECTION,"TWO-WAY, NOT DIVIDED",REAR-END,COLLISION WITH MOTOR VEHICLE IN TRAFFIC,ROADWAY,25,0,0,0,0,0,2,0,0,0,0,0,0,0,42.379,-71.0924,2,2.50174E+14
24007188,08/02/2024 08:17,Day Shift (8AM - 4PM),"220 WASHINGTON ST Somerville, MA",DAYLIGHT,CLEAR,DRY,NONE,NO CONTROLS,NOT AT INTERSECTION,UNKNOWN,"SIDESWIPE, OPPOSITE DIRECTION",COLLISION WITH PARKED MOTOR VEHICLE,OUTSIDE ROADWAY,20,0,0,0,0,0,3,0,0,0,0,0,0,0,42.379,-71.0924,2,2.50174E+14
22071048,18/12/2022 01:37,Last Half (Midnight - 8AM),"220 WASHINGTON ST Somerville, MA",DARK - LIGHTED ROADWAY,CLEAR,DRY,NONE,NO CONTROLS,NOT AT INTERSECTION,"TWO-WAY, NOT DIVIDED","SIDESWIPE, SAME DIRECTION",COLLISION WITH PARKED MOTOR VEHICLE,ROADSIDE,25,0,0,0,0,0,4,0,0,0,0,0,0,0,42.379,-71.0924,2,2.50174E+14
20015013,16/03/2020 21:29,First Half (4PM - Midnight),"PROSPECT ST & SOMERVILLE AV Somerville, MA",DARK - LIGHTED ROADWAY,CLEAR,DRY,NONE,TRAFFIC CONTROL SIGNAL,T-INTERSECTION,"TWO-WAY, NOT DIVIDED",ANGLE,COLLISION WITH PEDALCYCLE,ROADWAY,25,0,0,0,0,0,3,0,0,1,0,1,0,0,42.3791,-71.0941,2,2.50174E+14
18065958,06/11/2018 12:45,Day Shift (8AM - 4PM),"259 SOMERVILLE AV Somerville, MA",DAYLIGHT,CLOUDY,WET,NONE,NO CONTROLS,T-INTERSECTION,"TWO-WAY, NOT DIVIDED",UNKNOWN,COLLISION WITH PEDESTRIAN,ROADWAY,20,0,0,0,0,1,1,0,0,1,1,0,0,0,42.379,-71.0932,2,2.50174E+14
18074912,21/12/2018 07:04,Last Half (Midnight - 8AM),"220 WASHINGTON ST Somerville, MA",DAYLIGHT,RAIN,WET,NONE,STOP SIGNS,T-INTERSECTION,"TWO-WAY, DIVIDED, UNPROTECTED MEDIAN",ANGLE,COLLISION WITH MOTOR VEHICLE IN TRAFFIC,ROADWAY,25,0,0,0,0,0,3,0,0,0,0,0,0,0,42.379,-71.0924,2,2.50174E+14
19029251,26/05/2019 19:57,First Half (4PM - Midnight),"259 SOMERVILLE AV Somerville, MA",DUSK,CLEAR,DRY,NONE,NO CONTROLS,NOT AT INTERSECTION,UNKNOWN,"SIDESWIPE, SAME DIRECTION",COLLISION WITH PARKED MOTOR VEHICLE,OUTSIDE ROADWAY,15,0,0,0,0,0,2,0,0,0,0,0,0,0,42.379,-71.0932,2,2.50174E+14
21062349,01/12/2021 05:46,Last Half (Midnight - 8AM),"PROSPECT ST & SOMERVILLE AV Somerville, MA",DAWN,CLEAR,DRY,NONE,TRAFFIC CONTROL SIGNAL,FOUR WAY INTERSECTION,"TWO-WAY, NOT DIVIDED","SIDESWIPE, OPPOSITE DIRECTION",COLLISION WITH MOTOR VEHICLE IN TRAFFIC,ROADWAY,25,0,0,0,1,0,2,0,0,0,0,0,0,0,42.3791,-71.0941,2,2.50174E+14
19063798,07/11/2019 07:16,Last Half (Midnight - 8AM),"PROSPECT ST & SOMERVILLE AV Somerville, MA",DAYLIGHT,CLOUDY,DRY,NONE,TRAFFIC CONTROL SIGNAL,T-INTERSECTION,"TWO-WAY, NOT DIVIDED",SINGLE VEHICLE CRASH,OTHER,ROADWAY,25,1,0,0,0,0,2,0,0,0,0,0,0,0,42.3791,-71.0941,2,2.50174E+14
23033639,16/06/2023 09:24,Day Shift (8AM - 4PM),"MERRIAM ST & SOMERVILLE AVE Somerville, MA",DAYLIGHT,CLOUDY,DRY,NONE,STOP SIGNS,T-INTERSECTION,"TWO-WAY, NOT DIVIDED","SIDESWIPE, SAME DIRECTION",COLLISION WITH LIGHT POLE OR OTHER POST/SUPPORT,SHOULDER - PAVED,25,0,0,0,0,0,2,0,0,0,0,0,0,0,42.3783,-71.0919,2,2.50174E+14
24013520,10/03/2024 11:40,Day Shift (8AM - 4PM),"220 WASHINGTON ST Somerville, MA",DAYLIGHT,CLEAR,DRY,NONE,NO CONTROLS,NOT AT INTERSECTION,"TWO-WAY, NOT DIVIDED",SINGLE VEHICLE CRASH,OTHER,OUTSIDE ROADWAY,25,0,0,0,0,0,1,0,0,0,0,0,0,0,42.379,-71.0924,2,2.50174E+14
19010886,27/02/2019 15:42,Day Shift (8AM - 4PM),"220 WASHINGTON ST Somerville, MA",DAYLIGHT,CLEAR,DRY,NONE,NO CONTROLS,T-INTERSECTION,"TWO-WAY, DIVIDED, UNPROTECTED MEDIAN",ANGLE,COLLISION WITH MOTOR VEHICLE IN TRAFFIC,ROADWAY,20,0,0,0,0,0,3,0,0,0,0,0,0,0,42.379,-71.0924,2,2.50174E+14
24008878,16/02/2024 16:54,First Half (4PM - Midnight),"269 SOMERVILLE AV Somerville, MA",DUSK,CLEAR,DRY,NONE,NO CONTROLS,NOT AT INTERSECTION,"TWO-WAY, NOT DIVIDED",SINGLE VEHICLE CRASH,COLLISION WITH MOPED,ROADWAY,20,0,0,0,1,0,1,0,0,0,0,0,0,0,42.3791,-71.0935,2,2.50174E+14
21043312,20/08/2021 07:13,Last Half (Midnight - 8AM),"220 WASHINGTON ST Somerville, MA",DAYLIGHT,RAIN,WET,OBSTRUCTION IN ROADWAY,NO CONTROLS,NOT AT INTERSECTION,"TWO-WAY, DIVIDED, UNPROTECTED MEDIAN","SIDESWIPE, SAME DIRECTION",COLLISION WITH PARKED MOTOR VEHICLE,ROADWAY,20,0,0,0,0,0,3,0,0,0,0,0,0,0,42.379,-71.0924,2,2.50174E+14
1800000055,05/07/2018 14:41,Day Shift (8AM - 4PM),"PROSPECT ST & SOMERVILLE AV Somerville, MA",DAYLIGHT,CLEAR,DRY,NONE,TRAFFIC CONTROL SIGNAL,FOUR WAY INTERSECTION,"TWO-WAY, NOT DIVIDED","SIDESWIPE, SAME DIRECTION",COLLISION WITH MOTOR VEHICLE IN TRAFFIC,ROADWAY,25,0,0,0,0,1,1,0,0,0,0,0,0,0,42.3791,-71.0941,2,2.50174E+14
21057994,03/11/2021 20:57,First Half (4PM - Midnight),"238 WASHINGTON ST Somerville, MA",DARK - LIGHTED ROADWAY,CLEAR,DRY,NONE,NO CONTROLS,NOT AT INTERSECTION,"TWO-WAY, NOT DIVIDED","SIDESWIPE, SAME DIRECTION",COLLISION WITH MOTOR VEHICLE IN TRAFFIC,ROADWAY,25,0,0,0,0,0,2,0,0,0,0,0,0,0,42.3793,-71.0936,2,2.50174E+14
23023529,30/04/2023 22:21,First Half (4PM - Midnight),"255 SOMERVILLE AV Somerville, MA",DARK - LIGHTED ROADWAY,RAIN,WET,NONE,TRAFFIC CONTROL SIGNAL,NOT AT INTERSECTION,"TWO-WAY, NOT DIVIDED",SINGLE VEHICLE CRASH,COLLISION WITH PARKED MOTOR VEHICLE,ROADWAY,20,0,0,0,1,0,1,0,0,0,0,0,0,0,42.379,-71.0924,2,2.50174E+14
23053252,16/09/2023 13:57,Day Shift (8AM - 4PM),"PROSPECT ST & SOMERVILLE AV Somerville, MA",DAYLIGHT,CLOUDY,DRY,NONE,TRAFFIC CONTROL SIGNAL,FOUR WAY INTERSECTION,"TWO-WAY, NOT DIVIDED",REAR-END,COLLISION WITH MOTOR VEHICLE IN TRAFFIC,ROADWAY,25,0,0,0,0,2,3,0,0,0,0,0,0,0,42.3791,-71.0941,2,2.50174E+14
18070233,27/11/2018 21:12,First Half (4PM - Midnight),"LINDEN ST & SOMERVILLE AV Somerville, MA",DARK - LIGHTED ROADWAY,CLEAR,DRY,NONE,TRAFFIC CONTROL SIGNAL,T-INTERSECTION,"TWO-WAY, NOT DIVIDED",ANGLE,COLLISION WITH PEDALCYCLE,ROADWAY,30,0,0,0,1,0,2,0,0,1,0,1,0,0,42.3786,-71.0926,2,2.50174E+14
23063440,01/11/2023 19:58,First Half (4PM - Midnight),"MERRIAM ST & SOMERVILLE AV Somerville, MA",DARK - LIGHTED ROADWAY,CLEAR,DRY,NONE,NO CONTROLS,T-INTERSECTION,"ONE-WAY, NOT DIVIDED",SINGLE VEHICLE CRASH,COLLISION WITH UNKNOWN FIXED OBJECT,ROADSIDE,20,0,0,0,0,0,2,0,0,0,0,0,0,0,42.3783,-71.0919,2,2.50174E+14
21018737,14/04/2021 19:57,First Half (4PM - Midnight),"238 WASHINGTON ST Somerville, MA",DARK - LIGHTED ROADWAY,CLEAR,DRY,NONE,NO CONTROLS,NOT AT INTERSECTION,"TWO-WAY, DIVIDED, UNPROTECTED MEDIAN",SINGLE VEHICLE CRASH,COLLISION WITH CURB,SHOULDER - TRAVEL LANE,25,0,0,0,0,0,0,1,0,0,0,0,0,0,42.3793,-71.0936,2,2.50174E+14
20040213,19/08/2020 07:44,Last Half (Midnight - 8AM),"220 WASHINGTON ST Somerville, MA",DAYLIGHT,CLEAR,DRY,DEBRIS,NO CONTROLS,T-INTERSECTION,"TWO-WAY, NOT DIVIDED",SINGLE VEHICLE CRASH,OTHER NON-COLLISION,ROADWAY,25,1,0,0,1,0,0,0,0,0,0,0,0,0,42.379,-71.0924,2,2.50174E+14
22054229,23/09/2022 12:29,Day Shift (8AM - 4PM),"220 WASHINGTON ST Somerville, MA",DAYLIGHT,CLEAR,DRY,NONE,NO CONTROLS,NOT AT INTERSECTION,"TWO-WAY, NOT DIVIDED",REAR-END,COLLISION WITH MOTOR VEHICLE IN TRAFFIC,ROADWAY,25,0,0,0,0,3,1,0,0,0,0,0,0,0,42.379,-71.0924,2,2.50174E+14
21062772,04/12/2021 02:01,Last Half (Midnight - 8AM),"238 WASHINGTON ST Somerville, MA",DARK - LIGHTED ROADWAY,CLEAR,DRY,NONE,NO CONTROLS,NOT AT INTERSECTION,"TWO-WAY, DIVIDED, UNPROTECTED MEDIAN",SINGLE VEHICLE CRASH,COLLISION WITH LIGHT POLE OR OTHER POST/SUPPORT,OUTSIDE ROADWAY,25,0,0,0,1,0,1,0,0,0,0,0,0,0,42.3793,-71.0936,2,2.50174E+14
19052992,14/09/2019 21:51,First Half (4PM - Midnight),"220 WASHINGTON ST Somerville, MA",DARK - LIGHTED ROADWAY,RAIN,WET,NONE,NO CONTROLS,NOT AT INTERSECTION,"TWO-WAY, NOT DIVIDED",REAR-END,COLLISION WITH PARKED MOTOR VEHICLE,ROADSIDE,25,0,0,0,0,0,3,0,0,0,0,0,0,0,42.379,-71.0924,2,2.50174E+14
20013497,09/03/2020 08:30,Day Shift (8AM - 4PM),"PROSPECT ST & SOMERVILLE AV Somerville, MA",DAYLIGHT,CLEAR,DRY,NONE,TRAFFIC CONTROL SIGNAL,FOUR WAY INTERSECTION,"TWO-WAY, DIVIDED, UNPROTECTED MEDIAN","SIDESWIPE, OPPOSITE DIRECTION",COLLISION WITH MOTOR VEHICLE IN TRAFFIC,ROADWAY,25,1,0,0,0,0,4,0,0,0,0,0,0,0,42.3791,-71.0941,2,2.50174E+14
21028551,06/06/2021 19:09,First Half (4PM - Midnight),"220 WASHINGTON ST Somerville, MA",DAYLIGHT,CLEAR,DRY,UNKNOWN,NO CONTROLS,NOT AT INTERSECTION,"TWO-WAY, DIVIDED, UNPROTECTED MEDIAN",SINGLE VEHICLE CRASH,COLLISION WITH PEDESTRIAN,ROADWAY,25,0,0,0,1,0,0,1,0,1,1,0,0,0,42.379,-71.0924,2,2.50174E+14
18070671,29/11/2018 21:46,First Half (4PM - Midnight),"220 WASHINGTON ST Somerville, MA",DARK - LIGHTED ROADWAY,CLOUDY,DRY,NONE,NO CONTROLS,T-INTERSECTION,"TWO-WAY, DIVIDED, UNPROTECTED MEDIAN",ANGLE,COLLISION WITH MOTOR VEHICLE IN TRAFFIC,ROADWAY,25,0,0,0,1,0,2,0,0,0,0,0,0,0,42.379,-71.0924,2,2.50174E+14
20018712,08/04/2020 23:08,First Half (4PM - Midnight),"92 UNION SQ Somerville, MA",DARK - LIGHTED ROADWAY,CLEAR,DRY,NONE,TRAFFIC CONTROL SIGNAL,NOT AT INTERSECTION,"TWO-WAY, DIVIDED, UNPROTECTED MEDIAN",SINGLE VEHICLE CRASH,COLLISION WITH TREE,ROADWAY,25,0,0,0,0,0,1,0,0,0,0,0,0,0,42.3794,-71.0943,2,2.50174E+14
19066776,22/11/2019 16:39,First Half (4PM - Midnight),"90 UNION SQ Somerville, MA",DARK - LIGHTED ROADWAY,CLEAR,DRY,NONE,TRAFFIC CONTROL SIGNAL,T-INTERSECTION,"TWO-WAY, NOT DIVIDED",ANGLE,COLLISION WITH PEDESTRIAN,ROADWAY,25,1,0,0,0,0,1,1,0,2,2,0,0,1,42.3794,-71.0943,2,2.50174E+14
18028360,13/05/2018 21:52,First Half (4PM - Midnight),"BONNER AV & WASHINGTON ST Somerville, MA",DARK - LIGHTED ROADWAY,CLOUDY,DRY,NONE,STOP SIGNS,FOUR WAY INTERSECTION,"TWO-WAY, NOT DIVIDED",ANGLE,COLLISION WITH MOTOR VEHICLE IN TRAFFIC,ROADWAY,30,0,0,0,0,0,3,0,0,0,0,0,0,1,42.3795,-71.094,2,2.50174E+14
20056876,23/11/2020 11:58,Day Shift (8AM - 4PM),"BONNER AV & WASHINGTON ST Somerville, MA",DAYLIGHT,RAIN,WET,NONE,NO CONTROLS,FOUR WAY INTERSECTION,"TWO-WAY, NOT DIVIDED",SINGLE VEHICLE CRASH,COLLISION WITH CURB,ROADSIDE,25,1,0,0,0,1,1,0,0,0,0,0,0,0,42.3795,-71.094,2,2.50174E+14
19048949,26/08/2019 18:02,First Half (4PM - Midnight),"BONNER AV & WASHINGTON ST Somerville, MA",DAYLIGHT,CLEAR,DRY,NONE,STOP SIGNS,Y-INTERSECTION,"TWO-WAY, NOT DIVIDED",REAR-END,COLLISION WITH MOTOR VEHICLE IN TRAFFIC,ROADWAY,30,0,0,0,0,0,3,0,0,0,0,0,0,0,42.3795,-71.094,2,2.50174E+14
18073102,12/12/2018 12:56,Day Shift (8AM - 4PM),"92 UNION SQ Somerville, MA",DAYLIGHT,CLEAR,DRY,NONE,NO CONTROLS,NOT AT INTERSECTION,"TWO-WAY, NOT DIVIDED",UNKNOWN,COLLISION WITH PEDESTRIAN,UNKNOWN,5,0,0,0,0,0,1,1,0,1,1,0,0,0,42.3794,-71.0943,2,2.50174E+14
21040711,06/08/2021 12:52,Day Shift (8AM - 4PM),"90 UNION SQ Somerville, MA",DAYLIGHT,CLEAR,DRY,NONE,NO CONTROLS,NOT AT INTERSECTION,"TWO-WAY, NOT DIVIDED","SIDESWIPE, SAME DIRECTION",COLLISION WITH MOTOR VEHICLE IN TRAFFIC,ROADWAY,25,0,0,0,0,0,3,0,0,0,0,0,0,0,42.3794,-71.0943,2,2.50174E+14
22029445,26/05/2022 14:09,Day Shift (8AM - 4PM),"WASHINGTON ST & BONNER AVE Somerville, MA",DAYLIGHT,CLEAR,DRY,NONE,STOP SIGNS,Y-INTERSECTION,"TWO-WAY, NOT DIVIDED",ANGLE,COLLISION WITH MOTOR VEHICLE IN TRAFFIC,ROADWAY,25,0,0,0,0,0,3,0,0,0,0,0,0,0,42.3795,-71.094,2,2.50174E+14
22055497,29/09/2022 08:07,Day Shift (8AM - 4PM),"WASHINGTON ST & WEBSTER AV Somerville, MA",DAYLIGHT,CLEAR,DRY,NONE,TRAFFIC CONTROL SIGNAL,FOUR WAY INTERSECTION,"TWO-WAY, NOT DIVIDED","SIDESWIPE, SAME DIRECTION",COLLISION WITH MOTOR VEHICLE IN TRAFFIC,ROADWAY,25,0,0,0,0,0,5,0,0,0,0,0,0,0,42.3796,-71.0964,2,2.50174E+14
20061028,18/12/2020 10:48,Day Shift (8AM - 4PM),"282 SOMERVILLE AV Somerville, MA",DAYLIGHT,CLOUDY,SLUSH,NONE,NO CONTROLS,NOT AT INTERSECTION,"TWO-WAY, NOT DIVIDED",ANGLE,COLLISION WITH PEDESTRIAN,OUTSIDE ROADWAY,25,0,0,0,0,1,1,0,0,0,0,0,0,0,42.3788,-71.0946,2,2.50174E+14
19070266,11/12/2019 17:52,First Half (4PM - Midnight),"282 SOMERVILLE AV Somerville, MA",DARK - LIGHTED ROADWAY,CLOUDY,WET,NONE,TRAFFIC CONTROL SIGNAL,FOUR WAY INTERSECTION,"TWO-WAY, NOT DIVIDED",ANGLE,COLLISION WITH MOTOR VEHICLE IN TRAFFIC,ROADWAY,25,0,0,0,0,1,2,0,0,0,0,0,0,0,42.3788,-71.0946,2,2.50174E+14