Crash Number,Date and Time of Crash,Police Shift,Crash Location,Light Conditions,Weather Conditions,Road Surface,Road Contributing Circumstances,Traffic Control Device Type,Roadway Intersection Type,Trafficway Description,Manner of Collision,First Harmful Event,First Harmful Event Location,Speed Limit,Work Zone,Count Fatal Injury ,Count Suspected Serious Injury,Count Suspected Minor Injury ,Count Possible Injury,Count No Apparent Injury,Count Unknown Injury,Count Not Reported Injury,Total Non-Motorists,Pedestrian Involvement (Non-Motorist),Cyclist Involvement (Non-Motorist),Other Non-Motorist Involvement,Hit and Run Flag,Latitude,Longitude,Ward,Block Code 
21005429,28/01/2021 17:53,First Half (4PM - Midnight),"282 SOMERVILLE AV Somerville, MA",DARK - LIGHTED ROADWAY,CLEAR,OTHER,NONE,TRAFFIC CONTROL SIGNAL,FOUR WAY INTERSECTION,"TWO-WAY, DIVIDED, UNPROTECTED MEDIAN","SIDESWIPE, SAME DIRECTION",COLLISION WITH MOTOR VEHICLE IN TRAFFIC,ROADWAY,25,0,0,0,0,0,4,0,0,0,0,0,0,0,42.3788,-71.0946,2,2.50174E+14
19042900,28/07/2019 18:05,First Half (4PM - Midnight),"282 SOMERVILLE AV Somerville, MA",DAYLIGHT,CLEAR,DRY,NONE,TRAFFIC CONTROL SIGNAL,FOUR WAY INTERSECTION,"TWO-WAY, NOT DIVIDED",REAR-END,COLLISION WITH MOTOR VEHICLE IN TRAFFIC,ROADWAY,30,0,0,0,0,0,2,0,0,0,0,0,0,0,42.3788,-71.0946,2,2.50174E+14
23012533,10/03/2023 17:17,First Half (4PM - Midnight),"2 UNION SQ Somerville, MA",DARK - LIGHTED ROADWAY,CLEAR,DRY,NONE,NO CONTROLS,NOT AT INTERSECTION,"TWO-WAY, NOT DIVIDED",SINGLE VEHICLE CRASH,OTHER,OUTSIDE ROADWAY,25,0,0,0,0,0,1,0,0,0,0,0,0,0,42.3791,-71.0951,2,2.50174E+14
19071335,17/12/2019 10:20,Day Shift (8AM - 4PM),"10 WEBSTER AV Somerville, MA",DAYLIGHT,CLOUDY,SLUSH,ROAD SURFACE CONDITION,NO CONTROLS,NOT AT INTERSECTION,"TWO-WAY, NOT DIVIDED",REAR-END,COLLISION WITH MOTOR VEHICLE IN TRAFFIC,ROADWAY,20,0,0,0,0,0,1,1,0,0,0,0,0,0,42.3792,-71.096,2,2.50174E+14
22069472,09/12/2022 12:09,Day Shift (8AM - 4PM),"2 UNION SQ Somerville, MA",DAYLIGHT,CLEAR,DRY,NONE,NO CONTROLS,NOT AT INTERSECTION,"TWO-WAY, NOT DIVIDED",SINGLE VEHICLE CRASH,OTHER,OUTSIDE ROADWAY,25,0,0,0,0,0,1,0,0,0,0,0,0,0,42.3791,-71.0951,2,2.50174E+14
22008418,18/02/2022 18:10,First Half (4PM - Midnight),"2 UNION SQ Somerville, MA",DARK - LIGHTED ROADWAY,CLEAR,DRY,NONE,NO CONTROLS,NOT AT INTERSECTION,"TWO-WAY, NOT DIVIDED",ANGLE,COLLISION WITH MOTOR VEHICLE IN TRAFFIC,ROADWAY,25,0,0,0,0,0,3,0,0,0,0,0,0,0,42.3791,-71.0951,2,2.50174E+14
19012241,05/03/2019 23:55,First Half (4PM - Midnight),"282 SOMERVILLE AV Somerville, MA",DARK - LIGHTED ROADWAY,CLEAR,DRY,NONE,TRAFFIC CONTROL SIGNAL,FOUR WAY INTERSECTION,"TWO-WAY, NOT DIVIDED",SINGLE VEHICLE CRASH,OTHER,ROADWAY,25,0,0,0,0,1,3,0,0,1,0,1,0,0,42.3788,-71.0946,2,2.50174E+14
21028625,07/06/2021 08:58,Day Shift (8AM - 4PM),"282 SOMERVILLE AV Somerville, MA",DAYLIGHT,CLEAR,DRY,NONE,TRAFFIC CONTROL SIGNAL,FOUR WAY INTERSECTION,"TWO-WAY, NOT DIVIDED",ANGLE,COLLISION WITH PEDALCYCLE,ROADWAY,25,1,0,0,0,1,3,0,0,1,0,1,0,0,42.3788,-71.0946,2,2.50174E+14
18033807,06/06/2018 22:28,First Half (4PM - Midnight),"WASHINGTON ST & WEBSTER AV Somerville, MA",DARK - LIGHTED ROADWAY,CLEAR,DRY,NONE,TRAFFIC CONTROL SIGNAL,FOUR WAY INTERSECTION,"TWO-WAY, NOT DIVIDED",ANGLE,COLLISION WITH MOTOR VEHICLE IN TRAFFIC,ROADWAY,20,0,0,0,0,0,3,0,0,0,0,0,0,0,42.3796,-71.0964,2,2.50174E+14
21012427,10/03/2021 18:13,First Half (4PM - Midnight),"UNION SQ & WASHINGTON ST Somerville, MA",DARK - LIGHTED ROADWAY,CLEAR,DRY,UNKNOWN,TRAFFIC CONTROL SIGNAL,FOUR WAY INTERSECTION,"TWO-WAY, DIVIDED, UNPROTECTED MEDIAN",REAR-END,COLLISION WITH MOTOR VEHICLE IN TRAFFIC,ROADWAY,25,0,0,0,0,0,3,0,0,0,0,0,0,0,42.3796,-71.0964,2,2.50174E+14
18042694,18/07/2018 11:48,Day Shift (8AM - 4PM),"1 UNION SQ Somerville, MA",DAYLIGHT,CLEAR,DRY,NONE,TRAFFIC CONTROL SIGNAL,FIVE-POINT OR MORE,"TWO-WAY, NOT DIVIDED","SIDESWIPE, SAME DIRECTION",COLLISION WITH MOTOR VEHICLE IN TRAFFIC,ROADWAY,25,1,0,0,0,0,1,0,0,0,0,0,0,0,42.3791,-71.0951,2,2.50174E+14
22057042,05/10/2022 19:43,First Half (4PM - Midnight),"WASHINGTON ST & WEBSTER AV Somerville, MA",DARK - LIGHTED ROADWAY,RAIN,WET,NONE,TRAFFIC CONTROL SIGNAL,FOUR WAY INTERSECTION,"TWO-WAY, DIVIDED, POSITIVE MEDIAN BARRIER",SINGLE VEHICLE CRASH,COLLISION WITH PEDESTRIAN,ROADWAY,25,0,0,0,0,0,2,0,0,1,1,0,0,0,42.3796,-71.0964,2,2.50174E+14
20027884,01/06/2020 11:39,Day Shift (8AM - 4PM),"UNION SQAURE & WASHINGTON ST Somerville, MA",DAYLIGHT,CLEAR,DRY,NONE,TRAFFIC CONTROL SIGNAL,T-INTERSECTION,"TWO-WAY, DIVIDED, UNPROTECTED MEDIAN",REAR-END,COLLISION WITH MOTOR VEHICLE IN TRAFFIC,ROADWAY,25,0,0,0,0,0,3,0,0,0,0,0,0,0,42.3796,-71.0964,2,2.50174E+14
21046800,07/09/2021 07:37,Last Half (Midnight - 8AM),"WASHINGTON ST & WEBSTER AV Somerville, MA",DAYLIGHT,CLEAR,DRY,NONE,TRAFFIC CONTROL SIGNAL,FOUR WAY INTERSECTION,"TWO-WAY, NOT DIVIDED",SINGLE VEHICLE CRASH,COLLISION WITH PEDALCYCLE,ROADWAY,25,0,0,0,1,0,2,0,0,1,0,1,0,0,42.3796,-71.0964,2,2.50174E+14
20005250,29/01/2020 18:33,First Half (4PM - Midnight),"16 WEBSTER AV Somerville, MA",DARK - LIGHTED ROADWAY,CLEAR,DRY,NONE,NO CONTROLS,NOT AT INTERSECTION,"TWO-WAY, NOT DIVIDED","SIDESWIPE, SAME DIRECTION",COLLISION WITH PEDALCYCLE,ROADWAY,25,0,0,0,0,1,2,0,0,1,0,1,0,0,42.379,-71.096,2,2.50174E+14
21021868,02/05/2021 17:05,First Half (4PM - Midnight),"282 SOMERVILLE AV Somerville, MA",DAYLIGHT,CLEAR,DRY,NONE,TRAFFIC CONTROL SIGNAL,T-INTERSECTION,"TWO-WAY, DIVIDED, UNPROTECTED MEDIAN",ANGLE,COLLISION WITH MOTOR VEHICLE IN TRAFFIC,OUTSIDE ROADWAY,20,0,0,0,0,0,1,1,0,0,0,0,0,1,42.3788,-71.0946,2,2.50174E+14
19027530,19/05/2019 11:14,Day Shift (8AM - 4PM),"282 SOMERVILLE AVE Somerville, MA",DAYLIGHT,RAIN,WET,"WORN, TRAVEL-POLISHED SURFACE",TRAFFIC CONTROL SIGNAL,T-INTERSECTION,"TWO-WAY, DIVIDED, POSITIVE MEDIAN BARRIER",UNKNOWN,OTHER,ROADWAY,25,0,0,1,0,0,0,0,0,1,0,1,0,1,42.3788,-71.0946,2,2.50174E+14
23007528,10/02/2023 13:46,Day Shift (8AM - 4PM),"WASHINGTON ST & WEBSTER AV Somerville, MA",DAYLIGHT,CLEAR,DRY,UNKNOWN,FLASHING TRAFIC CONTROL SIGNAL,FOUR WAY INTERSECTION,"TWO-WAY, DIVIDED, UNPROTECTED MEDIAN",SINGLE VEHICLE CRASH,COLLISION WITH PEDESTRIAN,ROADWAY,25,0,0,1,0,0,2,0,0,1,1,0,0,0,42.3796,-71.0964,2,2.50174E+14
22063235,04/11/2022 05:32,Last Half (Midnight - 8AM),"19 UNION SQ Somerville, MA",DARK - LIGHTED ROADWAY,"FOG, SMOG, SMOKE",WET,UNKNOWN,UNKNOWN,NOT AT INTERSECTION,UNKNOWN,REAR-END,COLLISION WITH PARKED MOTOR VEHICLE,ROADSIDE,25,0,0,0,0,0,2,1,0,0,0,0,0,0,42.3795,-71.0962,2,2.50174E+14
20009049,17/02/2020 13:47,Day Shift (8AM - 4PM),"35 PROSPECT ST Somerville, MA",DAYLIGHT,CLEAR,DRY,NONE,NO CONTROLS,NOT AT INTERSECTION,"TWO-WAY, NOT DIVIDED",REAR-END,COLLISION WITH MOTOR VEHICLE IN TRAFFIC,ROADWAY,25,0,0,0,0,1,3,0,0,0,0,0,0,0,42.3783,-71.0949,2,2.50174E+14
24015218,18/03/2024 12:58,Day Shift (8AM - 4PM),"35 PROSPECT ST Somerville, MA",DAYLIGHT,CLEAR,DRY,NONE,NO CONTROLS,NOT AT INTERSECTION,"TWO-WAY, NOT DIVIDED",REAR-END,COLLISION WITH MOTOR VEHICLE IN TRAFFIC,ROADWAY,25,0,0,0,0,0,4,0,0,0,0,0,0,0,42.3783,-71.0949,2,2.50174E+14
22058478,12/10/2022 08:52,Day Shift (8AM - 4PM),"51 PROSPECT ST Somerville, MA",DAYLIGHT,CLEAR,DRY,NONE,NO CONTROLS,NOT AT INTERSECTION,"TWO-WAY, NOT DIVIDED","SIDESWIPE, SAME DIRECTION",COLLISION WITH PEDALCYCLE,ROADWAY,25,0,0,0,0,1,2,0,0,1,0,1,0,0,42.378,-71.0954,2,2.50174E+14
21030689,18/06/2021 02:07,Last Half (Midnight - 8AM),"35 PROSPECT ST Somerville, MA",DARK - LIGHTED ROADWAY,CLEAR,DRY,NONE,NO CONTROLS,NOT AT INTERSECTION,"TWO-WAY, DIVIDED, UNPROTECTED MEDIAN",UNKNOWN,COLLISION WITH MOTOR VEHICLE IN TRAFFIC,ROADWAY,25,0,0,0,0,0,0,1,0,0,0,0,0,1,42.3783,-71.0949,2,2.50174E+14
21040121,03/08/2021 16:04,First Half (4PM - Midnight),"35 PROSPECT ST Somerville, MA",DAYLIGHT,CLEAR,DRY,NONE,NO CONTROLS,NOT AT INTERSECTION,"TWO-WAY, DIVIDED, UNPROTECTED MEDIAN",REAR-END,COLLISION WITH MOTOR VEHICLE IN TRAFFIC,ROADWAY,25,0,0,0,0,1,4,0,0,0,0,0,0,0,42.3783,-71.0949,2,2.50174E+14
22001849,13/01/2022 09:54,Day Shift (8AM - 4PM),"CHARLESTOWN ST & LINDEN ST Somerville, MA",DAYLIGHT,CLEAR,"SAND, MUD, DIRT, OIL, GRAVEL",ROAD SURFACE CONDITION,NO CONTROLS,T-INTERSECTION,"TWO-WAY, NOT DIVIDED",REAR-END,COLLISION WITH PARKED MOTOR VEHICLE,ROADWAY,25,0,0,0,0,0,3,0,0,0,0,0,0,0,42.3768,-71.0926,2,2.50174E+14
18048786,16/08/2018 12:13,Day Shift (8AM - 4PM),"180 SOMERVILLE AVE Somerville, MA",DAYLIGHT,CLEAR,DRY,NONE,NO CONTROLS,NOT AT INTERSECTION,"TWO-WAY, NOT DIVIDED",ANGLE,COLLISION WITH MOTOR VEHICLE IN TRAFFIC,ROADWAY,25,0,0,0,0,2,0,0,0,0,0,0,0,0,42.3764,-71.0904,2,2.50174E+14
23022857,27/04/2023 15:39,Day Shift (8AM - 4PM),"220 SOMERVILLE AV Somerville, MA",DAYLIGHT,CLEAR,DRY,NONE,NO CONTROLS,T-INTERSECTION,"TWO-WAY, NOT DIVIDED",ANGLE,COLLISION WITH MOTOR VEHICLE IN TRAFFIC,ROADWAY,25,0,0,0,0,0,2,0,0,0,0,0,0,0,42.378,-71.0916,2,2.50174E+14
19047351,19/08/2019 06:44,Last Half (Midnight - 8AM),"220 SOMERVILLE AV Somerville, MA",DAYLIGHT,CLEAR,DRY,NONE,NO CONTROLS,NOT AT INTERSECTION,UNKNOWN,SINGLE VEHICLE CRASH,COLLISION WITH MEDIAN BARRIER,OUTSIDE ROADWAY,10,0,0,0,0,0,1,0,0,0,0,0,0,0,42.378,-71.0916,2,2.50174E+14
22066289,20/11/2022 14:23,Day Shift (8AM - 4PM),"180 SOMERVILLE AVE Somerville, MA",DAYLIGHT,CLEAR,DRY,NONE,NO CONTROLS,NOT AT INTERSECTION,"TWO-WAY, NOT DIVIDED",ANGLE,COLLISION WITH MOTOR VEHICLE IN TRAFFIC,ROADWAY,20,0,0,0,1,0,2,0,0,0,0,0,0,0,42.3764,-71.0904,2,2.50174E+14
22064096,08/11/2022 11:13,Day Shift (8AM - 4PM),"180 SOMERVILLE AV Somerville, MA",DAYLIGHT,CLEAR,DRY,NONE,NO CONTROLS,NOT AT INTERSECTION,"TWO-WAY, NOT DIVIDED",REAR-END,COLLISION WITH MOTOR VEHICLE IN TRAFFIC,ROADWAY,25,1,0,0,0,0,2,1,0,0,0,0,0,0,42.3764,-71.0904,2,2.50174E+14
22016659,29/03/2022 13:19,Day Shift (8AM - 4PM),"180 SOMERVILLE AV Somerville, MA",DAYLIGHT,CLEAR,DRY,NONE,NO CONTROLS,NOT AT INTERSECTION,"TWO-WAY, NOT DIVIDED",ANGLE,COLLISION WITH PEDALCYCLE,ROADSIDE,25,0,0,0,0,1,2,0,0,1,0,1,0,0,42.3764,-71.0904,2,2.50174E+14
23066361,16/11/2023 07:34,Last Half (Midnight - 8AM),"10 PROSPECT ST Somerville, MA",DAYLIGHT,CLEAR,DRY,NONE,NO CONTROLS,NOT AT INTERSECTION,"TWO-WAY, NOT DIVIDED",ANGLE,COLLISION WITH PEDALCYCLE,ROADWAY,25,0,0,0,0,1,1,0,0,1,0,1,0,0,42.3786,-71.0937,2,2.50174E+14
20060775,17/12/2020 01:05,Last Half (Midnight - 8AM),"180 SOMERVILLE AV Somerville, MA",DARK - LIGHTED ROADWAY,SNOW,SNOW,ROAD SURFACE CONDITION,NO CONTROLS,NOT AT INTERSECTION,"TWO-WAY, NOT DIVIDED",ANGLE,COLLISION WITH PARKED MOTOR VEHICLE,ROADWAY,5,0,0,0,0,0,1,0,0,0,0,0,0,0,42.3764,-71.0904,2,2.50174E+14
18049836,21/08/2018 13:50,Day Shift (8AM - 4PM),"176 SOMERVILLE AV Somerville, MA",DAYLIGHT,CLEAR,DRY,NONE,NO CONTROLS,NOT AT INTERSECTION,"TWO-WAY, NOT DIVIDED",REAR-END,COLLISION WITH MOTOR VEHICLE IN TRAFFIC,ROADWAY,25,0,0,0,0,1,0,0,0,0,0,0,0,1,42.3764,-71.0904,2,2.50174E+14
19067978,29/11/2019 20:31,First Half (4PM - Midnight),"180 SOMERVILLE AV Somerville, MA",DARK - LIGHTED ROADWAY,CLEAR,DRY,NONE,NO CONTROLS,NOT AT INTERSECTION,UNKNOWN,SINGLE VEHICLE CRASH,COLLISION WITH PEDESTRIAN,ROADWAY,10,0,0,0,0,0,4,0,0,1,1,0,0,0,42.3764,-71.0904,2,2.50174E+14
23072748,18/12/2023 14:32,Day Shift (8AM - 4PM),"60 PROSPECT ST Somerville, MA",DAYLIGHT,RAIN,WET,NONE,FLASHING TRAFIC CONTROL SIGNAL,FIVE-POINT OR MORE,"TWO-WAY, DIVIDED, UNPROTECTED MEDIAN","SIDESWIPE, SAME DIRECTION",COLLISION WITH MOTOR VEHICLE IN TRAFFIC,ROADWAY,20,0,0,0,0,0,3,0,0,0,0,0,0,0,42.3775,-71.0949,2,2.50174E+14
24016986,27/03/2024 08:43,Day Shift (8AM - 4PM),"10 PROSPECT ST Somerville, MA",DAYLIGHT,CLOUDY,WET,NONE,NO CONTROLS,NOT AT INTERSECTION,"TWO-WAY, NOT DIVIDED","SIDESWIPE, SAME DIRECTION",COLLISION WITH PEDALCYCLE,ROADWAY,25,0,0,0,0,0,2,0,0,1,0,0,1,0,42.3786,-71.0937,2,2.50174E+14
23007168,08/02/2023 15:25,Day Shift (8AM - 4PM),"230 SOMERVILLE AV Somerville, MA",DAYLIGHT,CLEAR,DRY,NONE,NO CONTROLS,NOT AT INTERSECTION,"TWO-WAY, NOT DIVIDED",UNKNOWN,COLLISION WITH MOTOR VEHICLE IN TRAFFIC,ROADWAY,20,0,0,0,0,0,5,0,0,0,0,0,0,0,42.378,-71.0921,2,2.50174E+14
18060399,10/10/2018 13:13,Day Shift (8AM - 4PM),"238 SOMERVILLE AVE Somerville, MA",DAYLIGHT,CLEAR,DRY,NONE,NO CONTROLS,NOT AT INTERSECTION,"TWO-WAY, NOT DIVIDED",SINGLE VEHICLE CRASH,COLLISION WITH LIGHT POLE OR OTHER POST/SUPPORT,ROADSIDE,30,1,0,0,0,0,3,0,0,0,0,0,0,0,42.3783,-71.0924,2,2.50174E+14
23013571,16/03/2023 10:01,Day Shift (8AM - 4PM),"42 MERRIAM ST Somerville, MA",DAYLIGHT,CLEAR,DRY,NONE,NO CONTROLS,NOT AT INTERSECTION,"ONE-WAY, NOT DIVIDED","SIDESWIPE, SAME DIRECTION",COLLISION WITH PARKED MOTOR VEHICLE,ROADSIDE,25,0,0,0,0,0,3,0,0,0,0,0,0,0,42.3778,-71.0919,2,2.50174E+14
23063444,01/11/2023 20:06,First Half (4PM - Midnight),"26 MERRIAM ST Somerville, MA",DARK - LIGHTED ROADWAY,CLEAR,DRY,NONE,NO CONTROLS,NOT AT INTERSECTION,"ONE-WAY, NOT DIVIDED","SIDESWIPE, OPPOSITE DIRECTION",COLLISION WITH PARKED MOTOR VEHICLE,ROADWAY,25,0,0,0,0,0,3,0,0,0,0,0,0,0,42.3773,-71.0917,2,2.50174E+14
23071707,13/12/2023 22:43,First Half (4PM - Midnight),"30 INNER BELT RD Somerville, MA",DARK - LIGHTED ROADWAY,CLEAR,ICE,ROAD SURFACE CONDITION,NO CONTROLS,NOT AT INTERSECTION,"TWO-WAY, NOT DIVIDED",SINGLE VEHICLE CRASH,COLLISION WITH OTHER MOVABLE OBJECT,OUTSIDE ROADWAY,15,0,0,0,0,0,2,0,0,0,0,0,0,0,42.3794,-71.0794,1,2.50174E+14
18030133,21/05/2018 14:29,Day Shift (8AM - 4PM),"26 INNER BELT RD Somerville, MA",DAYLIGHT,CLEAR,DRY,NONE,NO CONTROLS,NOT AT INTERSECTION,UNKNOWN,ANGLE,COLLISION WITH OTHER MOVABLE OBJECT,ROADWAY,5,0,0,0,0,1,1,0,0,0,0,0,0,0,42.3794,-71.0794,1,2.50174E+14
21006607,05/02/2021 04:18,Last Half (Midnight - 8AM),"30 WASHINGTON ST Somerville, MA",DARK - UNKNOWN ROADWAY LIGHTING,CLEAR,ICE,UNKNOWN,NO CONTROLS,NOT AT INTERSECTION,"TWO-WAY, NOT DIVIDED",SINGLE VEHICLE CRASH,COLLISION WITH TREE,ROADWAY,25,0,0,1,0,0,1,0,0,0,0,0,0,0,42.3813,-71.0821,1,2.50174E+14
20036018,23/07/2020 10:18,Day Shift (8AM - 4PM),"30 WASHINGTON ST Somerville, MA",DAYLIGHT,CLOUDY,DRY,NONE,NO CONTROLS,NOT AT INTERSECTION,"TWO-WAY, NOT DIVIDED","SIDESWIPE, SAME DIRECTION",COLLISION WITH PARKED MOTOR VEHICLE,ROADSIDE,25,0,0,0,0,1,3,0,0,0,0,0,0,0,42.3813,-71.0821,1,2.50174E+14
23015855,26/03/2023 21:23,First Half (4PM - Midnight),"30 WASHINGTON ST Somerville, MA",DARK - LIGHTED ROADWAY,CLEAR,DRY,NONE,TRAFFIC CONTROL SIGNAL,T-INTERSECTION,"TWO-WAY, NOT DIVIDED",REAR-END,COLLISION WITH MOTOR VEHICLE IN TRAFFIC,ROADWAY,25,0,0,0,0,3,0,0,0,0,0,0,0,0,42.3813,-71.0821,1,2.50174E+14
22029468,26/05/2022 17:06,First Half (4PM - Midnight),"30 WASHINGTON ST Somerville, MA",DAYLIGHT,CLEAR,DRY,NONE,TRAFFIC CONTROL SIGNAL,T-INTERSECTION,"TWO-WAY, NOT DIVIDED",REAR-END,COLLISION WITH MOTOR VEHICLE IN TRAFFIC,ROADWAY,25,0,0,0,1,0,2,0,0,0,0,0,0,0,42.3813,-71.0821,1,2.50174E+14
21012892,12/03/2021 20:26,First Half (4PM - Midnight),"NEW WASHINGTON ST & WASHINGTON ST Somerville, MA",DARK - LIGHTED ROADWAY,CLEAR,DRY,NONE,NO CONTROLS,T-INTERSECTION,"TWO-WAY, DIVIDED, UNPROTECTED MEDIAN",REAR-END,COLLISION WITH MOTOR VEHICLE IN TRAFFIC,ROADWAY,25,0,0,0,0,0,2,0,0,0,0,0,0,0,42.3811,-71.087,1,2.50174E+14
21055314,20/10/2021 18:35,First Half (4PM - Midnight),"WASHINGTON AV & WASHINGTON ST Somerville, MA",DARK - LIGHTED ROADWAY,CLEAR,DRY,NONE,TRAFFIC CONTROL SIGNAL,T-INTERSECTION,"TWO-WAY, DIVIDED, UNPROTECTED MEDIAN",REAR-END,COLLISION WITH MOTOR VEHICLE IN TRAFFIC,UNKNOWN,25,0,0,0,1,0,4,0,0,0,0,0,0,0,42.3816,-71.0846,1,2.50174E+14
22034361,18/06/2022 22:58,First Half (4PM - Midnight),"WASHINGTON AV & WASHINGTON ST Somerville, MA",DARK - LIGHTED ROADWAY,CLEAR,DRY,NONE,NO CONTROLS,T-INTERSECTION,"TWO-WAY, NOT DIVIDED",ANGLE,COLLISION WITH MOTOR VEHICLE IN TRAFFIC,ROADWAY,25,0,0,0,0,0,5,0,0,0,0,0,0,0,42.3816,-71.0846,1,2.50174E+14
22012381,09/03/2022 13:25,Day Shift (8AM - 4PM),"NEW WASHINGTON ST & WASHINGTON ST Somerville, MA",DAYLIGHT,CLEAR,DRY,NONE,STOP SIGNS,T-INTERSECTION,"TWO-WAY, NOT DIVIDED",ANGLE,COLLISION WITH MOTOR VEHICLE IN TRAFFIC,ROADWAY,25,0,0,0,0,0,2,0,0,0,0,0,0,0,42.3811,-71.087,1,2.50174E+14
22059206,15/10/2022 17:39,First Half (4PM - Midnight),"PINCKNEY ST & WASHINGTON ST Somerville, MA",DAYLIGHT,CLEAR,DRY,NONE,STOP SIGNS,T-INTERSECTION,"TWO-WAY, NOT DIVIDED",HEAD ON,COLLISION WITH MOTOR VEHICLE IN TRAFFIC,ROADWAY,25,0,0,0,1,0,1,0,0,1,0,1,0,0,42.3819,-71.0824,1,2.50174E+14
21004863,25/01/2021 14:40,Day Shift (8AM - 4PM),"PINCKNEY ST & WASHINGTON ST Somerville, MA",DAYLIGHT,CLEAR,DRY,NONE,NO CONTROLS,T-INTERSECTION,"TWO-WAY, NOT DIVIDED",REAR-END,COLLISION WITH MOTOR VEHICLE IN TRAFFIC,ROADWAY,25,0,0,0,0,0,5,0,0,0,0,0,0,0,42.3819,-71.0824,1,2.50174E+14
22030010,29/05/2022 17:40,First Half (4PM - Midnight),"120 WASHINGTON ST Somerville, MA",DAYLIGHT,CLEAR,DRY,NONE,NO CONTROLS,NOT AT INTERSECTION,"TWO-WAY, NOT DIVIDED",SINGLE VEHICLE CRASH,COLLISION WITH CURB,ROADSIDE,30,0,0,0,0,0,2,0,0,0,0,0,0,0,42.3808,-71.087,1,2.50174E+14
23042850,29/07/2023 21:49,First Half (4PM - Midnight),"120 WASHINGTON ST Somerville, MA",DAWN,RAIN,WET,NONE,STOP SIGNS,UNKNOWN,"TWO-WAY, NOT DIVIDED",SINGLE VEHICLE CRASH,OVERTURN/ROLLOVER,OUTSIDE ROADWAY,20,0,0,0,1,0,0,0,0,0,0,0,0,0,42.3808,-71.087,1,2.50174E+14
23004720,27/01/2023 13:08,Day Shift (8AM - 4PM),"0 NEW WASHINGTON STREET Somerville, MA",DAYLIGHT,CLEAR,DRY,NONE,NO CONTROLS,NOT AT INTERSECTION,"TWO-WAY, NOT DIVIDED",REAR TO REAR,COLLISION WITH MOTOR VEHICLE IN TRAFFIC,ROADWAY,25,0,0,0,0,0,3,0,0,0,0,0,0,0,42.3802,-71.0862,1,2.50174E+14
23041016,21/07/2023 16:18,First Half (4PM - Midnight),"120 WASHINGTON ST Somerville, MA",DAYLIGHT,CLEAR,DRY,NONE,NO CONTROLS,T-INTERSECTION,"TWO-WAY, DIVIDED, UNPROTECTED MEDIAN","SIDESWIPE, SAME DIRECTION",COLLISION WITH MOTOR VEHICLE IN TRAFFIC,ROADWAY,20,0,0,0,0,1,4,0,0,0,0,0,0,0,42.3808,-71.087,1,2.50174E+14
21043920,23/08/2021 10:52,Day Shift (8AM - 4PM),"41 INNER BELT RD Somerville, MA",DAYLIGHT,CLOUDY,DRY,OTHER,NO CONTROLS,NOT AT INTERSECTION,"TWO-WAY, NOT DIVIDED",SINGLE VEHICLE CRASH,COLLISION WITH BRIDGE OVERHEAD STRUCTURE,ROADWAY,25,0,0,0,0,0,2,0,0,0,0,0,0,0,42.379,-71.0817,1,2.50174E+14
20037504,02/08/2020 02:16,Last Half (Midnight - 8AM),"59 INNERBELT ROAD Somerville, MA",DARK - LIGHTED ROADWAY,CLEAR,DRY,NONE,NO CONTROLS,NOT AT INTERSECTION,UNKNOWN,ANGLE,COLLISION WITH PARKED MOTOR VEHICLE,ROADWAY,5,0,0,0,0,0,3,1,0,0,0,0,0,0,42.3782,-71.0816,1,2.50174E+14
23028955,25/05/2023 19:33,First Half (4PM - Midnight),"50 INNER BELT RD Somerville, MA",DAYLIGHT,CLEAR,DRY,NONE,NO CONTROLS,NOT AT INTERSECTION,"TWO-WAY, NOT DIVIDED","SIDESWIPE, SAME DIRECTION",COLLISION WITH PARKED MOTOR VEHICLE,ROADWAY,25,0,0,0,0,0,3,0,0,0,0,0,0,0,42.378,-71.0803,1,2.50174E+14
19010247,24/02/2019 15:14,Day Shift (8AM - 4PM),"200 INNER BELT RD Somerville, MA",DAYLIGHT,CLEAR,WET,NONE,NO CONTROLS,NOT AT INTERSECTION,"TWO-WAY, NOT DIVIDED",SINGLE VEHICLE CRASH,COLLISION WITH TREE,OUTSIDE ROADWAY,25,0,0,0,0,0,3,0,0,0,0,0,0,0,42.3779,-71.0845,1,2.50174E+14
19022684,25/04/2019 10:39,Day Shift (8AM - 4PM),"121 INNER BELT RD Somerville, MA",DAYLIGHT,CLEAR,DRY,NONE,NO CONTROLS,NOT AT INTERSECTION,"TWO-WAY, NOT DIVIDED","SIDESWIPE, OPPOSITE DIRECTION",COLLISION WITH PARKED MOTOR VEHICLE,ROADWAY,25,0,0,0,0,1,3,0,0,0,0,0,0,0,42.3768,-71.0821,1,2.50174E+14